Analysis & Synthesis report for riscv_aes_advancements
Sat Oct  3 19:25:21 2026
Quartus Prime Version 23.1std.1 Build 993 05/14/2024 SC Lite Edition


---------------------
; Table of Contents ;
---------------------
  1. Legal Notice
  2. Analysis & Synthesis Summary
  3. Analysis & Synthesis Settings
  4. Parallel Compilation
  5. Analysis & Synthesis Source Files Read
  6. Analysis & Synthesis Resource Usage Summary
  7. Analysis & Synthesis Resource Utilization by Entity
  8. Analysis & Synthesis IP Cores Summary
  9. State Machine - |riscv_aes_advancements|mem_stage:u_mem_stage|canfd_secoc_mmio:u_canfd_secoc_mmio|state_reg
 10. Registers Protected by Synthesis
 11. Registers Removed During Synthesis
 12. Removed Registers Triggering Further Register Optimizations
 13. General Register Statistics
 14. Inverted Register Statistics
 15. Multiplexer Restructuring Statistics (Restructuring Performed)
 16. Source assignments for mem_stage:u_mem_stage|aes_mmio:u_aes_mmio|aes128_lowpower:u_aes128_lowpower|AES128_updated_new:u_reusable_aes
 17. Source assignments for mem_stage:u_mem_stage|aes_mmio:u_aes_mmio|aes128_lowpower:u_aes128_lowpower|AES128_updated_new:u_reusable_aes|AES_SBOX_SEQ:u_sbox
 18. Source assignments for mem_stage:u_mem_stage|aes_mmio:u_aes_mmio|aes128_lowpower:u_aes128_lowpower|AES128_updated_new:u_reusable_aes|AES_MIXCOL_SEQ:u_mix
 19. Source assignments for mem_stage:u_mem_stage|aes_mmio:u_aes_mmio|aes128_lowpower:u_aes128_lowpower|AES128_updated_new:u_reusable_aes|AES_KEYEXP_SEQ:u_key
 20. Source assignments for mem_stage:u_mem_stage|canfd_secoc_mmio:u_canfd_secoc_mmio|aes128_lowpower:u_secoc_aes|AES128_updated_new:u_reusable_aes
 21. Source assignments for mem_stage:u_mem_stage|canfd_secoc_mmio:u_canfd_secoc_mmio|aes128_lowpower:u_secoc_aes|AES128_updated_new:u_reusable_aes|AES_SBOX_SEQ:u_sbox
 22. Source assignments for mem_stage:u_mem_stage|canfd_secoc_mmio:u_canfd_secoc_mmio|aes128_lowpower:u_secoc_aes|AES128_updated_new:u_reusable_aes|AES_MIXCOL_SEQ:u_mix
 23. Source assignments for mem_stage:u_mem_stage|canfd_secoc_mmio:u_canfd_secoc_mmio|aes128_lowpower:u_secoc_aes|AES128_updated_new:u_reusable_aes|AES_KEYEXP_SEQ:u_key
 24. Parameter Settings for User Entity Instance: mem_stage:u_mem_stage|canfd_secoc_mmio:u_canfd_secoc_mmio
 25. Port Connectivity Checks: "mem_stage:u_mem_stage|power_mgmt_mmio:u_power_mgmt_mmio"
 26. Port Connectivity Checks: "mem_stage:u_mem_stage|canfd_secoc_mmio:u_canfd_secoc_mmio|aes128_lowpower:u_secoc_aes"
 27. Port Connectivity Checks: "mem_stage:u_mem_stage|canfd_secoc_mmio:u_canfd_secoc_mmio"
 28. Port Connectivity Checks: "mem_stage:u_mem_stage|dma_lite:u_dma_lite"
 29. Port Connectivity Checks: "mem_stage:u_mem_stage|simple_intc:u_simple_intc"
 30. Port Connectivity Checks: "mem_stage:u_mem_stage|uart_mmio:u_uart_mmio"
 31. Port Connectivity Checks: "mem_stage:u_mem_stage|sensor_spi_mmio:u_sensor_spi_mmio|sensor_spi_ip:u_sensor_spi_ip"
 32. Post-Synthesis Netlist Statistics for Top Partition
 33. Elapsed Time Per Partition
 34. Analysis & Synthesis Messages
 35. Analysis & Synthesis Suppressed Messages



----------------
; Legal Notice ;
----------------
Copyright (C) 2024  Intel Corporation. All rights reserved.
Your use of Intel Corporation's design tools, logic functions 
and other software and tools, and any partner logic 
functions, and any output files from any of the foregoing 
(including device programming or simulation files), and any 
associated documentation or information are expressly subject 
to the terms and conditions of the Intel Program License 
Subscription Agreement, the Intel Quartus Prime License Agreement,
the Intel FPGA IP License Agreement, or other applicable license
agreement, including, without limitation, that your use is for
the sole purpose of programming logic devices manufactured by
Intel and sold by Intel or its authorized distributors.  Please
refer to the applicable agreement for further details, at
https://fpgasoftware.intel.com/eula.



+----------------------------------------------------------------------------------+
; Analysis & Synthesis Summary                                                     ;
+---------------------------------+------------------------------------------------+
; Analysis & Synthesis Status     ; Successful - Sat Oct  3 19:25:20 2026          ;
; Quartus Prime Version           ; 23.1std.1 Build 993 05/14/2024 SC Lite Edition ;
; Revision Name                   ; riscv_aes_advancements                         ;
; Top-level Entity Name           ; riscv_aes_advancements                         ;
; Family                          ; Cyclone V                                      ;
; Logic utilization (in ALMs)     ; N/A                                            ;
; Total registers                 ; 20996                                          ;
; Total pins                      ; 107                                            ;
; Total virtual pins              ; 0                                              ;
; Total block memory bits         ; 0                                              ;
; Total DSP Blocks                ; 0                                              ;
; Total HSSI RX PCSs              ; 0                                              ;
; Total HSSI PMA RX Deserializers ; 0                                              ;
; Total HSSI TX PCSs              ; 0                                              ;
; Total HSSI PMA TX Serializers   ; 0                                              ;
; Total PLLs                      ; 0                                              ;
; Total DLLs                      ; 0                                              ;
+---------------------------------+------------------------------------------------+


+-----------------------------------------------------------------------------------------------------------------------------------+
; Analysis & Synthesis Settings                                                                                                     ;
+---------------------------------------------------------------------------------+------------------------+------------------------+
; Option                                                                          ; Setting                ; Default Value          ;
+---------------------------------------------------------------------------------+------------------------+------------------------+
; Device                                                                          ; 5CGXFC7C7F23C8         ;                        ;
; Top-level entity name                                                           ; riscv_aes_advancements ; riscv_aes_advancements ;
; Family name                                                                     ; Cyclone V              ; Cyclone V              ;
; Maximum processors allowed for parallel compilation                             ; 2                      ;                        ;
; Use smart compilation                                                           ; Off                    ; Off                    ;
; Enable parallel Assembler and Timing Analyzer during compilation                ; On                     ; On                     ;
; Enable compact report table                                                     ; Off                    ; Off                    ;
; Restructure Multiplexers                                                        ; Auto                   ; Auto                   ;
; MLAB Add Timing Constraints For Mixed-Port Feed-Through Mode Setting Don't Care ; Off                    ; Off                    ;
; Create Debugging Nodes for IP Cores                                             ; Off                    ; Off                    ;
; Preserve fewer node names                                                       ; On                     ; On                     ;
; Intel FPGA IP Evaluation Mode                                                   ; Enable                 ; Enable                 ;
; Verilog Version                                                                 ; Verilog_2001           ; Verilog_2001           ;
; VHDL Version                                                                    ; VHDL_1993              ; VHDL_1993              ;
; State Machine Processing                                                        ; Auto                   ; Auto                   ;
; Safe State Machine                                                              ; Off                    ; Off                    ;
; Extract Verilog State Machines                                                  ; On                     ; On                     ;
; Extract VHDL State Machines                                                     ; On                     ; On                     ;
; Ignore Verilog initial constructs                                               ; Off                    ; Off                    ;
; Iteration limit for constant Verilog loops                                      ; 5000                   ; 5000                   ;
; Iteration limit for non-constant Verilog loops                                  ; 250                    ; 250                    ;
; Add Pass-Through Logic to Inferred RAMs                                         ; On                     ; On                     ;
; Infer RAMs from Raw Logic                                                       ; On                     ; On                     ;
; Parallel Synthesis                                                              ; On                     ; On                     ;
; DSP Block Balancing                                                             ; Auto                   ; Auto                   ;
; NOT Gate Push-Back                                                              ; On                     ; On                     ;
; Power-Up Don't Care                                                             ; On                     ; On                     ;
; Remove Redundant Logic Cells                                                    ; Off                    ; Off                    ;
; Remove Duplicate Registers                                                      ; On                     ; On                     ;
; Ignore CARRY Buffers                                                            ; Off                    ; Off                    ;
; Ignore CASCADE Buffers                                                          ; Off                    ; Off                    ;
; Ignore GLOBAL Buffers                                                           ; Off                    ; Off                    ;
; Ignore ROW GLOBAL Buffers                                                       ; Off                    ; Off                    ;
; Ignore LCELL Buffers                                                            ; Off                    ; Off                    ;
; Ignore SOFT Buffers                                                             ; On                     ; On                     ;
; Limit AHDL Integers to 32 Bits                                                  ; Off                    ; Off                    ;
; Optimization Technique                                                          ; Balanced               ; Balanced               ;
; Carry Chain Length                                                              ; 70                     ; 70                     ;
; Auto Carry Chains                                                               ; On                     ; On                     ;
; Auto Open-Drain Pins                                                            ; On                     ; On                     ;
; Perform WYSIWYG Primitive Resynthesis                                           ; Off                    ; Off                    ;
; Auto ROM Replacement                                                            ; On                     ; On                     ;
; Auto RAM Replacement                                                            ; On                     ; On                     ;
; Auto DSP Block Replacement                                                      ; On                     ; On                     ;
; Auto Shift Register Replacement                                                 ; Auto                   ; Auto                   ;
; Allow Shift Register Merging across Hierarchies                                 ; Auto                   ; Auto                   ;
; Auto Clock Enable Replacement                                                   ; On                     ; On                     ;
; Strict RAM Replacement                                                          ; Off                    ; Off                    ;
; Allow Synchronous Control Signals                                               ; On                     ; On                     ;
; Force Use of Synchronous Clear Signals                                          ; Off                    ; Off                    ;
; Auto Resource Sharing                                                           ; Off                    ; Off                    ;
; Allow Any RAM Size For Recognition                                              ; Off                    ; Off                    ;
; Allow Any ROM Size For Recognition                                              ; Off                    ; Off                    ;
; Allow Any Shift Register Size For Recognition                                   ; Off                    ; Off                    ;
; Use LogicLock Constraints during Resource Balancing                             ; On                     ; On                     ;
; Ignore translate_off and synthesis_off directives                               ; Off                    ; Off                    ;
; Timing-Driven Synthesis                                                         ; On                     ; On                     ;
; Report Parameter Settings                                                       ; On                     ; On                     ;
; Report Source Assignments                                                       ; On                     ; On                     ;
; Report Connectivity Checks                                                      ; On                     ; On                     ;
; Ignore Maximum Fan-Out Assignments                                              ; Off                    ; Off                    ;
; Synchronization Register Chain Length                                           ; 3                      ; 3                      ;
; Power Optimization During Synthesis                                             ; Normal compilation     ; Normal compilation     ;
; HDL message level                                                               ; Level2                 ; Level2                 ;
; Suppress Register Optimization Related Messages                                 ; Off                    ; Off                    ;
; Number of Removed Registers Reported in Synthesis Report                        ; 5000                   ; 5000                   ;
; Number of Swept Nodes Reported in Synthesis Report                              ; 5000                   ; 5000                   ;
; Number of Inverted Registers Reported in Synthesis Report                       ; 100                    ; 100                    ;
; Clock MUX Protection                                                            ; On                     ; On                     ;
; Auto Gated Clock Conversion                                                     ; Off                    ; Off                    ;
; Block Design Naming                                                             ; Auto                   ; Auto                   ;
; SDC constraint protection                                                       ; Off                    ; Off                    ;
; Synthesis Effort                                                                ; Auto                   ; Auto                   ;
; Shift Register Replacement - Allow Asynchronous Clear Signal                    ; On                     ; On                     ;
; Pre-Mapping Resynthesis Optimization                                            ; Off                    ; Off                    ;
; Analysis & Synthesis Message Level                                              ; Medium                 ; Medium                 ;
; Disable Register Merging Across Hierarchies                                     ; Auto                   ; Auto                   ;
; Resource Aware Inference For Block RAM                                          ; On                     ; On                     ;
; Automatic Parallel Synthesis                                                    ; On                     ; On                     ;
; Partial Reconfiguration Bitstream ID                                            ; Off                    ; Off                    ;
+---------------------------------------------------------------------------------+------------------------+------------------------+


+------------------------------------------+
; Parallel Compilation                     ;
+----------------------------+-------------+
; Processors                 ; Number      ;
+----------------------------+-------------+
; Number detected on machine ; 4           ;
; Maximum allowed            ; 2           ;
;                            ;             ;
; Average used               ; 1.28        ;
; Maximum used               ; 2           ;
;                            ;             ;
; Usage by Processor         ; % Time Used ;
;     Processor 1            ; 100.0%      ;
;     Processor 2            ;  28.1%      ;
+----------------------------+-------------+


+----------------------------------------------------------------------------------------------------------------------------------------------------------------------------------------------------------------------------------------------------------------------------------------------------+
; Analysis & Synthesis Source Files Read                                                                                                                                                                                                                                                             ;
+--------------------------------------------------+-----------------+------------------------------+--------------------------------------------------------------------------------------------------------------------------------------------------------------------------------+---------------+
; File Name with User-Entered Path                 ; Used in Netlist ; File Type                    ; File Name with Absolute Path                                                                                                                                                   ; Library       ;
+--------------------------------------------------+-----------------+------------------------------+--------------------------------------------------------------------------------------------------------------------------------------------------------------------------------+---------------+
; ../../RTL/Top/riscv_aes_advancements.sv          ; yes             ; User SystemVerilog HDL File  ; D:/mtech/sem 4/midesm presetation/riscv_aes_advancements/risc_aes_custom_ISA/journal_report_can_ids/github_full_validation_20261003/RTL/Top/riscv_aes_advancements.sv          ;               ;
; ../../RTL/CPU/pc_reg.sv                          ; yes             ; User SystemVerilog HDL File  ; D:/mtech/sem 4/midesm presetation/riscv_aes_advancements/risc_aes_custom_ISA/journal_report_can_ids/github_full_validation_20261003/RTL/CPU/pc_reg.sv                          ;               ;
; ../../RTL/CPU/if_stage.sv                        ; yes             ; User SystemVerilog HDL File  ; D:/mtech/sem 4/midesm presetation/riscv_aes_advancements/risc_aes_custom_ISA/journal_report_can_ids/github_full_validation_20261003/RTL/CPU/if_stage.sv                        ;               ;
; ../../RTL/CPU/instr_mem.sv                       ; yes             ; User SystemVerilog HDL File  ; D:/mtech/sem 4/midesm presetation/riscv_aes_advancements/risc_aes_custom_ISA/journal_report_can_ids/github_full_validation_20261003/RTL/CPU/instr_mem.sv                       ;               ;
; ../../RTL/CPU/id_stage.sv                        ; yes             ; User SystemVerilog HDL File  ; D:/mtech/sem 4/midesm presetation/riscv_aes_advancements/risc_aes_custom_ISA/journal_report_can_ids/github_full_validation_20261003/RTL/CPU/id_stage.sv                        ;               ;
; ../../RTL/CPU/reg_file.sv                        ; yes             ; User SystemVerilog HDL File  ; D:/mtech/sem 4/midesm presetation/riscv_aes_advancements/risc_aes_custom_ISA/journal_report_can_ids/github_full_validation_20261003/RTL/CPU/reg_file.sv                        ;               ;
; ../../RTL/CPU/imm_gen.sv                         ; yes             ; User SystemVerilog HDL File  ; D:/mtech/sem 4/midesm presetation/riscv_aes_advancements/risc_aes_custom_ISA/journal_report_can_ids/github_full_validation_20261003/RTL/CPU/imm_gen.sv                         ;               ;
; ../../RTL/CPU/control_unit.sv                    ; yes             ; User SystemVerilog HDL File  ; D:/mtech/sem 4/midesm presetation/riscv_aes_advancements/risc_aes_custom_ISA/journal_report_can_ids/github_full_validation_20261003/RTL/CPU/control_unit.sv                    ;               ;
; ../../RTL/CPU/hazard_unit.sv                     ; yes             ; User SystemVerilog HDL File  ; D:/mtech/sem 4/midesm presetation/riscv_aes_advancements/risc_aes_custom_ISA/journal_report_can_ids/github_full_validation_20261003/RTL/CPU/hazard_unit.sv                     ;               ;
; ../../RTL/CPU/forwarding_unit.sv                 ; yes             ; User SystemVerilog HDL File  ; D:/mtech/sem 4/midesm presetation/riscv_aes_advancements/risc_aes_custom_ISA/journal_report_can_ids/github_full_validation_20261003/RTL/CPU/forwarding_unit.sv                 ;               ;
; ../../RTL/CPU/ex_stage.sv                        ; yes             ; User SystemVerilog HDL File  ; D:/mtech/sem 4/midesm presetation/riscv_aes_advancements/risc_aes_custom_ISA/journal_report_can_ids/github_full_validation_20261003/RTL/CPU/ex_stage.sv                        ;               ;
; ../../RTL/CPU/alu.sv                             ; yes             ; User SystemVerilog HDL File  ; D:/mtech/sem 4/midesm presetation/riscv_aes_advancements/risc_aes_custom_ISA/journal_report_can_ids/github_full_validation_20261003/RTL/CPU/alu.sv                             ;               ;
; ../../RTL/CPU/mem_stage.sv                       ; yes             ; User SystemVerilog HDL File  ; D:/mtech/sem 4/midesm presetation/riscv_aes_advancements/risc_aes_custom_ISA/journal_report_can_ids/github_full_validation_20261003/RTL/CPU/mem_stage.sv                       ;               ;
; ../../RTL/CPU/load_store_unit.sv                 ; yes             ; User SystemVerilog HDL File  ; D:/mtech/sem 4/midesm presetation/riscv_aes_advancements/risc_aes_custom_ISA/journal_report_can_ids/github_full_validation_20261003/RTL/CPU/load_store_unit.sv                 ;               ;
; ../../RTL/CPU/data_mem.sv                        ; yes             ; User SystemVerilog HDL File  ; D:/mtech/sem 4/midesm presetation/riscv_aes_advancements/risc_aes_custom_ISA/journal_report_can_ids/github_full_validation_20261003/RTL/CPU/data_mem.sv                        ;               ;
; ../../RTL/AES/aes_mmio.sv                        ; yes             ; User SystemVerilog HDL File  ; D:/mtech/sem 4/midesm presetation/riscv_aes_advancements/risc_aes_custom_ISA/journal_report_can_ids/github_full_validation_20261003/RTL/AES/aes_mmio.sv                        ;               ;
; ../../RTL/AES/Reusable/00_aes128_top.sv          ; yes             ; User SystemVerilog HDL File  ; D:/mtech/sem 4/midesm presetation/riscv_aes_advancements/risc_aes_custom_ISA/journal_report_can_ids/github_full_validation_20261003/RTL/AES/Reusable/00_aes128_top.sv          ;               ;
; ../../RTL/AES/Reusable/01_aes_sbox_rom.sv        ; yes             ; User SystemVerilog HDL File  ; D:/mtech/sem 4/midesm presetation/riscv_aes_advancements/risc_aes_custom_ISA/journal_report_can_ids/github_full_validation_20261003/RTL/AES/Reusable/01_aes_sbox_rom.sv        ;               ;
; ../../RTL/AES/Reusable/02_aes_sbox_seq.sv        ; yes             ; User SystemVerilog HDL File  ; D:/mtech/sem 4/midesm presetation/riscv_aes_advancements/risc_aes_custom_ISA/journal_report_can_ids/github_full_validation_20261003/RTL/AES/Reusable/02_aes_sbox_seq.sv        ;               ;
; ../../RTL/AES/Reusable/03_aes_mix_columns_seq.sv ; yes             ; User SystemVerilog HDL File  ; D:/mtech/sem 4/midesm presetation/riscv_aes_advancements/risc_aes_custom_ISA/journal_report_can_ids/github_full_validation_20261003/RTL/AES/Reusable/03_aes_mix_columns_seq.sv ;               ;
; ../../RTL/AES/Reusable/04_aes_key_expand_seq.sv  ; yes             ; User SystemVerilog HDL File  ; D:/mtech/sem 4/midesm presetation/riscv_aes_advancements/risc_aes_custom_ISA/journal_report_can_ids/github_full_validation_20261003/RTL/AES/Reusable/04_aes_key_expand_seq.sv  ;               ;
; ../../RTL/AES/aes128_lowpower.sv                 ; yes             ; User SystemVerilog HDL File  ; D:/mtech/sem 4/midesm presetation/riscv_aes_advancements/risc_aes_custom_ISA/journal_report_can_ids/github_full_validation_20261003/RTL/AES/aes128_lowpower.sv                 ;               ;
; ../../RTL/Peripherals/uart_tx.sv                 ; yes             ; User SystemVerilog HDL File  ; D:/mtech/sem 4/midesm presetation/riscv_aes_advancements/risc_aes_custom_ISA/journal_report_can_ids/github_full_validation_20261003/RTL/Peripherals/uart_tx.sv                 ;               ;
; ../../RTL/Peripherals/uart_mmio.sv               ; yes             ; User SystemVerilog HDL File  ; D:/mtech/sem 4/midesm presetation/riscv_aes_advancements/risc_aes_custom_ISA/journal_report_can_ids/github_full_validation_20261003/RTL/Peripherals/uart_mmio.sv               ;               ;
; ../../RTL/Peripherals/sensor_spi_mmio.sv         ; yes             ; User SystemVerilog HDL File  ; D:/mtech/sem 4/midesm presetation/riscv_aes_advancements/risc_aes_custom_ISA/journal_report_can_ids/github_full_validation_20261003/RTL/Peripherals/sensor_spi_mmio.sv         ;               ;
; ../../RTL/Peripherals/simple_intc.sv             ; yes             ; User SystemVerilog HDL File  ; D:/mtech/sem 4/midesm presetation/riscv_aes_advancements/risc_aes_custom_ISA/journal_report_can_ids/github_full_validation_20261003/RTL/Peripherals/simple_intc.sv             ;               ;
; ../../RTL/Peripherals/dma_lite.sv                ; yes             ; User SystemVerilog HDL File  ; D:/mtech/sem 4/midesm presetation/riscv_aes_advancements/risc_aes_custom_ISA/journal_report_can_ids/github_full_validation_20261003/RTL/Peripherals/dma_lite.sv                ;               ;
; ../../RTL/CAN/canfd_secoc_mmio.sv                ; yes             ; User SystemVerilog HDL File  ; D:/mtech/sem 4/midesm presetation/riscv_aes_advancements/risc_aes_custom_ISA/journal_report_can_ids/github_full_validation_20261003/RTL/CAN/canfd_secoc_mmio.sv                ;               ;
; ../../RTL/CAN/can_ids_mmio.sv                    ; yes             ; User SystemVerilog HDL File  ; D:/mtech/sem 4/midesm presetation/riscv_aes_advancements/risc_aes_custom_ISA/journal_report_can_ids/github_full_validation_20261003/RTL/CAN/can_ids_mmio.sv                    ;               ;
; ../../RTL/Peripherals/power_mgmt_mmio.sv         ; yes             ; User SystemVerilog HDL File  ; D:/mtech/sem 4/midesm presetation/riscv_aes_advancements/risc_aes_custom_ISA/journal_report_can_ids/github_full_validation_20261003/RTL/Peripherals/power_mgmt_mmio.sv         ;               ;
; ../../RTL/CPU/wb_stage.sv                        ; yes             ; User SystemVerilog HDL File  ; D:/mtech/sem 4/midesm presetation/riscv_aes_advancements/risc_aes_custom_ISA/journal_report_can_ids/github_full_validation_20261003/RTL/CPU/wb_stage.sv                        ;               ;
; ../../IP/sensor_spi_ip/sensor_spi_ip.v           ; yes             ; User Verilog HDL File        ; D:/mtech/sem 4/midesm presetation/riscv_aes_advancements/risc_aes_custom_ISA/journal_report_can_ids/github_full_validation_20261003/IP/sensor_spi_ip/sensor_spi_ip.v           ; sensor_spi_ip ;
+--------------------------------------------------+-----------------+------------------------------+--------------------------------------------------------------------------------------------------------------------------------------------------------------------------------+---------------+


+-----------------------------------------------------------+
; Analysis & Synthesis Resource Usage Summary               ;
+---------------------------------------------+-------------+
; Resource                                    ; Usage       ;
+---------------------------------------------+-------------+
; Estimate of Logic utilization (ALMs needed) ; 20946       ;
;                                             ;             ;
; Combinational ALUT usage for logic          ; 22358       ;
;     -- 7 input functions                    ; 181         ;
;     -- 6 input functions                    ; 10382       ;
;     -- 5 input functions                    ; 1248        ;
;     -- 4 input functions                    ; 4418        ;
;     -- <=3 input functions                  ; 6129        ;
;                                             ;             ;
; Dedicated logic registers                   ; 20996       ;
;                                             ;             ;
; I/O pins                                    ; 107         ;
;                                             ;             ;
; Total DSP Blocks                            ; 0           ;
;                                             ;             ;
; Maximum fan-out node                        ; rst_n~input ;
; Maximum fan-out                             ; 21267       ;
; Total fan-out                               ; 202791      ;
; Average fan-out                             ; 4.65        ;
+---------------------------------------------+-------------+


+------------------------------------------------------------------------------------------------------------------------------------------------------------------------------------------------------------------------------------------------------------------------------------------------------------------------------------------------------------------------------------------+
; Analysis & Synthesis Resource Utilization by Entity                                                                                                                                                                                                                                                                                                                                      ;
+-------------------------------------------------+---------------------+---------------------------+-------------------+------------+------+--------------+--------------------------------------------------------------------------------------------------------------------------------------------------------------------------------------+------------------------+---------------+
; Compilation Hierarchy Node                      ; Combinational ALUTs ; Dedicated Logic Registers ; Block Memory Bits ; DSP Blocks ; Pins ; Virtual Pins ; Full Hierarchy Name                                                                                                                                                                  ; Entity Name            ; Library Name  ;
+-------------------------------------------------+---------------------+---------------------------+-------------------+------------+------+--------------+--------------------------------------------------------------------------------------------------------------------------------------------------------------------------------------+------------------------+---------------+
; |riscv_aes_advancements                         ; 22358 (314)         ; 20996 (303)               ; 0                 ; 0          ; 107  ; 0            ; |riscv_aes_advancements                                                                                                                                                              ; riscv_aes_advancements ; work          ;
;    |ex_stage:u_ex_stage|                        ; 754 (360)           ; 0 (0)                     ; 0                 ; 0          ; 0    ; 0            ; |riscv_aes_advancements|ex_stage:u_ex_stage                                                                                                                                          ; ex_stage               ; work          ;
;       |alu:u_alu|                               ; 394 (394)           ; 0 (0)                     ; 0                 ; 0          ; 0    ; 0            ; |riscv_aes_advancements|ex_stage:u_ex_stage|alu:u_alu                                                                                                                                ; alu                    ; work          ;
;    |forwarding_unit:u_forwarding_unit|          ; 14 (14)             ; 0 (0)                     ; 0                 ; 0          ; 0    ; 0            ; |riscv_aes_advancements|forwarding_unit:u_forwarding_unit                                                                                                                            ; forwarding_unit        ; work          ;
;    |hazard_unit:u_hazard_unit|                  ; 5 (5)               ; 0 (0)                     ; 0                 ; 0          ; 0    ; 0            ; |riscv_aes_advancements|hazard_unit:u_hazard_unit                                                                                                                                    ; hazard_unit            ; work          ;
;    |id_stage:u_id_stage|                        ; 27 (0)              ; 480 (0)                   ; 0                 ; 0          ; 0    ; 0            ; |riscv_aes_advancements|id_stage:u_id_stage                                                                                                                                          ; id_stage               ; work          ;
;       |control_unit:u_control_unit|             ; 5 (5)               ; 0 (0)                     ; 0                 ; 0          ; 0    ; 0            ; |riscv_aes_advancements|id_stage:u_id_stage|control_unit:u_control_unit                                                                                                              ; control_unit           ; work          ;
;       |reg_file:u_reg_file|                     ; 22 (22)             ; 480 (480)                 ; 0                 ; 0          ; 0    ; 0            ; |riscv_aes_advancements|id_stage:u_id_stage|reg_file:u_reg_file                                                                                                                      ; reg_file               ; work          ;
;    |if_stage:u_if_stage|                        ; 12 (0)              ; 0 (0)                     ; 0                 ; 0          ; 0    ; 0            ; |riscv_aes_advancements|if_stage:u_if_stage                                                                                                                                          ; if_stage               ; work          ;
;       |instr_mem:u_instr_mem|                   ; 12 (12)             ; 0 (0)                     ; 0                 ; 0          ; 0    ; 0            ; |riscv_aes_advancements|if_stage:u_if_stage|instr_mem:u_instr_mem                                                                                                                    ; instr_mem              ; work          ;
;    |mem_stage:u_mem_stage|                      ; 21199 (4522)        ; 20181 (0)                 ; 0                 ; 0          ; 0    ; 0            ; |riscv_aes_advancements|mem_stage:u_mem_stage                                                                                                                                        ; mem_stage              ; work          ;
;       |aes_mmio:u_aes_mmio|                     ; 1537 (558)          ; 1573 (780)                ; 0                 ; 0          ; 0    ; 0            ; |riscv_aes_advancements|mem_stage:u_mem_stage|aes_mmio:u_aes_mmio                                                                                                                    ; aes_mmio               ; work          ;
;          |aes128_lowpower:u_aes128_lowpower|    ; 979 (1)             ; 793 (0)                   ; 0                 ; 0          ; 0    ; 0            ; |riscv_aes_advancements|mem_stage:u_mem_stage|aes_mmio:u_aes_mmio|aes128_lowpower:u_aes128_lowpower                                                                                  ; aes128_lowpower        ; work          ;
;             |AES128_updated_new:u_reusable_aes| ; 978 (535)           ; 793 (397)                 ; 0                 ; 0          ; 0    ; 0            ; |riscv_aes_advancements|mem_stage:u_mem_stage|aes_mmio:u_aes_mmio|aes128_lowpower:u_aes128_lowpower|AES128_updated_new:u_reusable_aes                                                ; AES128_updated_new     ; work          ;
;                |AES_KEYEXP_SEQ:u_key|           ; 265 (129)           ; 130 (130)                 ; 0                 ; 0          ; 0    ; 0            ; |riscv_aes_advancements|mem_stage:u_mem_stage|aes_mmio:u_aes_mmio|aes128_lowpower:u_aes128_lowpower|AES128_updated_new:u_reusable_aes|AES_KEYEXP_SEQ:u_key                           ; AES_KEYEXP_SEQ         ; work          ;
;                   |AES_SBOX_ROM:s0|             ; 40 (40)             ; 0 (0)                     ; 0                 ; 0          ; 0    ; 0            ; |riscv_aes_advancements|mem_stage:u_mem_stage|aes_mmio:u_aes_mmio|aes128_lowpower:u_aes128_lowpower|AES128_updated_new:u_reusable_aes|AES_KEYEXP_SEQ:u_key|AES_SBOX_ROM:s0           ; AES_SBOX_ROM           ; work          ;
;                   |AES_SBOX_ROM:s1|             ; 32 (32)             ; 0 (0)                     ; 0                 ; 0          ; 0    ; 0            ; |riscv_aes_advancements|mem_stage:u_mem_stage|aes_mmio:u_aes_mmio|aes128_lowpower:u_aes128_lowpower|AES128_updated_new:u_reusable_aes|AES_KEYEXP_SEQ:u_key|AES_SBOX_ROM:s1           ; AES_SBOX_ROM           ; work          ;
;                   |AES_SBOX_ROM:s2|             ; 32 (32)             ; 0 (0)                     ; 0                 ; 0          ; 0    ; 0            ; |riscv_aes_advancements|mem_stage:u_mem_stage|aes_mmio:u_aes_mmio|aes128_lowpower:u_aes128_lowpower|AES128_updated_new:u_reusable_aes|AES_KEYEXP_SEQ:u_key|AES_SBOX_ROM:s2           ; AES_SBOX_ROM           ; work          ;
;                   |AES_SBOX_ROM:s3|             ; 32 (32)             ; 0 (0)                     ; 0                 ; 0          ; 0    ; 0            ; |riscv_aes_advancements|mem_stage:u_mem_stage|aes_mmio:u_aes_mmio|aes128_lowpower:u_aes128_lowpower|AES128_updated_new:u_reusable_aes|AES_KEYEXP_SEQ:u_key|AES_SBOX_ROM:s3           ; AES_SBOX_ROM           ; work          ;
;                |AES_MIXCOL_SEQ:u_mix|           ; 77 (77)             ; 132 (132)                 ; 0                 ; 0          ; 0    ; 0            ; |riscv_aes_advancements|mem_stage:u_mem_stage|aes_mmio:u_aes_mmio|aes128_lowpower:u_aes128_lowpower|AES128_updated_new:u_reusable_aes|AES_MIXCOL_SEQ:u_mix                           ; AES_MIXCOL_SEQ         ; work          ;
;                |AES_SBOX_SEQ:u_sbox|            ; 101 (61)            ; 134 (134)                 ; 0                 ; 0          ; 0    ; 0            ; |riscv_aes_advancements|mem_stage:u_mem_stage|aes_mmio:u_aes_mmio|aes128_lowpower:u_aes128_lowpower|AES128_updated_new:u_reusable_aes|AES_SBOX_SEQ:u_sbox                            ; AES_SBOX_SEQ           ; work          ;
;                   |AES_SBOX_ROM:rom|            ; 40 (40)             ; 0 (0)                     ; 0                 ; 0          ; 0    ; 0            ; |riscv_aes_advancements|mem_stage:u_mem_stage|aes_mmio:u_aes_mmio|aes128_lowpower:u_aes128_lowpower|AES128_updated_new:u_reusable_aes|AES_SBOX_SEQ:u_sbox|AES_SBOX_ROM:rom           ; AES_SBOX_ROM           ; work          ;
;       |can_ids_mmio:u_can_ids_mmio|             ; 1357 (1357)         ; 1015 (1015)               ; 0                 ; 0          ; 0    ; 0            ; |riscv_aes_advancements|mem_stage:u_mem_stage|can_ids_mmio:u_can_ids_mmio                                                                                                            ; can_ids_mmio           ; work          ;
;       |canfd_secoc_mmio:u_canfd_secoc_mmio|     ; 9788 (8809)         ; 8816 (8023)               ; 0                 ; 0          ; 0    ; 0            ; |riscv_aes_advancements|mem_stage:u_mem_stage|canfd_secoc_mmio:u_canfd_secoc_mmio                                                                                                    ; canfd_secoc_mmio       ; work          ;
;          |aes128_lowpower:u_secoc_aes|          ; 979 (1)             ; 793 (0)                   ; 0                 ; 0          ; 0    ; 0            ; |riscv_aes_advancements|mem_stage:u_mem_stage|canfd_secoc_mmio:u_canfd_secoc_mmio|aes128_lowpower:u_secoc_aes                                                                        ; aes128_lowpower        ; work          ;
;             |AES128_updated_new:u_reusable_aes| ; 978 (535)           ; 793 (397)                 ; 0                 ; 0          ; 0    ; 0            ; |riscv_aes_advancements|mem_stage:u_mem_stage|canfd_secoc_mmio:u_canfd_secoc_mmio|aes128_lowpower:u_secoc_aes|AES128_updated_new:u_reusable_aes                                      ; AES128_updated_new     ; work          ;
;                |AES_KEYEXP_SEQ:u_key|           ; 265 (129)           ; 130 (130)                 ; 0                 ; 0          ; 0    ; 0            ; |riscv_aes_advancements|mem_stage:u_mem_stage|canfd_secoc_mmio:u_canfd_secoc_mmio|aes128_lowpower:u_secoc_aes|AES128_updated_new:u_reusable_aes|AES_KEYEXP_SEQ:u_key                 ; AES_KEYEXP_SEQ         ; work          ;
;                   |AES_SBOX_ROM:s0|             ; 40 (40)             ; 0 (0)                     ; 0                 ; 0          ; 0    ; 0            ; |riscv_aes_advancements|mem_stage:u_mem_stage|canfd_secoc_mmio:u_canfd_secoc_mmio|aes128_lowpower:u_secoc_aes|AES128_updated_new:u_reusable_aes|AES_KEYEXP_SEQ:u_key|AES_SBOX_ROM:s0 ; AES_SBOX_ROM           ; work          ;
;                   |AES_SBOX_ROM:s1|             ; 32 (32)             ; 0 (0)                     ; 0                 ; 0          ; 0    ; 0            ; |riscv_aes_advancements|mem_stage:u_mem_stage|canfd_secoc_mmio:u_canfd_secoc_mmio|aes128_lowpower:u_secoc_aes|AES128_updated_new:u_reusable_aes|AES_KEYEXP_SEQ:u_key|AES_SBOX_ROM:s1 ; AES_SBOX_ROM           ; work          ;
;                   |AES_SBOX_ROM:s2|             ; 32 (32)             ; 0 (0)                     ; 0                 ; 0          ; 0    ; 0            ; |riscv_aes_advancements|mem_stage:u_mem_stage|canfd_secoc_mmio:u_canfd_secoc_mmio|aes128_lowpower:u_secoc_aes|AES128_updated_new:u_reusable_aes|AES_KEYEXP_SEQ:u_key|AES_SBOX_ROM:s2 ; AES_SBOX_ROM           ; work          ;
;                   |AES_SBOX_ROM:s3|             ; 32 (32)             ; 0 (0)                     ; 0                 ; 0          ; 0    ; 0            ; |riscv_aes_advancements|mem_stage:u_mem_stage|canfd_secoc_mmio:u_canfd_secoc_mmio|aes128_lowpower:u_secoc_aes|AES128_updated_new:u_reusable_aes|AES_KEYEXP_SEQ:u_key|AES_SBOX_ROM:s3 ; AES_SBOX_ROM           ; work          ;
;                |AES_MIXCOL_SEQ:u_mix|           ; 77 (77)             ; 132 (132)                 ; 0                 ; 0          ; 0    ; 0            ; |riscv_aes_advancements|mem_stage:u_mem_stage|canfd_secoc_mmio:u_canfd_secoc_mmio|aes128_lowpower:u_secoc_aes|AES128_updated_new:u_reusable_aes|AES_MIXCOL_SEQ:u_mix                 ; AES_MIXCOL_SEQ         ; work          ;
;                |AES_SBOX_SEQ:u_sbox|            ; 101 (61)            ; 134 (134)                 ; 0                 ; 0          ; 0    ; 0            ; |riscv_aes_advancements|mem_stage:u_mem_stage|canfd_secoc_mmio:u_canfd_secoc_mmio|aes128_lowpower:u_secoc_aes|AES128_updated_new:u_reusable_aes|AES_SBOX_SEQ:u_sbox                  ; AES_SBOX_SEQ           ; work          ;
;                   |AES_SBOX_ROM:rom|            ; 40 (40)             ; 0 (0)                     ; 0                 ; 0          ; 0    ; 0            ; |riscv_aes_advancements|mem_stage:u_mem_stage|canfd_secoc_mmio:u_canfd_secoc_mmio|aes128_lowpower:u_secoc_aes|AES128_updated_new:u_reusable_aes|AES_SBOX_SEQ:u_sbox|AES_SBOX_ROM:rom ; AES_SBOX_ROM           ; work          ;
;       |data_mem:u_data_mem|                     ; 3355 (3355)         ; 8192 (8192)               ; 0                 ; 0          ; 0    ; 0            ; |riscv_aes_advancements|mem_stage:u_mem_stage|data_mem:u_data_mem                                                                                                                    ; data_mem               ; work          ;
;       |dma_lite:u_dma_lite|                     ; 100 (100)           ; 130 (130)                 ; 0                 ; 0          ; 0    ; 0            ; |riscv_aes_advancements|mem_stage:u_mem_stage|dma_lite:u_dma_lite                                                                                                                    ; dma_lite               ; work          ;
;       |load_store_unit:u_load_store_unit|       ; 20 (20)             ; 0 (0)                     ; 0                 ; 0          ; 0    ; 0            ; |riscv_aes_advancements|mem_stage:u_mem_stage|load_store_unit:u_load_store_unit                                                                                                      ; load_store_unit        ; work          ;
;       |power_mgmt_mmio:u_power_mgmt_mmio|       ; 284 (284)           ; 225 (225)                 ; 0                 ; 0          ; 0    ; 0            ; |riscv_aes_advancements|mem_stage:u_mem_stage|power_mgmt_mmio:u_power_mgmt_mmio                                                                                                      ; power_mgmt_mmio        ; work          ;
;       |sensor_spi_mmio:u_sensor_spi_mmio|       ; 163 (87)            ; 160 (42)                  ; 0                 ; 0          ; 0    ; 0            ; |riscv_aes_advancements|mem_stage:u_mem_stage|sensor_spi_mmio:u_sensor_spi_mmio                                                                                                      ; sensor_spi_mmio        ; work          ;
;          |sensor_spi_ip:u_sensor_spi_ip|        ; 76 (76)             ; 118 (118)                 ; 0                 ; 0          ; 0    ; 0            ; |riscv_aes_advancements|mem_stage:u_mem_stage|sensor_spi_mmio:u_sensor_spi_mmio|sensor_spi_ip:u_sensor_spi_ip                                                                        ; sensor_spi_ip          ; sensor_spi_ip ;
;       |simple_intc:u_simple_intc|               ; 14 (14)             ; 12 (12)                   ; 0                 ; 0          ; 0    ; 0            ; |riscv_aes_advancements|mem_stage:u_mem_stage|simple_intc:u_simple_intc                                                                                                              ; simple_intc            ; work          ;
;       |uart_mmio:u_uart_mmio|                   ; 59 (19)             ; 58 (27)                   ; 0                 ; 0          ; 0    ; 0            ; |riscv_aes_advancements|mem_stage:u_mem_stage|uart_mmio:u_uart_mmio                                                                                                                  ; uart_mmio              ; work          ;
;          |uart_tx:u_uart_tx|                    ; 40 (40)             ; 31 (31)                   ; 0                 ; 0          ; 0    ; 0            ; |riscv_aes_advancements|mem_stage:u_mem_stage|uart_mmio:u_uart_mmio|uart_tx:u_uart_tx                                                                                                ; uart_tx                ; work          ;
;    |pc_reg:u_pc_reg|                            ; 1 (1)               ; 32 (32)                   ; 0                 ; 0          ; 0    ; 0            ; |riscv_aes_advancements|pc_reg:u_pc_reg                                                                                                                                              ; pc_reg                 ; work          ;
;    |wb_stage:u_wb_stage|                        ; 32 (32)             ; 0 (0)                     ; 0                 ; 0          ; 0    ; 0            ; |riscv_aes_advancements|wb_stage:u_wb_stage                                                                                                                                          ; wb_stage               ; work          ;
+-------------------------------------------------+---------------------+---------------------------+-------------------+------------+------+--------------+--------------------------------------------------------------------------------------------------------------------------------------------------------------------------------------+------------------------+---------------+
Note: For table entries with two numbers listed, the numbers in parentheses indicate the number of resources of the given type used by the specific entity alone. The numbers listed outside of parentheses indicate the total resources of the given type used by the specific entity and all of its sub-entities in the hierarchy.


+-------------------------------------------------------------------------------------------------------------------------------------------------------------------------------------------------+
; Analysis & Synthesis IP Cores Summary                                                                                                                                                           ;
+--------+--------------+---------+--------------+--------------+---------------------------------------------------------------------------------------------------------------+-----------------+
; Vendor ; IP Core Name ; Version ; Release Date ; License Type ; Entity Instance                                                                                               ; IP Include File ;
+--------+--------------+---------+--------------+--------------+---------------------------------------------------------------------------------------------------------------+-----------------+
; N/A    ; Qsys         ; 23.1    ; N/A          ; N/A          ; |riscv_aes_advancements|mem_stage:u_mem_stage|sensor_spi_mmio:u_sensor_spi_mmio|sensor_spi_ip:u_sensor_spi_ip ;                 ;
+--------+--------------+---------+--------------+--------------+---------------------------------------------------------------------------------------------------------------+-----------------+


Encoding Type:  One-Hot
+-------------------------------------------------------------------------------------------------------------------+
; State Machine - |riscv_aes_advancements|mem_stage:u_mem_stage|canfd_secoc_mmio:u_canfd_secoc_mmio|state_reg       ;
+-------------------------+---------------------+-------------------------+---------------------+-------------------+
; Name                    ; state_reg.ST_BYPASS ; state_reg.ST_WAIT_BLOCK ; state_reg.ST_WAIT_L ; state_reg.ST_IDLE ;
+-------------------------+---------------------+-------------------------+---------------------+-------------------+
; state_reg.ST_IDLE       ; 0                   ; 0                       ; 0                   ; 0                 ;
; state_reg.ST_WAIT_L     ; 0                   ; 0                       ; 1                   ; 1                 ;
; state_reg.ST_WAIT_BLOCK ; 0                   ; 1                       ; 0                   ; 1                 ;
; state_reg.ST_BYPASS     ; 1                   ; 0                       ; 0                   ; 1                 ;
+-------------------------+---------------------+-------------------------+---------------------+-------------------+


+----------------------------------------------------------------------------------------------------------------------------------------------------------------------------------------------------------------------------------------------------------------------+
; Registers Protected by Synthesis                                                                                                                                                                                                                                     ;
+------------------------------------------------------------------------------------------------------------------------------------------------------+------------------------------------------------------------------+--------------------------------------------+
; Register Name                                                                                                                                        ; Protected by Synthesis Attribute or Preserve Register Assignment ; Not to be Touched by Netlist Optimizations ;
+------------------------------------------------------------------------------------------------------------------------------------------------------+------------------------------------------------------------------+--------------------------------------------+
; mem_stage:u_mem_stage|aes_mmio:u_aes_mmio|aes128_lowpower:u_aes128_lowpower|AES128_updated_new:u_reusable_aes|state[3]                               ; yes                                                              ; yes                                        ;
; mem_stage:u_mem_stage|aes_mmio:u_aes_mmio|aes128_lowpower:u_aes128_lowpower|AES128_updated_new:u_reusable_aes|state[2]                               ; yes                                                              ; yes                                        ;
; mem_stage:u_mem_stage|aes_mmio:u_aes_mmio|aes128_lowpower:u_aes128_lowpower|AES128_updated_new:u_reusable_aes|state[1]                               ; yes                                                              ; yes                                        ;
; mem_stage:u_mem_stage|aes_mmio:u_aes_mmio|aes128_lowpower:u_aes128_lowpower|AES128_updated_new:u_reusable_aes|state[0]                               ; yes                                                              ; yes                                        ;
; mem_stage:u_mem_stage|aes_mmio:u_aes_mmio|aes128_lowpower:u_aes128_lowpower|AES128_updated_new:u_reusable_aes|state_reg[0]                           ; yes                                                              ; yes                                        ;
; mem_stage:u_mem_stage|aes_mmio:u_aes_mmio|aes128_lowpower:u_aes128_lowpower|AES128_updated_new:u_reusable_aes|round[0]                               ; yes                                                              ; yes                                        ;
; mem_stage:u_mem_stage|aes_mmio:u_aes_mmio|aes128_lowpower:u_aes128_lowpower|AES128_updated_new:u_reusable_aes|round[3]                               ; yes                                                              ; yes                                        ;
; mem_stage:u_mem_stage|aes_mmio:u_aes_mmio|aes128_lowpower:u_aes128_lowpower|AES128_updated_new:u_reusable_aes|round[2]                               ; yes                                                              ; yes                                        ;
; mem_stage:u_mem_stage|aes_mmio:u_aes_mmio|aes128_lowpower:u_aes128_lowpower|AES128_updated_new:u_reusable_aes|round[1]                               ; yes                                                              ; yes                                        ;
; mem_stage:u_mem_stage|aes_mmio:u_aes_mmio|aes128_lowpower:u_aes128_lowpower|AES128_updated_new:u_reusable_aes|state_reg[1]                           ; yes                                                              ; yes                                        ;
; mem_stage:u_mem_stage|aes_mmio:u_aes_mmio|aes128_lowpower:u_aes128_lowpower|AES128_updated_new:u_reusable_aes|state_reg[2]                           ; yes                                                              ; yes                                        ;
; mem_stage:u_mem_stage|aes_mmio:u_aes_mmio|aes128_lowpower:u_aes128_lowpower|AES128_updated_new:u_reusable_aes|state_reg[3]                           ; yes                                                              ; yes                                        ;
; mem_stage:u_mem_stage|aes_mmio:u_aes_mmio|aes128_lowpower:u_aes128_lowpower|AES128_updated_new:u_reusable_aes|state_reg[4]                           ; yes                                                              ; yes                                        ;
; mem_stage:u_mem_stage|aes_mmio:u_aes_mmio|aes128_lowpower:u_aes128_lowpower|AES128_updated_new:u_reusable_aes|state_reg[5]                           ; yes                                                              ; yes                                        ;
; mem_stage:u_mem_stage|aes_mmio:u_aes_mmio|aes128_lowpower:u_aes128_lowpower|AES128_updated_new:u_reusable_aes|state_reg[6]                           ; yes                                                              ; yes                                        ;
; mem_stage:u_mem_stage|aes_mmio:u_aes_mmio|aes128_lowpower:u_aes128_lowpower|AES128_updated_new:u_reusable_aes|state_reg[7]                           ; yes                                                              ; yes                                        ;
; mem_stage:u_mem_stage|aes_mmio:u_aes_mmio|aes128_lowpower:u_aes128_lowpower|AES128_updated_new:u_reusable_aes|state_reg[8]                           ; yes                                                              ; yes                                        ;
; mem_stage:u_mem_stage|aes_mmio:u_aes_mmio|aes128_lowpower:u_aes128_lowpower|AES128_updated_new:u_reusable_aes|state_reg[9]                           ; yes                                                              ; yes                                        ;
; mem_stage:u_mem_stage|aes_mmio:u_aes_mmio|aes128_lowpower:u_aes128_lowpower|AES128_updated_new:u_reusable_aes|state_reg[10]                          ; yes                                                              ; yes                                        ;
; mem_stage:u_mem_stage|aes_mmio:u_aes_mmio|aes128_lowpower:u_aes128_lowpower|AES128_updated_new:u_reusable_aes|state_reg[11]                          ; yes                                                              ; yes                                        ;
; mem_stage:u_mem_stage|aes_mmio:u_aes_mmio|aes128_lowpower:u_aes128_lowpower|AES128_updated_new:u_reusable_aes|state_reg[12]                          ; yes                                                              ; yes                                        ;
; mem_stage:u_mem_stage|aes_mmio:u_aes_mmio|aes128_lowpower:u_aes128_lowpower|AES128_updated_new:u_reusable_aes|state_reg[13]                          ; yes                                                              ; yes                                        ;
; mem_stage:u_mem_stage|aes_mmio:u_aes_mmio|aes128_lowpower:u_aes128_lowpower|AES128_updated_new:u_reusable_aes|state_reg[14]                          ; yes                                                              ; yes                                        ;
; mem_stage:u_mem_stage|aes_mmio:u_aes_mmio|aes128_lowpower:u_aes128_lowpower|AES128_updated_new:u_reusable_aes|state_reg[15]                          ; yes                                                              ; yes                                        ;
; mem_stage:u_mem_stage|aes_mmio:u_aes_mmio|aes128_lowpower:u_aes128_lowpower|AES128_updated_new:u_reusable_aes|state_reg[16]                          ; yes                                                              ; yes                                        ;
; mem_stage:u_mem_stage|aes_mmio:u_aes_mmio|aes128_lowpower:u_aes128_lowpower|AES128_updated_new:u_reusable_aes|state_reg[17]                          ; yes                                                              ; yes                                        ;
; mem_stage:u_mem_stage|aes_mmio:u_aes_mmio|aes128_lowpower:u_aes128_lowpower|AES128_updated_new:u_reusable_aes|state_reg[18]                          ; yes                                                              ; yes                                        ;
; mem_stage:u_mem_stage|aes_mmio:u_aes_mmio|aes128_lowpower:u_aes128_lowpower|AES128_updated_new:u_reusable_aes|state_reg[19]                          ; yes                                                              ; yes                                        ;
; mem_stage:u_mem_stage|aes_mmio:u_aes_mmio|aes128_lowpower:u_aes128_lowpower|AES128_updated_new:u_reusable_aes|state_reg[20]                          ; yes                                                              ; yes                                        ;
; mem_stage:u_mem_stage|aes_mmio:u_aes_mmio|aes128_lowpower:u_aes128_lowpower|AES128_updated_new:u_reusable_aes|state_reg[21]                          ; yes                                                              ; yes                                        ;
; mem_stage:u_mem_stage|aes_mmio:u_aes_mmio|aes128_lowpower:u_aes128_lowpower|AES128_updated_new:u_reusable_aes|state_reg[22]                          ; yes                                                              ; yes                                        ;
; mem_stage:u_mem_stage|aes_mmio:u_aes_mmio|aes128_lowpower:u_aes128_lowpower|AES128_updated_new:u_reusable_aes|state_reg[23]                          ; yes                                                              ; yes                                        ;
; mem_stage:u_mem_stage|aes_mmio:u_aes_mmio|aes128_lowpower:u_aes128_lowpower|AES128_updated_new:u_reusable_aes|state_reg[24]                          ; yes                                                              ; yes                                        ;
; mem_stage:u_mem_stage|aes_mmio:u_aes_mmio|aes128_lowpower:u_aes128_lowpower|AES128_updated_new:u_reusable_aes|state_reg[25]                          ; yes                                                              ; yes                                        ;
; mem_stage:u_mem_stage|aes_mmio:u_aes_mmio|aes128_lowpower:u_aes128_lowpower|AES128_updated_new:u_reusable_aes|state_reg[26]                          ; yes                                                              ; yes                                        ;
; mem_stage:u_mem_stage|aes_mmio:u_aes_mmio|aes128_lowpower:u_aes128_lowpower|AES128_updated_new:u_reusable_aes|state_reg[27]                          ; yes                                                              ; yes                                        ;
; mem_stage:u_mem_stage|aes_mmio:u_aes_mmio|aes128_lowpower:u_aes128_lowpower|AES128_updated_new:u_reusable_aes|state_reg[28]                          ; yes                                                              ; yes                                        ;
; mem_stage:u_mem_stage|aes_mmio:u_aes_mmio|aes128_lowpower:u_aes128_lowpower|AES128_updated_new:u_reusable_aes|state_reg[29]                          ; yes                                                              ; yes                                        ;
; mem_stage:u_mem_stage|aes_mmio:u_aes_mmio|aes128_lowpower:u_aes128_lowpower|AES128_updated_new:u_reusable_aes|state_reg[30]                          ; yes                                                              ; yes                                        ;
; mem_stage:u_mem_stage|aes_mmio:u_aes_mmio|aes128_lowpower:u_aes128_lowpower|AES128_updated_new:u_reusable_aes|state_reg[31]                          ; yes                                                              ; yes                                        ;
; mem_stage:u_mem_stage|aes_mmio:u_aes_mmio|aes128_lowpower:u_aes128_lowpower|AES128_updated_new:u_reusable_aes|round_key[0]                           ; yes                                                              ; yes                                        ;
; mem_stage:u_mem_stage|aes_mmio:u_aes_mmio|aes128_lowpower:u_aes128_lowpower|AES128_updated_new:u_reusable_aes|round_key[96]                          ; yes                                                              ; yes                                        ;
; mem_stage:u_mem_stage|aes_mmio:u_aes_mmio|aes128_lowpower:u_aes128_lowpower|AES128_updated_new:u_reusable_aes|round_key[24]                          ; yes                                                              ; yes                                        ;
; mem_stage:u_mem_stage|aes_mmio:u_aes_mmio|aes128_lowpower:u_aes128_lowpower|AES128_updated_new:u_reusable_aes|round_key[25]                          ; yes                                                              ; yes                                        ;
; mem_stage:u_mem_stage|aes_mmio:u_aes_mmio|aes128_lowpower:u_aes128_lowpower|AES128_updated_new:u_reusable_aes|round_key[26]                          ; yes                                                              ; yes                                        ;
; mem_stage:u_mem_stage|aes_mmio:u_aes_mmio|aes128_lowpower:u_aes128_lowpower|AES128_updated_new:u_reusable_aes|round_key[27]                          ; yes                                                              ; yes                                        ;
; mem_stage:u_mem_stage|aes_mmio:u_aes_mmio|aes128_lowpower:u_aes128_lowpower|AES128_updated_new:u_reusable_aes|round_key[30]                          ; yes                                                              ; yes                                        ;
; mem_stage:u_mem_stage|aes_mmio:u_aes_mmio|aes128_lowpower:u_aes128_lowpower|AES128_updated_new:u_reusable_aes|round_key[29]                          ; yes                                                              ; yes                                        ;
; mem_stage:u_mem_stage|aes_mmio:u_aes_mmio|aes128_lowpower:u_aes128_lowpower|AES128_updated_new:u_reusable_aes|round_key[28]                          ; yes                                                              ; yes                                        ;
; mem_stage:u_mem_stage|aes_mmio:u_aes_mmio|aes128_lowpower:u_aes128_lowpower|AES128_updated_new:u_reusable_aes|round_key[31]                          ; yes                                                              ; yes                                        ;
; mem_stage:u_mem_stage|aes_mmio:u_aes_mmio|aes128_lowpower:u_aes128_lowpower|AES128_updated_new:u_reusable_aes|round_key[64]                          ; yes                                                              ; yes                                        ;
; mem_stage:u_mem_stage|aes_mmio:u_aes_mmio|aes128_lowpower:u_aes128_lowpower|AES128_updated_new:u_reusable_aes|round_key[32]                          ; yes                                                              ; yes                                        ;
; mem_stage:u_mem_stage|aes_mmio:u_aes_mmio|aes128_lowpower:u_aes128_lowpower|AES128_updated_new:u_reusable_aes|round_key[1]                           ; yes                                                              ; yes                                        ;
; mem_stage:u_mem_stage|aes_mmio:u_aes_mmio|aes128_lowpower:u_aes128_lowpower|AES128_updated_new:u_reusable_aes|round_key[97]                          ; yes                                                              ; yes                                        ;
; mem_stage:u_mem_stage|aes_mmio:u_aes_mmio|aes128_lowpower:u_aes128_lowpower|AES128_updated_new:u_reusable_aes|round_key[65]                          ; yes                                                              ; yes                                        ;
; mem_stage:u_mem_stage|aes_mmio:u_aes_mmio|aes128_lowpower:u_aes128_lowpower|AES128_updated_new:u_reusable_aes|round_key[33]                          ; yes                                                              ; yes                                        ;
; mem_stage:u_mem_stage|aes_mmio:u_aes_mmio|aes128_lowpower:u_aes128_lowpower|AES128_updated_new:u_reusable_aes|round_key[2]                           ; yes                                                              ; yes                                        ;
; mem_stage:u_mem_stage|aes_mmio:u_aes_mmio|aes128_lowpower:u_aes128_lowpower|AES128_updated_new:u_reusable_aes|round_key[98]                          ; yes                                                              ; yes                                        ;
; mem_stage:u_mem_stage|aes_mmio:u_aes_mmio|aes128_lowpower:u_aes128_lowpower|AES128_updated_new:u_reusable_aes|round_key[66]                          ; yes                                                              ; yes                                        ;
; mem_stage:u_mem_stage|aes_mmio:u_aes_mmio|aes128_lowpower:u_aes128_lowpower|AES128_updated_new:u_reusable_aes|round_key[34]                          ; yes                                                              ; yes                                        ;
; mem_stage:u_mem_stage|aes_mmio:u_aes_mmio|aes128_lowpower:u_aes128_lowpower|AES128_updated_new:u_reusable_aes|round_key[3]                           ; yes                                                              ; yes                                        ;
; mem_stage:u_mem_stage|aes_mmio:u_aes_mmio|aes128_lowpower:u_aes128_lowpower|AES128_updated_new:u_reusable_aes|round_key[99]                          ; yes                                                              ; yes                                        ;
; mem_stage:u_mem_stage|aes_mmio:u_aes_mmio|aes128_lowpower:u_aes128_lowpower|AES128_updated_new:u_reusable_aes|round_key[67]                          ; yes                                                              ; yes                                        ;
; mem_stage:u_mem_stage|aes_mmio:u_aes_mmio|aes128_lowpower:u_aes128_lowpower|AES128_updated_new:u_reusable_aes|round_key[35]                          ; yes                                                              ; yes                                        ;
; mem_stage:u_mem_stage|aes_mmio:u_aes_mmio|aes128_lowpower:u_aes128_lowpower|AES128_updated_new:u_reusable_aes|round_key[4]                           ; yes                                                              ; yes                                        ;
; mem_stage:u_mem_stage|aes_mmio:u_aes_mmio|aes128_lowpower:u_aes128_lowpower|AES128_updated_new:u_reusable_aes|round_key[100]                         ; yes                                                              ; yes                                        ;
; mem_stage:u_mem_stage|aes_mmio:u_aes_mmio|aes128_lowpower:u_aes128_lowpower|AES128_updated_new:u_reusable_aes|round_key[68]                          ; yes                                                              ; yes                                        ;
; mem_stage:u_mem_stage|aes_mmio:u_aes_mmio|aes128_lowpower:u_aes128_lowpower|AES128_updated_new:u_reusable_aes|round_key[36]                          ; yes                                                              ; yes                                        ;
; mem_stage:u_mem_stage|aes_mmio:u_aes_mmio|aes128_lowpower:u_aes128_lowpower|AES128_updated_new:u_reusable_aes|round_key[5]                           ; yes                                                              ; yes                                        ;
; mem_stage:u_mem_stage|aes_mmio:u_aes_mmio|aes128_lowpower:u_aes128_lowpower|AES128_updated_new:u_reusable_aes|round_key[101]                         ; yes                                                              ; yes                                        ;
; mem_stage:u_mem_stage|aes_mmio:u_aes_mmio|aes128_lowpower:u_aes128_lowpower|AES128_updated_new:u_reusable_aes|round_key[69]                          ; yes                                                              ; yes                                        ;
; mem_stage:u_mem_stage|aes_mmio:u_aes_mmio|aes128_lowpower:u_aes128_lowpower|AES128_updated_new:u_reusable_aes|round_key[37]                          ; yes                                                              ; yes                                        ;
; mem_stage:u_mem_stage|aes_mmio:u_aes_mmio|aes128_lowpower:u_aes128_lowpower|AES128_updated_new:u_reusable_aes|round_key[6]                           ; yes                                                              ; yes                                        ;
; mem_stage:u_mem_stage|aes_mmio:u_aes_mmio|aes128_lowpower:u_aes128_lowpower|AES128_updated_new:u_reusable_aes|round_key[102]                         ; yes                                                              ; yes                                        ;
; mem_stage:u_mem_stage|aes_mmio:u_aes_mmio|aes128_lowpower:u_aes128_lowpower|AES128_updated_new:u_reusable_aes|round_key[70]                          ; yes                                                              ; yes                                        ;
; mem_stage:u_mem_stage|aes_mmio:u_aes_mmio|aes128_lowpower:u_aes128_lowpower|AES128_updated_new:u_reusable_aes|round_key[38]                          ; yes                                                              ; yes                                        ;
; mem_stage:u_mem_stage|aes_mmio:u_aes_mmio|aes128_lowpower:u_aes128_lowpower|AES128_updated_new:u_reusable_aes|round_key[7]                           ; yes                                                              ; yes                                        ;
; mem_stage:u_mem_stage|aes_mmio:u_aes_mmio|aes128_lowpower:u_aes128_lowpower|AES128_updated_new:u_reusable_aes|round_key[103]                         ; yes                                                              ; yes                                        ;
; mem_stage:u_mem_stage|aes_mmio:u_aes_mmio|aes128_lowpower:u_aes128_lowpower|AES128_updated_new:u_reusable_aes|round_key[71]                          ; yes                                                              ; yes                                        ;
; mem_stage:u_mem_stage|aes_mmio:u_aes_mmio|aes128_lowpower:u_aes128_lowpower|AES128_updated_new:u_reusable_aes|round_key[39]                          ; yes                                                              ; yes                                        ;
; mem_stage:u_mem_stage|aes_mmio:u_aes_mmio|aes128_lowpower:u_aes128_lowpower|AES128_updated_new:u_reusable_aes|round_key[8]                           ; yes                                                              ; yes                                        ;
; mem_stage:u_mem_stage|aes_mmio:u_aes_mmio|aes128_lowpower:u_aes128_lowpower|AES128_updated_new:u_reusable_aes|round_key[104]                         ; yes                                                              ; yes                                        ;
; mem_stage:u_mem_stage|aes_mmio:u_aes_mmio|aes128_lowpower:u_aes128_lowpower|AES128_updated_new:u_reusable_aes|round_key[72]                          ; yes                                                              ; yes                                        ;
; mem_stage:u_mem_stage|aes_mmio:u_aes_mmio|aes128_lowpower:u_aes128_lowpower|AES128_updated_new:u_reusable_aes|round_key[40]                          ; yes                                                              ; yes                                        ;
; mem_stage:u_mem_stage|aes_mmio:u_aes_mmio|aes128_lowpower:u_aes128_lowpower|AES128_updated_new:u_reusable_aes|round_key[9]                           ; yes                                                              ; yes                                        ;
; mem_stage:u_mem_stage|aes_mmio:u_aes_mmio|aes128_lowpower:u_aes128_lowpower|AES128_updated_new:u_reusable_aes|round_key[105]                         ; yes                                                              ; yes                                        ;
; mem_stage:u_mem_stage|aes_mmio:u_aes_mmio|aes128_lowpower:u_aes128_lowpower|AES128_updated_new:u_reusable_aes|round_key[73]                          ; yes                                                              ; yes                                        ;
; mem_stage:u_mem_stage|aes_mmio:u_aes_mmio|aes128_lowpower:u_aes128_lowpower|AES128_updated_new:u_reusable_aes|round_key[41]                          ; yes                                                              ; yes                                        ;
; mem_stage:u_mem_stage|aes_mmio:u_aes_mmio|aes128_lowpower:u_aes128_lowpower|AES128_updated_new:u_reusable_aes|round_key[10]                          ; yes                                                              ; yes                                        ;
; mem_stage:u_mem_stage|aes_mmio:u_aes_mmio|aes128_lowpower:u_aes128_lowpower|AES128_updated_new:u_reusable_aes|round_key[106]                         ; yes                                                              ; yes                                        ;
; mem_stage:u_mem_stage|aes_mmio:u_aes_mmio|aes128_lowpower:u_aes128_lowpower|AES128_updated_new:u_reusable_aes|round_key[74]                          ; yes                                                              ; yes                                        ;
; mem_stage:u_mem_stage|aes_mmio:u_aes_mmio|aes128_lowpower:u_aes128_lowpower|AES128_updated_new:u_reusable_aes|round_key[42]                          ; yes                                                              ; yes                                        ;
; mem_stage:u_mem_stage|aes_mmio:u_aes_mmio|aes128_lowpower:u_aes128_lowpower|AES128_updated_new:u_reusable_aes|round_key[11]                          ; yes                                                              ; yes                                        ;
; mem_stage:u_mem_stage|aes_mmio:u_aes_mmio|aes128_lowpower:u_aes128_lowpower|AES128_updated_new:u_reusable_aes|round_key[107]                         ; yes                                                              ; yes                                        ;
; mem_stage:u_mem_stage|aes_mmio:u_aes_mmio|aes128_lowpower:u_aes128_lowpower|AES128_updated_new:u_reusable_aes|round_key[75]                          ; yes                                                              ; yes                                        ;
; mem_stage:u_mem_stage|aes_mmio:u_aes_mmio|aes128_lowpower:u_aes128_lowpower|AES128_updated_new:u_reusable_aes|round_key[43]                          ; yes                                                              ; yes                                        ;
; mem_stage:u_mem_stage|aes_mmio:u_aes_mmio|aes128_lowpower:u_aes128_lowpower|AES128_updated_new:u_reusable_aes|round_key[12]                          ; yes                                                              ; yes                                        ;
; mem_stage:u_mem_stage|aes_mmio:u_aes_mmio|aes128_lowpower:u_aes128_lowpower|AES128_updated_new:u_reusable_aes|round_key[108]                         ; yes                                                              ; yes                                        ;
; mem_stage:u_mem_stage|aes_mmio:u_aes_mmio|aes128_lowpower:u_aes128_lowpower|AES128_updated_new:u_reusable_aes|round_key[76]                          ; yes                                                              ; yes                                        ;
; mem_stage:u_mem_stage|aes_mmio:u_aes_mmio|aes128_lowpower:u_aes128_lowpower|AES128_updated_new:u_reusable_aes|round_key[44]                          ; yes                                                              ; yes                                        ;
; mem_stage:u_mem_stage|aes_mmio:u_aes_mmio|aes128_lowpower:u_aes128_lowpower|AES128_updated_new:u_reusable_aes|round_key[13]                          ; yes                                                              ; yes                                        ;
; mem_stage:u_mem_stage|aes_mmio:u_aes_mmio|aes128_lowpower:u_aes128_lowpower|AES128_updated_new:u_reusable_aes|round_key[109]                         ; yes                                                              ; yes                                        ;
; mem_stage:u_mem_stage|aes_mmio:u_aes_mmio|aes128_lowpower:u_aes128_lowpower|AES128_updated_new:u_reusable_aes|round_key[77]                          ; yes                                                              ; yes                                        ;
; mem_stage:u_mem_stage|aes_mmio:u_aes_mmio|aes128_lowpower:u_aes128_lowpower|AES128_updated_new:u_reusable_aes|round_key[45]                          ; yes                                                              ; yes                                        ;
; mem_stage:u_mem_stage|aes_mmio:u_aes_mmio|aes128_lowpower:u_aes128_lowpower|AES128_updated_new:u_reusable_aes|round_key[14]                          ; yes                                                              ; yes                                        ;
; mem_stage:u_mem_stage|aes_mmio:u_aes_mmio|aes128_lowpower:u_aes128_lowpower|AES128_updated_new:u_reusable_aes|round_key[110]                         ; yes                                                              ; yes                                        ;
; mem_stage:u_mem_stage|aes_mmio:u_aes_mmio|aes128_lowpower:u_aes128_lowpower|AES128_updated_new:u_reusable_aes|round_key[78]                          ; yes                                                              ; yes                                        ;
; mem_stage:u_mem_stage|aes_mmio:u_aes_mmio|aes128_lowpower:u_aes128_lowpower|AES128_updated_new:u_reusable_aes|round_key[46]                          ; yes                                                              ; yes                                        ;
; mem_stage:u_mem_stage|aes_mmio:u_aes_mmio|aes128_lowpower:u_aes128_lowpower|AES128_updated_new:u_reusable_aes|round_key[15]                          ; yes                                                              ; yes                                        ;
; mem_stage:u_mem_stage|aes_mmio:u_aes_mmio|aes128_lowpower:u_aes128_lowpower|AES128_updated_new:u_reusable_aes|round_key[111]                         ; yes                                                              ; yes                                        ;
; mem_stage:u_mem_stage|aes_mmio:u_aes_mmio|aes128_lowpower:u_aes128_lowpower|AES128_updated_new:u_reusable_aes|round_key[79]                          ; yes                                                              ; yes                                        ;
; mem_stage:u_mem_stage|aes_mmio:u_aes_mmio|aes128_lowpower:u_aes128_lowpower|AES128_updated_new:u_reusable_aes|round_key[47]                          ; yes                                                              ; yes                                        ;
; mem_stage:u_mem_stage|aes_mmio:u_aes_mmio|aes128_lowpower:u_aes128_lowpower|AES128_updated_new:u_reusable_aes|round_key[16]                          ; yes                                                              ; yes                                        ;
; mem_stage:u_mem_stage|aes_mmio:u_aes_mmio|aes128_lowpower:u_aes128_lowpower|AES128_updated_new:u_reusable_aes|round_key[112]                         ; yes                                                              ; yes                                        ;
; mem_stage:u_mem_stage|aes_mmio:u_aes_mmio|aes128_lowpower:u_aes128_lowpower|AES128_updated_new:u_reusable_aes|round_key[80]                          ; yes                                                              ; yes                                        ;
; mem_stage:u_mem_stage|aes_mmio:u_aes_mmio|aes128_lowpower:u_aes128_lowpower|AES128_updated_new:u_reusable_aes|round_key[48]                          ; yes                                                              ; yes                                        ;
; mem_stage:u_mem_stage|aes_mmio:u_aes_mmio|aes128_lowpower:u_aes128_lowpower|AES128_updated_new:u_reusable_aes|round_key[17]                          ; yes                                                              ; yes                                        ;
; mem_stage:u_mem_stage|aes_mmio:u_aes_mmio|aes128_lowpower:u_aes128_lowpower|AES128_updated_new:u_reusable_aes|round_key[113]                         ; yes                                                              ; yes                                        ;
; mem_stage:u_mem_stage|aes_mmio:u_aes_mmio|aes128_lowpower:u_aes128_lowpower|AES128_updated_new:u_reusable_aes|round_key[81]                          ; yes                                                              ; yes                                        ;
; mem_stage:u_mem_stage|aes_mmio:u_aes_mmio|aes128_lowpower:u_aes128_lowpower|AES128_updated_new:u_reusable_aes|round_key[49]                          ; yes                                                              ; yes                                        ;
; mem_stage:u_mem_stage|aes_mmio:u_aes_mmio|aes128_lowpower:u_aes128_lowpower|AES128_updated_new:u_reusable_aes|round_key[18]                          ; yes                                                              ; yes                                        ;
; mem_stage:u_mem_stage|aes_mmio:u_aes_mmio|aes128_lowpower:u_aes128_lowpower|AES128_updated_new:u_reusable_aes|round_key[114]                         ; yes                                                              ; yes                                        ;
; mem_stage:u_mem_stage|aes_mmio:u_aes_mmio|aes128_lowpower:u_aes128_lowpower|AES128_updated_new:u_reusable_aes|round_key[82]                          ; yes                                                              ; yes                                        ;
; mem_stage:u_mem_stage|aes_mmio:u_aes_mmio|aes128_lowpower:u_aes128_lowpower|AES128_updated_new:u_reusable_aes|round_key[50]                          ; yes                                                              ; yes                                        ;
; mem_stage:u_mem_stage|aes_mmio:u_aes_mmio|aes128_lowpower:u_aes128_lowpower|AES128_updated_new:u_reusable_aes|round_key[19]                          ; yes                                                              ; yes                                        ;
; mem_stage:u_mem_stage|aes_mmio:u_aes_mmio|aes128_lowpower:u_aes128_lowpower|AES128_updated_new:u_reusable_aes|round_key[115]                         ; yes                                                              ; yes                                        ;
; mem_stage:u_mem_stage|aes_mmio:u_aes_mmio|aes128_lowpower:u_aes128_lowpower|AES128_updated_new:u_reusable_aes|round_key[83]                          ; yes                                                              ; yes                                        ;
; mem_stage:u_mem_stage|aes_mmio:u_aes_mmio|aes128_lowpower:u_aes128_lowpower|AES128_updated_new:u_reusable_aes|round_key[51]                          ; yes                                                              ; yes                                        ;
; mem_stage:u_mem_stage|aes_mmio:u_aes_mmio|aes128_lowpower:u_aes128_lowpower|AES128_updated_new:u_reusable_aes|round_key[20]                          ; yes                                                              ; yes                                        ;
; mem_stage:u_mem_stage|aes_mmio:u_aes_mmio|aes128_lowpower:u_aes128_lowpower|AES128_updated_new:u_reusable_aes|round_key[116]                         ; yes                                                              ; yes                                        ;
; mem_stage:u_mem_stage|aes_mmio:u_aes_mmio|aes128_lowpower:u_aes128_lowpower|AES128_updated_new:u_reusable_aes|round_key[84]                          ; yes                                                              ; yes                                        ;
; mem_stage:u_mem_stage|aes_mmio:u_aes_mmio|aes128_lowpower:u_aes128_lowpower|AES128_updated_new:u_reusable_aes|round_key[52]                          ; yes                                                              ; yes                                        ;
; mem_stage:u_mem_stage|aes_mmio:u_aes_mmio|aes128_lowpower:u_aes128_lowpower|AES128_updated_new:u_reusable_aes|round_key[21]                          ; yes                                                              ; yes                                        ;
; mem_stage:u_mem_stage|aes_mmio:u_aes_mmio|aes128_lowpower:u_aes128_lowpower|AES128_updated_new:u_reusable_aes|round_key[117]                         ; yes                                                              ; yes                                        ;
; mem_stage:u_mem_stage|aes_mmio:u_aes_mmio|aes128_lowpower:u_aes128_lowpower|AES128_updated_new:u_reusable_aes|round_key[85]                          ; yes                                                              ; yes                                        ;
; mem_stage:u_mem_stage|aes_mmio:u_aes_mmio|aes128_lowpower:u_aes128_lowpower|AES128_updated_new:u_reusable_aes|round_key[53]                          ; yes                                                              ; yes                                        ;
; mem_stage:u_mem_stage|aes_mmio:u_aes_mmio|aes128_lowpower:u_aes128_lowpower|AES128_updated_new:u_reusable_aes|round_key[22]                          ; yes                                                              ; yes                                        ;
; mem_stage:u_mem_stage|aes_mmio:u_aes_mmio|aes128_lowpower:u_aes128_lowpower|AES128_updated_new:u_reusable_aes|round_key[118]                         ; yes                                                              ; yes                                        ;
; mem_stage:u_mem_stage|aes_mmio:u_aes_mmio|aes128_lowpower:u_aes128_lowpower|AES128_updated_new:u_reusable_aes|round_key[86]                          ; yes                                                              ; yes                                        ;
; mem_stage:u_mem_stage|aes_mmio:u_aes_mmio|aes128_lowpower:u_aes128_lowpower|AES128_updated_new:u_reusable_aes|round_key[54]                          ; yes                                                              ; yes                                        ;
; mem_stage:u_mem_stage|aes_mmio:u_aes_mmio|aes128_lowpower:u_aes128_lowpower|AES128_updated_new:u_reusable_aes|round_key[23]                          ; yes                                                              ; yes                                        ;
; mem_stage:u_mem_stage|aes_mmio:u_aes_mmio|aes128_lowpower:u_aes128_lowpower|AES128_updated_new:u_reusable_aes|round_key[119]                         ; yes                                                              ; yes                                        ;
; mem_stage:u_mem_stage|aes_mmio:u_aes_mmio|aes128_lowpower:u_aes128_lowpower|AES128_updated_new:u_reusable_aes|round_key[87]                          ; yes                                                              ; yes                                        ;
; mem_stage:u_mem_stage|aes_mmio:u_aes_mmio|aes128_lowpower:u_aes128_lowpower|AES128_updated_new:u_reusable_aes|round_key[55]                          ; yes                                                              ; yes                                        ;
; mem_stage:u_mem_stage|aes_mmio:u_aes_mmio|aes128_lowpower:u_aes128_lowpower|AES128_updated_new:u_reusable_aes|round_key[120]                         ; yes                                                              ; yes                                        ;
; mem_stage:u_mem_stage|aes_mmio:u_aes_mmio|aes128_lowpower:u_aes128_lowpower|AES128_updated_new:u_reusable_aes|round_key[88]                          ; yes                                                              ; yes                                        ;
; mem_stage:u_mem_stage|aes_mmio:u_aes_mmio|aes128_lowpower:u_aes128_lowpower|AES128_updated_new:u_reusable_aes|round_key[56]                          ; yes                                                              ; yes                                        ;
; mem_stage:u_mem_stage|aes_mmio:u_aes_mmio|aes128_lowpower:u_aes128_lowpower|AES128_updated_new:u_reusable_aes|round_key[121]                         ; yes                                                              ; yes                                        ;
; mem_stage:u_mem_stage|aes_mmio:u_aes_mmio|aes128_lowpower:u_aes128_lowpower|AES128_updated_new:u_reusable_aes|round_key[89]                          ; yes                                                              ; yes                                        ;
; mem_stage:u_mem_stage|aes_mmio:u_aes_mmio|aes128_lowpower:u_aes128_lowpower|AES128_updated_new:u_reusable_aes|round_key[57]                          ; yes                                                              ; yes                                        ;
; mem_stage:u_mem_stage|aes_mmio:u_aes_mmio|aes128_lowpower:u_aes128_lowpower|AES128_updated_new:u_reusable_aes|round_key[122]                         ; yes                                                              ; yes                                        ;
; mem_stage:u_mem_stage|aes_mmio:u_aes_mmio|aes128_lowpower:u_aes128_lowpower|AES128_updated_new:u_reusable_aes|round_key[90]                          ; yes                                                              ; yes                                        ;
; mem_stage:u_mem_stage|aes_mmio:u_aes_mmio|aes128_lowpower:u_aes128_lowpower|AES128_updated_new:u_reusable_aes|round_key[58]                          ; yes                                                              ; yes                                        ;
; mem_stage:u_mem_stage|aes_mmio:u_aes_mmio|aes128_lowpower:u_aes128_lowpower|AES128_updated_new:u_reusable_aes|round_key[123]                         ; yes                                                              ; yes                                        ;
; mem_stage:u_mem_stage|aes_mmio:u_aes_mmio|aes128_lowpower:u_aes128_lowpower|AES128_updated_new:u_reusable_aes|round_key[91]                          ; yes                                                              ; yes                                        ;
; mem_stage:u_mem_stage|aes_mmio:u_aes_mmio|aes128_lowpower:u_aes128_lowpower|AES128_updated_new:u_reusable_aes|round_key[59]                          ; yes                                                              ; yes                                        ;
; mem_stage:u_mem_stage|aes_mmio:u_aes_mmio|aes128_lowpower:u_aes128_lowpower|AES128_updated_new:u_reusable_aes|round_key[124]                         ; yes                                                              ; yes                                        ;
; mem_stage:u_mem_stage|aes_mmio:u_aes_mmio|aes128_lowpower:u_aes128_lowpower|AES128_updated_new:u_reusable_aes|round_key[92]                          ; yes                                                              ; yes                                        ;
; mem_stage:u_mem_stage|aes_mmio:u_aes_mmio|aes128_lowpower:u_aes128_lowpower|AES128_updated_new:u_reusable_aes|round_key[60]                          ; yes                                                              ; yes                                        ;
; mem_stage:u_mem_stage|aes_mmio:u_aes_mmio|aes128_lowpower:u_aes128_lowpower|AES128_updated_new:u_reusable_aes|round_key[125]                         ; yes                                                              ; yes                                        ;
; mem_stage:u_mem_stage|aes_mmio:u_aes_mmio|aes128_lowpower:u_aes128_lowpower|AES128_updated_new:u_reusable_aes|round_key[93]                          ; yes                                                              ; yes                                        ;
; mem_stage:u_mem_stage|aes_mmio:u_aes_mmio|aes128_lowpower:u_aes128_lowpower|AES128_updated_new:u_reusable_aes|round_key[61]                          ; yes                                                              ; yes                                        ;
; mem_stage:u_mem_stage|aes_mmio:u_aes_mmio|aes128_lowpower:u_aes128_lowpower|AES128_updated_new:u_reusable_aes|round_key[126]                         ; yes                                                              ; yes                                        ;
; mem_stage:u_mem_stage|aes_mmio:u_aes_mmio|aes128_lowpower:u_aes128_lowpower|AES128_updated_new:u_reusable_aes|round_key[94]                          ; yes                                                              ; yes                                        ;
; mem_stage:u_mem_stage|aes_mmio:u_aes_mmio|aes128_lowpower:u_aes128_lowpower|AES128_updated_new:u_reusable_aes|round_key[62]                          ; yes                                                              ; yes                                        ;
; mem_stage:u_mem_stage|aes_mmio:u_aes_mmio|aes128_lowpower:u_aes128_lowpower|AES128_updated_new:u_reusable_aes|round_key[127]                         ; yes                                                              ; yes                                        ;
; mem_stage:u_mem_stage|aes_mmio:u_aes_mmio|aes128_lowpower:u_aes128_lowpower|AES128_updated_new:u_reusable_aes|round_key[95]                          ; yes                                                              ; yes                                        ;
; mem_stage:u_mem_stage|aes_mmio:u_aes_mmio|aes128_lowpower:u_aes128_lowpower|AES128_updated_new:u_reusable_aes|round_key[63]                          ; yes                                                              ; yes                                        ;
; mem_stage:u_mem_stage|aes_mmio:u_aes_mmio|aes128_lowpower:u_aes128_lowpower|AES128_updated_new:u_reusable_aes|AES_KEYEXP_SEQ:u_key|running           ; yes                                                              ; yes                                        ;
; mem_stage:u_mem_stage|aes_mmio:u_aes_mmio|aes128_lowpower:u_aes128_lowpower|AES128_updated_new:u_reusable_aes|AES_SBOX_SEQ:u_sbox|running            ; yes                                                              ; yes                                        ;
; mem_stage:u_mem_stage|aes_mmio:u_aes_mmio|aes128_lowpower:u_aes128_lowpower|AES128_updated_new:u_reusable_aes|AES_SBOX_SEQ:u_sbox|idx[3]             ; yes                                                              ; yes                                        ;
; mem_stage:u_mem_stage|aes_mmio:u_aes_mmio|aes128_lowpower:u_aes128_lowpower|AES128_updated_new:u_reusable_aes|AES_SBOX_SEQ:u_sbox|idx[2]             ; yes                                                              ; yes                                        ;
; mem_stage:u_mem_stage|aes_mmio:u_aes_mmio|aes128_lowpower:u_aes128_lowpower|AES128_updated_new:u_reusable_aes|AES_SBOX_SEQ:u_sbox|idx[1]             ; yes                                                              ; yes                                        ;
; mem_stage:u_mem_stage|aes_mmio:u_aes_mmio|aes128_lowpower:u_aes128_lowpower|AES128_updated_new:u_reusable_aes|AES_SBOX_SEQ:u_sbox|idx[0]             ; yes                                                              ; yes                                        ;
; mem_stage:u_mem_stage|aes_mmio:u_aes_mmio|aes128_lowpower:u_aes128_lowpower|AES128_updated_new:u_reusable_aes|AES_MIXCOL_SEQ:u_mix|running           ; yes                                                              ; yes                                        ;
; mem_stage:u_mem_stage|aes_mmio:u_aes_mmio|aes128_lowpower:u_aes128_lowpower|AES128_updated_new:u_reusable_aes|AES_MIXCOL_SEQ:u_mix|col[1]            ; yes                                                              ; yes                                        ;
; mem_stage:u_mem_stage|aes_mmio:u_aes_mmio|aes128_lowpower:u_aes128_lowpower|AES128_updated_new:u_reusable_aes|AES_MIXCOL_SEQ:u_mix|col[0]            ; yes                                                              ; yes                                        ;
; mem_stage:u_mem_stage|canfd_secoc_mmio:u_canfd_secoc_mmio|aes128_lowpower:u_secoc_aes|AES128_updated_new:u_reusable_aes|state[2]                     ; yes                                                              ; yes                                        ;
; mem_stage:u_mem_stage|canfd_secoc_mmio:u_canfd_secoc_mmio|aes128_lowpower:u_secoc_aes|AES128_updated_new:u_reusable_aes|state[3]                     ; yes                                                              ; yes                                        ;
; mem_stage:u_mem_stage|canfd_secoc_mmio:u_canfd_secoc_mmio|aes128_lowpower:u_secoc_aes|AES128_updated_new:u_reusable_aes|state[1]                     ; yes                                                              ; yes                                        ;
; mem_stage:u_mem_stage|canfd_secoc_mmio:u_canfd_secoc_mmio|aes128_lowpower:u_secoc_aes|AES128_updated_new:u_reusable_aes|state[0]                     ; yes                                                              ; yes                                        ;
; mem_stage:u_mem_stage|canfd_secoc_mmio:u_canfd_secoc_mmio|aes128_lowpower:u_secoc_aes|AES128_updated_new:u_reusable_aes|state_reg[64]                ; yes                                                              ; yes                                        ;
; mem_stage:u_mem_stage|canfd_secoc_mmio:u_canfd_secoc_mmio|aes128_lowpower:u_secoc_aes|AES128_updated_new:u_reusable_aes|round[0]                     ; yes                                                              ; yes                                        ;
; mem_stage:u_mem_stage|canfd_secoc_mmio:u_canfd_secoc_mmio|aes128_lowpower:u_secoc_aes|AES128_updated_new:u_reusable_aes|round[3]                     ; yes                                                              ; yes                                        ;
; mem_stage:u_mem_stage|canfd_secoc_mmio:u_canfd_secoc_mmio|aes128_lowpower:u_secoc_aes|AES128_updated_new:u_reusable_aes|round[2]                     ; yes                                                              ; yes                                        ;
; mem_stage:u_mem_stage|canfd_secoc_mmio:u_canfd_secoc_mmio|aes128_lowpower:u_secoc_aes|AES128_updated_new:u_reusable_aes|round[1]                     ; yes                                                              ; yes                                        ;
; mem_stage:u_mem_stage|canfd_secoc_mmio:u_canfd_secoc_mmio|aes128_lowpower:u_secoc_aes|AES128_updated_new:u_reusable_aes|state_reg[65]                ; yes                                                              ; yes                                        ;
; mem_stage:u_mem_stage|canfd_secoc_mmio:u_canfd_secoc_mmio|aes128_lowpower:u_secoc_aes|AES128_updated_new:u_reusable_aes|state_reg[66]                ; yes                                                              ; yes                                        ;
; mem_stage:u_mem_stage|canfd_secoc_mmio:u_canfd_secoc_mmio|aes128_lowpower:u_secoc_aes|AES128_updated_new:u_reusable_aes|state_reg[67]                ; yes                                                              ; yes                                        ;
; mem_stage:u_mem_stage|canfd_secoc_mmio:u_canfd_secoc_mmio|aes128_lowpower:u_secoc_aes|AES128_updated_new:u_reusable_aes|state_reg[68]                ; yes                                                              ; yes                                        ;
; mem_stage:u_mem_stage|canfd_secoc_mmio:u_canfd_secoc_mmio|aes128_lowpower:u_secoc_aes|AES128_updated_new:u_reusable_aes|state_reg[69]                ; yes                                                              ; yes                                        ;
; mem_stage:u_mem_stage|canfd_secoc_mmio:u_canfd_secoc_mmio|aes128_lowpower:u_secoc_aes|AES128_updated_new:u_reusable_aes|state_reg[70]                ; yes                                                              ; yes                                        ;
; mem_stage:u_mem_stage|canfd_secoc_mmio:u_canfd_secoc_mmio|aes128_lowpower:u_secoc_aes|AES128_updated_new:u_reusable_aes|state_reg[71]                ; yes                                                              ; yes                                        ;
; mem_stage:u_mem_stage|canfd_secoc_mmio:u_canfd_secoc_mmio|aes128_lowpower:u_secoc_aes|AES128_updated_new:u_reusable_aes|state_reg[72]                ; yes                                                              ; yes                                        ;
; mem_stage:u_mem_stage|canfd_secoc_mmio:u_canfd_secoc_mmio|aes128_lowpower:u_secoc_aes|AES128_updated_new:u_reusable_aes|state_reg[73]                ; yes                                                              ; yes                                        ;
; mem_stage:u_mem_stage|canfd_secoc_mmio:u_canfd_secoc_mmio|aes128_lowpower:u_secoc_aes|AES128_updated_new:u_reusable_aes|state_reg[74]                ; yes                                                              ; yes                                        ;
; mem_stage:u_mem_stage|canfd_secoc_mmio:u_canfd_secoc_mmio|aes128_lowpower:u_secoc_aes|AES128_updated_new:u_reusable_aes|state_reg[75]                ; yes                                                              ; yes                                        ;
; mem_stage:u_mem_stage|canfd_secoc_mmio:u_canfd_secoc_mmio|aes128_lowpower:u_secoc_aes|AES128_updated_new:u_reusable_aes|state_reg[76]                ; yes                                                              ; yes                                        ;
; mem_stage:u_mem_stage|canfd_secoc_mmio:u_canfd_secoc_mmio|aes128_lowpower:u_secoc_aes|AES128_updated_new:u_reusable_aes|state_reg[77]                ; yes                                                              ; yes                                        ;
; mem_stage:u_mem_stage|canfd_secoc_mmio:u_canfd_secoc_mmio|aes128_lowpower:u_secoc_aes|AES128_updated_new:u_reusable_aes|state_reg[78]                ; yes                                                              ; yes                                        ;
; mem_stage:u_mem_stage|canfd_secoc_mmio:u_canfd_secoc_mmio|aes128_lowpower:u_secoc_aes|AES128_updated_new:u_reusable_aes|state_reg[79]                ; yes                                                              ; yes                                        ;
; mem_stage:u_mem_stage|canfd_secoc_mmio:u_canfd_secoc_mmio|aes128_lowpower:u_secoc_aes|AES128_updated_new:u_reusable_aes|state_reg[80]                ; yes                                                              ; yes                                        ;
; mem_stage:u_mem_stage|canfd_secoc_mmio:u_canfd_secoc_mmio|aes128_lowpower:u_secoc_aes|AES128_updated_new:u_reusable_aes|state_reg[81]                ; yes                                                              ; yes                                        ;
; mem_stage:u_mem_stage|canfd_secoc_mmio:u_canfd_secoc_mmio|aes128_lowpower:u_secoc_aes|AES128_updated_new:u_reusable_aes|state_reg[82]                ; yes                                                              ; yes                                        ;
; mem_stage:u_mem_stage|canfd_secoc_mmio:u_canfd_secoc_mmio|aes128_lowpower:u_secoc_aes|AES128_updated_new:u_reusable_aes|state_reg[83]                ; yes                                                              ; yes                                        ;
; mem_stage:u_mem_stage|canfd_secoc_mmio:u_canfd_secoc_mmio|aes128_lowpower:u_secoc_aes|AES128_updated_new:u_reusable_aes|state_reg[84]                ; yes                                                              ; yes                                        ;
; mem_stage:u_mem_stage|canfd_secoc_mmio:u_canfd_secoc_mmio|aes128_lowpower:u_secoc_aes|AES128_updated_new:u_reusable_aes|state_reg[85]                ; yes                                                              ; yes                                        ;
; mem_stage:u_mem_stage|canfd_secoc_mmio:u_canfd_secoc_mmio|aes128_lowpower:u_secoc_aes|AES128_updated_new:u_reusable_aes|state_reg[86]                ; yes                                                              ; yes                                        ;
; mem_stage:u_mem_stage|canfd_secoc_mmio:u_canfd_secoc_mmio|aes128_lowpower:u_secoc_aes|AES128_updated_new:u_reusable_aes|state_reg[87]                ; yes                                                              ; yes                                        ;
; mem_stage:u_mem_stage|canfd_secoc_mmio:u_canfd_secoc_mmio|aes128_lowpower:u_secoc_aes|AES128_updated_new:u_reusable_aes|state_reg[88]                ; yes                                                              ; yes                                        ;
; mem_stage:u_mem_stage|canfd_secoc_mmio:u_canfd_secoc_mmio|aes128_lowpower:u_secoc_aes|AES128_updated_new:u_reusable_aes|state_reg[89]                ; yes                                                              ; yes                                        ;
; mem_stage:u_mem_stage|canfd_secoc_mmio:u_canfd_secoc_mmio|aes128_lowpower:u_secoc_aes|AES128_updated_new:u_reusable_aes|state_reg[90]                ; yes                                                              ; yes                                        ;
; mem_stage:u_mem_stage|canfd_secoc_mmio:u_canfd_secoc_mmio|aes128_lowpower:u_secoc_aes|AES128_updated_new:u_reusable_aes|state_reg[91]                ; yes                                                              ; yes                                        ;
; mem_stage:u_mem_stage|canfd_secoc_mmio:u_canfd_secoc_mmio|aes128_lowpower:u_secoc_aes|AES128_updated_new:u_reusable_aes|state_reg[92]                ; yes                                                              ; yes                                        ;
; mem_stage:u_mem_stage|canfd_secoc_mmio:u_canfd_secoc_mmio|aes128_lowpower:u_secoc_aes|AES128_updated_new:u_reusable_aes|state_reg[93]                ; yes                                                              ; yes                                        ;
; mem_stage:u_mem_stage|canfd_secoc_mmio:u_canfd_secoc_mmio|aes128_lowpower:u_secoc_aes|AES128_updated_new:u_reusable_aes|state_reg[94]                ; yes                                                              ; yes                                        ;
; mem_stage:u_mem_stage|canfd_secoc_mmio:u_canfd_secoc_mmio|aes128_lowpower:u_secoc_aes|AES128_updated_new:u_reusable_aes|state_reg[95]                ; yes                                                              ; yes                                        ;
; mem_stage:u_mem_stage|canfd_secoc_mmio:u_canfd_secoc_mmio|aes128_lowpower:u_secoc_aes|AES128_updated_new:u_reusable_aes|state_reg[96]                ; yes                                                              ; yes                                        ;
; mem_stage:u_mem_stage|canfd_secoc_mmio:u_canfd_secoc_mmio|aes128_lowpower:u_secoc_aes|AES128_updated_new:u_reusable_aes|state_reg[97]                ; yes                                                              ; yes                                        ;
; mem_stage:u_mem_stage|canfd_secoc_mmio:u_canfd_secoc_mmio|aes128_lowpower:u_secoc_aes|AES128_updated_new:u_reusable_aes|state_reg[98]                ; yes                                                              ; yes                                        ;
; mem_stage:u_mem_stage|canfd_secoc_mmio:u_canfd_secoc_mmio|aes128_lowpower:u_secoc_aes|AES128_updated_new:u_reusable_aes|state_reg[99]                ; yes                                                              ; yes                                        ;
; mem_stage:u_mem_stage|canfd_secoc_mmio:u_canfd_secoc_mmio|aes128_lowpower:u_secoc_aes|AES128_updated_new:u_reusable_aes|state_reg[100]               ; yes                                                              ; yes                                        ;
; mem_stage:u_mem_stage|canfd_secoc_mmio:u_canfd_secoc_mmio|aes128_lowpower:u_secoc_aes|AES128_updated_new:u_reusable_aes|state_reg[101]               ; yes                                                              ; yes                                        ;
; mem_stage:u_mem_stage|canfd_secoc_mmio:u_canfd_secoc_mmio|aes128_lowpower:u_secoc_aes|AES128_updated_new:u_reusable_aes|state_reg[102]               ; yes                                                              ; yes                                        ;
; mem_stage:u_mem_stage|canfd_secoc_mmio:u_canfd_secoc_mmio|aes128_lowpower:u_secoc_aes|AES128_updated_new:u_reusable_aes|state_reg[103]               ; yes                                                              ; yes                                        ;
; mem_stage:u_mem_stage|canfd_secoc_mmio:u_canfd_secoc_mmio|aes128_lowpower:u_secoc_aes|AES128_updated_new:u_reusable_aes|state_reg[104]               ; yes                                                              ; yes                                        ;
; mem_stage:u_mem_stage|canfd_secoc_mmio:u_canfd_secoc_mmio|aes128_lowpower:u_secoc_aes|AES128_updated_new:u_reusable_aes|state_reg[105]               ; yes                                                              ; yes                                        ;
; mem_stage:u_mem_stage|canfd_secoc_mmio:u_canfd_secoc_mmio|aes128_lowpower:u_secoc_aes|AES128_updated_new:u_reusable_aes|state_reg[106]               ; yes                                                              ; yes                                        ;
; mem_stage:u_mem_stage|canfd_secoc_mmio:u_canfd_secoc_mmio|aes128_lowpower:u_secoc_aes|AES128_updated_new:u_reusable_aes|state_reg[107]               ; yes                                                              ; yes                                        ;
; mem_stage:u_mem_stage|canfd_secoc_mmio:u_canfd_secoc_mmio|aes128_lowpower:u_secoc_aes|AES128_updated_new:u_reusable_aes|state_reg[108]               ; yes                                                              ; yes                                        ;
; mem_stage:u_mem_stage|canfd_secoc_mmio:u_canfd_secoc_mmio|aes128_lowpower:u_secoc_aes|AES128_updated_new:u_reusable_aes|state_reg[109]               ; yes                                                              ; yes                                        ;
; mem_stage:u_mem_stage|canfd_secoc_mmio:u_canfd_secoc_mmio|aes128_lowpower:u_secoc_aes|AES128_updated_new:u_reusable_aes|state_reg[110]               ; yes                                                              ; yes                                        ;
; mem_stage:u_mem_stage|canfd_secoc_mmio:u_canfd_secoc_mmio|aes128_lowpower:u_secoc_aes|AES128_updated_new:u_reusable_aes|state_reg[111]               ; yes                                                              ; yes                                        ;
; mem_stage:u_mem_stage|canfd_secoc_mmio:u_canfd_secoc_mmio|aes128_lowpower:u_secoc_aes|AES128_updated_new:u_reusable_aes|state_reg[112]               ; yes                                                              ; yes                                        ;
; mem_stage:u_mem_stage|canfd_secoc_mmio:u_canfd_secoc_mmio|aes128_lowpower:u_secoc_aes|AES128_updated_new:u_reusable_aes|state_reg[113]               ; yes                                                              ; yes                                        ;
; mem_stage:u_mem_stage|canfd_secoc_mmio:u_canfd_secoc_mmio|aes128_lowpower:u_secoc_aes|AES128_updated_new:u_reusable_aes|state_reg[114]               ; yes                                                              ; yes                                        ;
; mem_stage:u_mem_stage|canfd_secoc_mmio:u_canfd_secoc_mmio|aes128_lowpower:u_secoc_aes|AES128_updated_new:u_reusable_aes|state_reg[115]               ; yes                                                              ; yes                                        ;
; mem_stage:u_mem_stage|canfd_secoc_mmio:u_canfd_secoc_mmio|aes128_lowpower:u_secoc_aes|AES128_updated_new:u_reusable_aes|state_reg[116]               ; yes                                                              ; yes                                        ;
; mem_stage:u_mem_stage|canfd_secoc_mmio:u_canfd_secoc_mmio|aes128_lowpower:u_secoc_aes|AES128_updated_new:u_reusable_aes|state_reg[117]               ; yes                                                              ; yes                                        ;
; mem_stage:u_mem_stage|canfd_secoc_mmio:u_canfd_secoc_mmio|aes128_lowpower:u_secoc_aes|AES128_updated_new:u_reusable_aes|state_reg[118]               ; yes                                                              ; yes                                        ;
; mem_stage:u_mem_stage|canfd_secoc_mmio:u_canfd_secoc_mmio|aes128_lowpower:u_secoc_aes|AES128_updated_new:u_reusable_aes|state_reg[119]               ; yes                                                              ; yes                                        ;
; mem_stage:u_mem_stage|canfd_secoc_mmio:u_canfd_secoc_mmio|aes128_lowpower:u_secoc_aes|AES128_updated_new:u_reusable_aes|state_reg[120]               ; yes                                                              ; yes                                        ;
; mem_stage:u_mem_stage|canfd_secoc_mmio:u_canfd_secoc_mmio|aes128_lowpower:u_secoc_aes|AES128_updated_new:u_reusable_aes|state_reg[121]               ; yes                                                              ; yes                                        ;
; mem_stage:u_mem_stage|canfd_secoc_mmio:u_canfd_secoc_mmio|aes128_lowpower:u_secoc_aes|AES128_updated_new:u_reusable_aes|state_reg[122]               ; yes                                                              ; yes                                        ;
; mem_stage:u_mem_stage|canfd_secoc_mmio:u_canfd_secoc_mmio|aes128_lowpower:u_secoc_aes|AES128_updated_new:u_reusable_aes|state_reg[123]               ; yes                                                              ; yes                                        ;
; mem_stage:u_mem_stage|canfd_secoc_mmio:u_canfd_secoc_mmio|aes128_lowpower:u_secoc_aes|AES128_updated_new:u_reusable_aes|state_reg[124]               ; yes                                                              ; yes                                        ;
; mem_stage:u_mem_stage|canfd_secoc_mmio:u_canfd_secoc_mmio|aes128_lowpower:u_secoc_aes|AES128_updated_new:u_reusable_aes|state_reg[125]               ; yes                                                              ; yes                                        ;
; mem_stage:u_mem_stage|canfd_secoc_mmio:u_canfd_secoc_mmio|aes128_lowpower:u_secoc_aes|AES128_updated_new:u_reusable_aes|state_reg[126]               ; yes                                                              ; yes                                        ;
; mem_stage:u_mem_stage|canfd_secoc_mmio:u_canfd_secoc_mmio|aes128_lowpower:u_secoc_aes|AES128_updated_new:u_reusable_aes|state_reg[127]               ; yes                                                              ; yes                                        ;
; mem_stage:u_mem_stage|canfd_secoc_mmio:u_canfd_secoc_mmio|aes128_lowpower:u_secoc_aes|AES128_updated_new:u_reusable_aes|AES_MIXCOL_SEQ:u_mix|running ; yes                                                              ; yes                                        ;
; mem_stage:u_mem_stage|canfd_secoc_mmio:u_canfd_secoc_mmio|aes128_lowpower:u_secoc_aes|AES128_updated_new:u_reusable_aes|AES_MIXCOL_SEQ:u_mix|col[1]  ; yes                                                              ; yes                                        ;
; mem_stage:u_mem_stage|canfd_secoc_mmio:u_canfd_secoc_mmio|aes128_lowpower:u_secoc_aes|AES128_updated_new:u_reusable_aes|AES_MIXCOL_SEQ:u_mix|col[0]  ; yes                                                              ; yes                                        ;
; mem_stage:u_mem_stage|canfd_secoc_mmio:u_canfd_secoc_mmio|aes128_lowpower:u_secoc_aes|AES128_updated_new:u_reusable_aes|round_key[96]                ; yes                                                              ; yes                                        ;
; mem_stage:u_mem_stage|canfd_secoc_mmio:u_canfd_secoc_mmio|aes128_lowpower:u_secoc_aes|AES128_updated_new:u_reusable_aes|round_key[24]                ; yes                                                              ; yes                                        ;
; mem_stage:u_mem_stage|canfd_secoc_mmio:u_canfd_secoc_mmio|aes128_lowpower:u_secoc_aes|AES128_updated_new:u_reusable_aes|round_key[25]                ; yes                                                              ; yes                                        ;
; mem_stage:u_mem_stage|canfd_secoc_mmio:u_canfd_secoc_mmio|aes128_lowpower:u_secoc_aes|AES128_updated_new:u_reusable_aes|round_key[26]                ; yes                                                              ; yes                                        ;
; mem_stage:u_mem_stage|canfd_secoc_mmio:u_canfd_secoc_mmio|aes128_lowpower:u_secoc_aes|AES128_updated_new:u_reusable_aes|round_key[27]                ; yes                                                              ; yes                                        ;
; mem_stage:u_mem_stage|canfd_secoc_mmio:u_canfd_secoc_mmio|aes128_lowpower:u_secoc_aes|AES128_updated_new:u_reusable_aes|round_key[30]                ; yes                                                              ; yes                                        ;
; mem_stage:u_mem_stage|canfd_secoc_mmio:u_canfd_secoc_mmio|aes128_lowpower:u_secoc_aes|AES128_updated_new:u_reusable_aes|round_key[29]                ; yes                                                              ; yes                                        ;
; mem_stage:u_mem_stage|canfd_secoc_mmio:u_canfd_secoc_mmio|aes128_lowpower:u_secoc_aes|AES128_updated_new:u_reusable_aes|round_key[28]                ; yes                                                              ; yes                                        ;
; mem_stage:u_mem_stage|canfd_secoc_mmio:u_canfd_secoc_mmio|aes128_lowpower:u_secoc_aes|AES128_updated_new:u_reusable_aes|round_key[31]                ; yes                                                              ; yes                                        ;
; mem_stage:u_mem_stage|canfd_secoc_mmio:u_canfd_secoc_mmio|aes128_lowpower:u_secoc_aes|AES128_updated_new:u_reusable_aes|round_key[64]                ; yes                                                              ; yes                                        ;
; mem_stage:u_mem_stage|canfd_secoc_mmio:u_canfd_secoc_mmio|aes128_lowpower:u_secoc_aes|AES128_updated_new:u_reusable_aes|round_key[97]                ; yes                                                              ; yes                                        ;
; mem_stage:u_mem_stage|canfd_secoc_mmio:u_canfd_secoc_mmio|aes128_lowpower:u_secoc_aes|AES128_updated_new:u_reusable_aes|round_key[65]                ; yes                                                              ; yes                                        ;
; mem_stage:u_mem_stage|canfd_secoc_mmio:u_canfd_secoc_mmio|aes128_lowpower:u_secoc_aes|AES128_updated_new:u_reusable_aes|round_key[98]                ; yes                                                              ; yes                                        ;
; mem_stage:u_mem_stage|canfd_secoc_mmio:u_canfd_secoc_mmio|aes128_lowpower:u_secoc_aes|AES128_updated_new:u_reusable_aes|round_key[66]                ; yes                                                              ; yes                                        ;
; mem_stage:u_mem_stage|canfd_secoc_mmio:u_canfd_secoc_mmio|aes128_lowpower:u_secoc_aes|AES128_updated_new:u_reusable_aes|round_key[99]                ; yes                                                              ; yes                                        ;
; mem_stage:u_mem_stage|canfd_secoc_mmio:u_canfd_secoc_mmio|aes128_lowpower:u_secoc_aes|AES128_updated_new:u_reusable_aes|round_key[67]                ; yes                                                              ; yes                                        ;
; mem_stage:u_mem_stage|canfd_secoc_mmio:u_canfd_secoc_mmio|aes128_lowpower:u_secoc_aes|AES128_updated_new:u_reusable_aes|round_key[100]               ; yes                                                              ; yes                                        ;
; mem_stage:u_mem_stage|canfd_secoc_mmio:u_canfd_secoc_mmio|aes128_lowpower:u_secoc_aes|AES128_updated_new:u_reusable_aes|round_key[68]                ; yes                                                              ; yes                                        ;
; mem_stage:u_mem_stage|canfd_secoc_mmio:u_canfd_secoc_mmio|aes128_lowpower:u_secoc_aes|AES128_updated_new:u_reusable_aes|round_key[101]               ; yes                                                              ; yes                                        ;
; mem_stage:u_mem_stage|canfd_secoc_mmio:u_canfd_secoc_mmio|aes128_lowpower:u_secoc_aes|AES128_updated_new:u_reusable_aes|round_key[69]                ; yes                                                              ; yes                                        ;
; mem_stage:u_mem_stage|canfd_secoc_mmio:u_canfd_secoc_mmio|aes128_lowpower:u_secoc_aes|AES128_updated_new:u_reusable_aes|round_key[102]               ; yes                                                              ; yes                                        ;
; mem_stage:u_mem_stage|canfd_secoc_mmio:u_canfd_secoc_mmio|aes128_lowpower:u_secoc_aes|AES128_updated_new:u_reusable_aes|round_key[70]                ; yes                                                              ; yes                                        ;
; mem_stage:u_mem_stage|canfd_secoc_mmio:u_canfd_secoc_mmio|aes128_lowpower:u_secoc_aes|AES128_updated_new:u_reusable_aes|round_key[103]               ; yes                                                              ; yes                                        ;
; mem_stage:u_mem_stage|canfd_secoc_mmio:u_canfd_secoc_mmio|aes128_lowpower:u_secoc_aes|AES128_updated_new:u_reusable_aes|round_key[71]                ; yes                                                              ; yes                                        ;
; mem_stage:u_mem_stage|canfd_secoc_mmio:u_canfd_secoc_mmio|aes128_lowpower:u_secoc_aes|AES128_updated_new:u_reusable_aes|round_key[104]               ; yes                                                              ; yes                                        ;
; mem_stage:u_mem_stage|canfd_secoc_mmio:u_canfd_secoc_mmio|aes128_lowpower:u_secoc_aes|AES128_updated_new:u_reusable_aes|round_key[0]                 ; yes                                                              ; yes                                        ;
; mem_stage:u_mem_stage|canfd_secoc_mmio:u_canfd_secoc_mmio|aes128_lowpower:u_secoc_aes|AES128_updated_new:u_reusable_aes|round_key[1]                 ; yes                                                              ; yes                                        ;
; mem_stage:u_mem_stage|canfd_secoc_mmio:u_canfd_secoc_mmio|aes128_lowpower:u_secoc_aes|AES128_updated_new:u_reusable_aes|round_key[2]                 ; yes                                                              ; yes                                        ;
; mem_stage:u_mem_stage|canfd_secoc_mmio:u_canfd_secoc_mmio|aes128_lowpower:u_secoc_aes|AES128_updated_new:u_reusable_aes|round_key[3]                 ; yes                                                              ; yes                                        ;
; mem_stage:u_mem_stage|canfd_secoc_mmio:u_canfd_secoc_mmio|aes128_lowpower:u_secoc_aes|AES128_updated_new:u_reusable_aes|round_key[6]                 ; yes                                                              ; yes                                        ;
; mem_stage:u_mem_stage|canfd_secoc_mmio:u_canfd_secoc_mmio|aes128_lowpower:u_secoc_aes|AES128_updated_new:u_reusable_aes|round_key[5]                 ; yes                                                              ; yes                                        ;
; mem_stage:u_mem_stage|canfd_secoc_mmio:u_canfd_secoc_mmio|aes128_lowpower:u_secoc_aes|AES128_updated_new:u_reusable_aes|round_key[4]                 ; yes                                                              ; yes                                        ;
; mem_stage:u_mem_stage|canfd_secoc_mmio:u_canfd_secoc_mmio|aes128_lowpower:u_secoc_aes|AES128_updated_new:u_reusable_aes|round_key[7]                 ; yes                                                              ; yes                                        ;
; mem_stage:u_mem_stage|canfd_secoc_mmio:u_canfd_secoc_mmio|aes128_lowpower:u_secoc_aes|AES128_updated_new:u_reusable_aes|round_key[72]                ; yes                                                              ; yes                                        ;
; mem_stage:u_mem_stage|canfd_secoc_mmio:u_canfd_secoc_mmio|aes128_lowpower:u_secoc_aes|AES128_updated_new:u_reusable_aes|round_key[105]               ; yes                                                              ; yes                                        ;
; mem_stage:u_mem_stage|canfd_secoc_mmio:u_canfd_secoc_mmio|aes128_lowpower:u_secoc_aes|AES128_updated_new:u_reusable_aes|round_key[73]                ; yes                                                              ; yes                                        ;
; mem_stage:u_mem_stage|canfd_secoc_mmio:u_canfd_secoc_mmio|aes128_lowpower:u_secoc_aes|AES128_updated_new:u_reusable_aes|round_key[106]               ; yes                                                              ; yes                                        ;
; mem_stage:u_mem_stage|canfd_secoc_mmio:u_canfd_secoc_mmio|aes128_lowpower:u_secoc_aes|AES128_updated_new:u_reusable_aes|round_key[74]                ; yes                                                              ; yes                                        ;
; mem_stage:u_mem_stage|canfd_secoc_mmio:u_canfd_secoc_mmio|aes128_lowpower:u_secoc_aes|AES128_updated_new:u_reusable_aes|round_key[107]               ; yes                                                              ; yes                                        ;
; mem_stage:u_mem_stage|canfd_secoc_mmio:u_canfd_secoc_mmio|aes128_lowpower:u_secoc_aes|AES128_updated_new:u_reusable_aes|round_key[75]                ; yes                                                              ; yes                                        ;
; mem_stage:u_mem_stage|canfd_secoc_mmio:u_canfd_secoc_mmio|aes128_lowpower:u_secoc_aes|AES128_updated_new:u_reusable_aes|round_key[108]               ; yes                                                              ; yes                                        ;
; mem_stage:u_mem_stage|canfd_secoc_mmio:u_canfd_secoc_mmio|aes128_lowpower:u_secoc_aes|AES128_updated_new:u_reusable_aes|round_key[76]                ; yes                                                              ; yes                                        ;
; mem_stage:u_mem_stage|canfd_secoc_mmio:u_canfd_secoc_mmio|aes128_lowpower:u_secoc_aes|AES128_updated_new:u_reusable_aes|round_key[109]               ; yes                                                              ; yes                                        ;
; mem_stage:u_mem_stage|canfd_secoc_mmio:u_canfd_secoc_mmio|aes128_lowpower:u_secoc_aes|AES128_updated_new:u_reusable_aes|round_key[77]                ; yes                                                              ; yes                                        ;
; mem_stage:u_mem_stage|canfd_secoc_mmio:u_canfd_secoc_mmio|aes128_lowpower:u_secoc_aes|AES128_updated_new:u_reusable_aes|round_key[110]               ; yes                                                              ; yes                                        ;
; mem_stage:u_mem_stage|canfd_secoc_mmio:u_canfd_secoc_mmio|aes128_lowpower:u_secoc_aes|AES128_updated_new:u_reusable_aes|round_key[78]                ; yes                                                              ; yes                                        ;
; mem_stage:u_mem_stage|canfd_secoc_mmio:u_canfd_secoc_mmio|aes128_lowpower:u_secoc_aes|AES128_updated_new:u_reusable_aes|round_key[111]               ; yes                                                              ; yes                                        ;
; mem_stage:u_mem_stage|canfd_secoc_mmio:u_canfd_secoc_mmio|aes128_lowpower:u_secoc_aes|AES128_updated_new:u_reusable_aes|round_key[79]                ; yes                                                              ; yes                                        ;
; mem_stage:u_mem_stage|canfd_secoc_mmio:u_canfd_secoc_mmio|aes128_lowpower:u_secoc_aes|AES128_updated_new:u_reusable_aes|round_key[112]               ; yes                                                              ; yes                                        ;
; mem_stage:u_mem_stage|canfd_secoc_mmio:u_canfd_secoc_mmio|aes128_lowpower:u_secoc_aes|AES128_updated_new:u_reusable_aes|round_key[8]                 ; yes                                                              ; yes                                        ;
; mem_stage:u_mem_stage|canfd_secoc_mmio:u_canfd_secoc_mmio|aes128_lowpower:u_secoc_aes|AES128_updated_new:u_reusable_aes|round_key[9]                 ; yes                                                              ; yes                                        ;
; mem_stage:u_mem_stage|canfd_secoc_mmio:u_canfd_secoc_mmio|aes128_lowpower:u_secoc_aes|AES128_updated_new:u_reusable_aes|round_key[10]                ; yes                                                              ; yes                                        ;
; mem_stage:u_mem_stage|canfd_secoc_mmio:u_canfd_secoc_mmio|aes128_lowpower:u_secoc_aes|AES128_updated_new:u_reusable_aes|round_key[11]                ; yes                                                              ; yes                                        ;
; mem_stage:u_mem_stage|canfd_secoc_mmio:u_canfd_secoc_mmio|aes128_lowpower:u_secoc_aes|AES128_updated_new:u_reusable_aes|round_key[14]                ; yes                                                              ; yes                                        ;
; mem_stage:u_mem_stage|canfd_secoc_mmio:u_canfd_secoc_mmio|aes128_lowpower:u_secoc_aes|AES128_updated_new:u_reusable_aes|round_key[13]                ; yes                                                              ; yes                                        ;
; mem_stage:u_mem_stage|canfd_secoc_mmio:u_canfd_secoc_mmio|aes128_lowpower:u_secoc_aes|AES128_updated_new:u_reusable_aes|round_key[12]                ; yes                                                              ; yes                                        ;
; mem_stage:u_mem_stage|canfd_secoc_mmio:u_canfd_secoc_mmio|aes128_lowpower:u_secoc_aes|AES128_updated_new:u_reusable_aes|round_key[15]                ; yes                                                              ; yes                                        ;
; mem_stage:u_mem_stage|canfd_secoc_mmio:u_canfd_secoc_mmio|aes128_lowpower:u_secoc_aes|AES128_updated_new:u_reusable_aes|round_key[80]                ; yes                                                              ; yes                                        ;
; mem_stage:u_mem_stage|canfd_secoc_mmio:u_canfd_secoc_mmio|aes128_lowpower:u_secoc_aes|AES128_updated_new:u_reusable_aes|round_key[113]               ; yes                                                              ; yes                                        ;
; mem_stage:u_mem_stage|canfd_secoc_mmio:u_canfd_secoc_mmio|aes128_lowpower:u_secoc_aes|AES128_updated_new:u_reusable_aes|round_key[81]                ; yes                                                              ; yes                                        ;
; mem_stage:u_mem_stage|canfd_secoc_mmio:u_canfd_secoc_mmio|aes128_lowpower:u_secoc_aes|AES128_updated_new:u_reusable_aes|round_key[114]               ; yes                                                              ; yes                                        ;
; mem_stage:u_mem_stage|canfd_secoc_mmio:u_canfd_secoc_mmio|aes128_lowpower:u_secoc_aes|AES128_updated_new:u_reusable_aes|round_key[82]                ; yes                                                              ; yes                                        ;
; mem_stage:u_mem_stage|canfd_secoc_mmio:u_canfd_secoc_mmio|aes128_lowpower:u_secoc_aes|AES128_updated_new:u_reusable_aes|round_key[115]               ; yes                                                              ; yes                                        ;
; mem_stage:u_mem_stage|canfd_secoc_mmio:u_canfd_secoc_mmio|aes128_lowpower:u_secoc_aes|AES128_updated_new:u_reusable_aes|round_key[83]                ; yes                                                              ; yes                                        ;
; mem_stage:u_mem_stage|canfd_secoc_mmio:u_canfd_secoc_mmio|aes128_lowpower:u_secoc_aes|AES128_updated_new:u_reusable_aes|round_key[116]               ; yes                                                              ; yes                                        ;
; mem_stage:u_mem_stage|canfd_secoc_mmio:u_canfd_secoc_mmio|aes128_lowpower:u_secoc_aes|AES128_updated_new:u_reusable_aes|round_key[84]                ; yes                                                              ; yes                                        ;
; mem_stage:u_mem_stage|canfd_secoc_mmio:u_canfd_secoc_mmio|aes128_lowpower:u_secoc_aes|AES128_updated_new:u_reusable_aes|round_key[117]               ; yes                                                              ; yes                                        ;
; mem_stage:u_mem_stage|canfd_secoc_mmio:u_canfd_secoc_mmio|aes128_lowpower:u_secoc_aes|AES128_updated_new:u_reusable_aes|round_key[85]                ; yes                                                              ; yes                                        ;
; mem_stage:u_mem_stage|canfd_secoc_mmio:u_canfd_secoc_mmio|aes128_lowpower:u_secoc_aes|AES128_updated_new:u_reusable_aes|round_key[118]               ; yes                                                              ; yes                                        ;
; mem_stage:u_mem_stage|canfd_secoc_mmio:u_canfd_secoc_mmio|aes128_lowpower:u_secoc_aes|AES128_updated_new:u_reusable_aes|round_key[86]                ; yes                                                              ; yes                                        ;
; mem_stage:u_mem_stage|canfd_secoc_mmio:u_canfd_secoc_mmio|aes128_lowpower:u_secoc_aes|AES128_updated_new:u_reusable_aes|round_key[119]               ; yes                                                              ; yes                                        ;
; mem_stage:u_mem_stage|canfd_secoc_mmio:u_canfd_secoc_mmio|aes128_lowpower:u_secoc_aes|AES128_updated_new:u_reusable_aes|round_key[87]                ; yes                                                              ; yes                                        ;
; mem_stage:u_mem_stage|canfd_secoc_mmio:u_canfd_secoc_mmio|aes128_lowpower:u_secoc_aes|AES128_updated_new:u_reusable_aes|round_key[16]                ; yes                                                              ; yes                                        ;
; mem_stage:u_mem_stage|canfd_secoc_mmio:u_canfd_secoc_mmio|aes128_lowpower:u_secoc_aes|AES128_updated_new:u_reusable_aes|round_key[17]                ; yes                                                              ; yes                                        ;
; mem_stage:u_mem_stage|canfd_secoc_mmio:u_canfd_secoc_mmio|aes128_lowpower:u_secoc_aes|AES128_updated_new:u_reusable_aes|round_key[18]                ; yes                                                              ; yes                                        ;
; mem_stage:u_mem_stage|canfd_secoc_mmio:u_canfd_secoc_mmio|aes128_lowpower:u_secoc_aes|AES128_updated_new:u_reusable_aes|round_key[19]                ; yes                                                              ; yes                                        ;
; mem_stage:u_mem_stage|canfd_secoc_mmio:u_canfd_secoc_mmio|aes128_lowpower:u_secoc_aes|AES128_updated_new:u_reusable_aes|round_key[22]                ; yes                                                              ; yes                                        ;
; mem_stage:u_mem_stage|canfd_secoc_mmio:u_canfd_secoc_mmio|aes128_lowpower:u_secoc_aes|AES128_updated_new:u_reusable_aes|round_key[21]                ; yes                                                              ; yes                                        ;
; mem_stage:u_mem_stage|canfd_secoc_mmio:u_canfd_secoc_mmio|aes128_lowpower:u_secoc_aes|AES128_updated_new:u_reusable_aes|round_key[20]                ; yes                                                              ; yes                                        ;
; mem_stage:u_mem_stage|canfd_secoc_mmio:u_canfd_secoc_mmio|aes128_lowpower:u_secoc_aes|AES128_updated_new:u_reusable_aes|round_key[23]                ; yes                                                              ; yes                                        ;
; mem_stage:u_mem_stage|canfd_secoc_mmio:u_canfd_secoc_mmio|aes128_lowpower:u_secoc_aes|AES128_updated_new:u_reusable_aes|round_key[120]               ; yes                                                              ; yes                                        ;
; mem_stage:u_mem_stage|canfd_secoc_mmio:u_canfd_secoc_mmio|aes128_lowpower:u_secoc_aes|AES128_updated_new:u_reusable_aes|round_key[88]                ; yes                                                              ; yes                                        ;
; mem_stage:u_mem_stage|canfd_secoc_mmio:u_canfd_secoc_mmio|aes128_lowpower:u_secoc_aes|AES128_updated_new:u_reusable_aes|round_key[121]               ; yes                                                              ; yes                                        ;
; mem_stage:u_mem_stage|canfd_secoc_mmio:u_canfd_secoc_mmio|aes128_lowpower:u_secoc_aes|AES128_updated_new:u_reusable_aes|round_key[89]                ; yes                                                              ; yes                                        ;
; mem_stage:u_mem_stage|canfd_secoc_mmio:u_canfd_secoc_mmio|aes128_lowpower:u_secoc_aes|AES128_updated_new:u_reusable_aes|round_key[122]               ; yes                                                              ; yes                                        ;
; mem_stage:u_mem_stage|canfd_secoc_mmio:u_canfd_secoc_mmio|aes128_lowpower:u_secoc_aes|AES128_updated_new:u_reusable_aes|round_key[90]                ; yes                                                              ; yes                                        ;
; mem_stage:u_mem_stage|canfd_secoc_mmio:u_canfd_secoc_mmio|aes128_lowpower:u_secoc_aes|AES128_updated_new:u_reusable_aes|round_key[123]               ; yes                                                              ; yes                                        ;
; mem_stage:u_mem_stage|canfd_secoc_mmio:u_canfd_secoc_mmio|aes128_lowpower:u_secoc_aes|AES128_updated_new:u_reusable_aes|round_key[91]                ; yes                                                              ; yes                                        ;
; mem_stage:u_mem_stage|canfd_secoc_mmio:u_canfd_secoc_mmio|aes128_lowpower:u_secoc_aes|AES128_updated_new:u_reusable_aes|round_key[124]               ; yes                                                              ; yes                                        ;
; mem_stage:u_mem_stage|canfd_secoc_mmio:u_canfd_secoc_mmio|aes128_lowpower:u_secoc_aes|AES128_updated_new:u_reusable_aes|round_key[92]                ; yes                                                              ; yes                                        ;
; mem_stage:u_mem_stage|canfd_secoc_mmio:u_canfd_secoc_mmio|aes128_lowpower:u_secoc_aes|AES128_updated_new:u_reusable_aes|round_key[125]               ; yes                                                              ; yes                                        ;
; mem_stage:u_mem_stage|canfd_secoc_mmio:u_canfd_secoc_mmio|aes128_lowpower:u_secoc_aes|AES128_updated_new:u_reusable_aes|round_key[93]                ; yes                                                              ; yes                                        ;
; mem_stage:u_mem_stage|canfd_secoc_mmio:u_canfd_secoc_mmio|aes128_lowpower:u_secoc_aes|AES128_updated_new:u_reusable_aes|round_key[126]               ; yes                                                              ; yes                                        ;
; mem_stage:u_mem_stage|canfd_secoc_mmio:u_canfd_secoc_mmio|aes128_lowpower:u_secoc_aes|AES128_updated_new:u_reusable_aes|round_key[94]                ; yes                                                              ; yes                                        ;
; mem_stage:u_mem_stage|canfd_secoc_mmio:u_canfd_secoc_mmio|aes128_lowpower:u_secoc_aes|AES128_updated_new:u_reusable_aes|round_key[127]               ; yes                                                              ; yes                                        ;
; mem_stage:u_mem_stage|canfd_secoc_mmio:u_canfd_secoc_mmio|aes128_lowpower:u_secoc_aes|AES128_updated_new:u_reusable_aes|round_key[95]                ; yes                                                              ; yes                                        ;
; mem_stage:u_mem_stage|canfd_secoc_mmio:u_canfd_secoc_mmio|aes128_lowpower:u_secoc_aes|AES128_updated_new:u_reusable_aes|AES_KEYEXP_SEQ:u_key|running ; yes                                                              ; yes                                        ;
; mem_stage:u_mem_stage|aes_mmio:u_aes_mmio|aes128_lowpower:u_aes128_lowpower|AES128_updated_new:u_reusable_aes|state_reg[127]                         ; yes                                                              ; yes                                        ;
; mem_stage:u_mem_stage|aes_mmio:u_aes_mmio|aes128_lowpower:u_aes128_lowpower|AES128_updated_new:u_reusable_aes|state_reg[95]                          ; yes                                                              ; yes                                        ;
; mem_stage:u_mem_stage|aes_mmio:u_aes_mmio|aes128_lowpower:u_aes128_lowpower|AES128_updated_new:u_reusable_aes|state_reg[63]                          ; yes                                                              ; yes                                        ;
; mem_stage:u_mem_stage|aes_mmio:u_aes_mmio|aes128_lowpower:u_aes128_lowpower|AES128_updated_new:u_reusable_aes|state_reg[120]                         ; yes                                                              ; yes                                        ;
; mem_stage:u_mem_stage|aes_mmio:u_aes_mmio|aes128_lowpower:u_aes128_lowpower|AES128_updated_new:u_reusable_aes|state_reg[88]                          ; yes                                                              ; yes                                        ;
; mem_stage:u_mem_stage|aes_mmio:u_aes_mmio|aes128_lowpower:u_aes128_lowpower|AES128_updated_new:u_reusable_aes|state_reg[56]                          ; yes                                                              ; yes                                        ;
; mem_stage:u_mem_stage|aes_mmio:u_aes_mmio|aes128_lowpower:u_aes128_lowpower|AES128_updated_new:u_reusable_aes|state_reg[103]                         ; yes                                                              ; yes                                        ;
; mem_stage:u_mem_stage|aes_mmio:u_aes_mmio|aes128_lowpower:u_aes128_lowpower|AES128_updated_new:u_reusable_aes|state_reg[71]                          ; yes                                                              ; yes                                        ;
; mem_stage:u_mem_stage|aes_mmio:u_aes_mmio|aes128_lowpower:u_aes128_lowpower|AES128_updated_new:u_reusable_aes|state_reg[39]                          ; yes                                                              ; yes                                        ;
; mem_stage:u_mem_stage|aes_mmio:u_aes_mmio|aes128_lowpower:u_aes128_lowpower|AES128_updated_new:u_reusable_aes|state_reg[112]                         ; yes                                                              ; yes                                        ;
; mem_stage:u_mem_stage|aes_mmio:u_aes_mmio|aes128_lowpower:u_aes128_lowpower|AES128_updated_new:u_reusable_aes|state_reg[80]                          ; yes                                                              ; yes                                        ;
; mem_stage:u_mem_stage|aes_mmio:u_aes_mmio|aes128_lowpower:u_aes128_lowpower|AES128_updated_new:u_reusable_aes|state_reg[48]                          ; yes                                                              ; yes                                        ;
; mem_stage:u_mem_stage|aes_mmio:u_aes_mmio|aes128_lowpower:u_aes128_lowpower|AES128_updated_new:u_reusable_aes|state_reg[104]                         ; yes                                                              ; yes                                        ;
; mem_stage:u_mem_stage|aes_mmio:u_aes_mmio|aes128_lowpower:u_aes128_lowpower|AES128_updated_new:u_reusable_aes|state_reg[72]                          ; yes                                                              ; yes                                        ;
; mem_stage:u_mem_stage|aes_mmio:u_aes_mmio|aes128_lowpower:u_aes128_lowpower|AES128_updated_new:u_reusable_aes|state_reg[40]                          ; yes                                                              ; yes                                        ;
; mem_stage:u_mem_stage|aes_mmio:u_aes_mmio|aes128_lowpower:u_aes128_lowpower|AES128_updated_new:u_reusable_aes|state_reg[96]                          ; yes                                                              ; yes                                        ;
; mem_stage:u_mem_stage|aes_mmio:u_aes_mmio|aes128_lowpower:u_aes128_lowpower|AES128_updated_new:u_reusable_aes|state_reg[64]                          ; yes                                                              ; yes                                        ;
; mem_stage:u_mem_stage|aes_mmio:u_aes_mmio|aes128_lowpower:u_aes128_lowpower|AES128_updated_new:u_reusable_aes|state_reg[32]                          ; yes                                                              ; yes                                        ;
; mem_stage:u_mem_stage|aes_mmio:u_aes_mmio|aes128_lowpower:u_aes128_lowpower|AES128_updated_new:u_reusable_aes|state_reg[121]                         ; yes                                                              ; yes                                        ;
; mem_stage:u_mem_stage|aes_mmio:u_aes_mmio|aes128_lowpower:u_aes128_lowpower|AES128_updated_new:u_reusable_aes|state_reg[89]                          ; yes                                                              ; yes                                        ;
; mem_stage:u_mem_stage|aes_mmio:u_aes_mmio|aes128_lowpower:u_aes128_lowpower|AES128_updated_new:u_reusable_aes|state_reg[57]                          ; yes                                                              ; yes                                        ;
; mem_stage:u_mem_stage|aes_mmio:u_aes_mmio|aes128_lowpower:u_aes128_lowpower|AES128_updated_new:u_reusable_aes|state_reg[113]                         ; yes                                                              ; yes                                        ;
; mem_stage:u_mem_stage|aes_mmio:u_aes_mmio|aes128_lowpower:u_aes128_lowpower|AES128_updated_new:u_reusable_aes|state_reg[81]                          ; yes                                                              ; yes                                        ;
; mem_stage:u_mem_stage|aes_mmio:u_aes_mmio|aes128_lowpower:u_aes128_lowpower|AES128_updated_new:u_reusable_aes|state_reg[49]                          ; yes                                                              ; yes                                        ;
; mem_stage:u_mem_stage|aes_mmio:u_aes_mmio|aes128_lowpower:u_aes128_lowpower|AES128_updated_new:u_reusable_aes|state_reg[105]                         ; yes                                                              ; yes                                        ;
; mem_stage:u_mem_stage|aes_mmio:u_aes_mmio|aes128_lowpower:u_aes128_lowpower|AES128_updated_new:u_reusable_aes|state_reg[73]                          ; yes                                                              ; yes                                        ;
; mem_stage:u_mem_stage|aes_mmio:u_aes_mmio|aes128_lowpower:u_aes128_lowpower|AES128_updated_new:u_reusable_aes|state_reg[41]                          ; yes                                                              ; yes                                        ;
; mem_stage:u_mem_stage|aes_mmio:u_aes_mmio|aes128_lowpower:u_aes128_lowpower|AES128_updated_new:u_reusable_aes|state_reg[122]                         ; yes                                                              ; yes                                        ;
; mem_stage:u_mem_stage|aes_mmio:u_aes_mmio|aes128_lowpower:u_aes128_lowpower|AES128_updated_new:u_reusable_aes|state_reg[90]                          ; yes                                                              ; yes                                        ;
; mem_stage:u_mem_stage|aes_mmio:u_aes_mmio|aes128_lowpower:u_aes128_lowpower|AES128_updated_new:u_reusable_aes|state_reg[58]                          ; yes                                                              ; yes                                        ;
; mem_stage:u_mem_stage|aes_mmio:u_aes_mmio|aes128_lowpower:u_aes128_lowpower|AES128_updated_new:u_reusable_aes|state_reg[114]                         ; yes                                                              ; yes                                        ;
; mem_stage:u_mem_stage|aes_mmio:u_aes_mmio|aes128_lowpower:u_aes128_lowpower|AES128_updated_new:u_reusable_aes|state_reg[82]                          ; yes                                                              ; yes                                        ;
; mem_stage:u_mem_stage|aes_mmio:u_aes_mmio|aes128_lowpower:u_aes128_lowpower|AES128_updated_new:u_reusable_aes|state_reg[50]                          ; yes                                                              ; yes                                        ;
; mem_stage:u_mem_stage|aes_mmio:u_aes_mmio|aes128_lowpower:u_aes128_lowpower|AES128_updated_new:u_reusable_aes|state_reg[106]                         ; yes                                                              ; yes                                        ;
; mem_stage:u_mem_stage|aes_mmio:u_aes_mmio|aes128_lowpower:u_aes128_lowpower|AES128_updated_new:u_reusable_aes|state_reg[74]                          ; yes                                                              ; yes                                        ;
; mem_stage:u_mem_stage|aes_mmio:u_aes_mmio|aes128_lowpower:u_aes128_lowpower|AES128_updated_new:u_reusable_aes|state_reg[42]                          ; yes                                                              ; yes                                        ;
; mem_stage:u_mem_stage|aes_mmio:u_aes_mmio|aes128_lowpower:u_aes128_lowpower|AES128_updated_new:u_reusable_aes|state_reg[97]                          ; yes                                                              ; yes                                        ;
; mem_stage:u_mem_stage|aes_mmio:u_aes_mmio|aes128_lowpower:u_aes128_lowpower|AES128_updated_new:u_reusable_aes|state_reg[65]                          ; yes                                                              ; yes                                        ;
; mem_stage:u_mem_stage|aes_mmio:u_aes_mmio|aes128_lowpower:u_aes128_lowpower|AES128_updated_new:u_reusable_aes|state_reg[33]                          ; yes                                                              ; yes                                        ;
; mem_stage:u_mem_stage|aes_mmio:u_aes_mmio|aes128_lowpower:u_aes128_lowpower|AES128_updated_new:u_reusable_aes|state_reg[98]                          ; yes                                                              ; yes                                        ;
; mem_stage:u_mem_stage|aes_mmio:u_aes_mmio|aes128_lowpower:u_aes128_lowpower|AES128_updated_new:u_reusable_aes|state_reg[66]                          ; yes                                                              ; yes                                        ;
; mem_stage:u_mem_stage|aes_mmio:u_aes_mmio|aes128_lowpower:u_aes128_lowpower|AES128_updated_new:u_reusable_aes|state_reg[34]                          ; yes                                                              ; yes                                        ;
; mem_stage:u_mem_stage|aes_mmio:u_aes_mmio|aes128_lowpower:u_aes128_lowpower|AES128_updated_new:u_reusable_aes|state_reg[123]                         ; yes                                                              ; yes                                        ;
; mem_stage:u_mem_stage|aes_mmio:u_aes_mmio|aes128_lowpower:u_aes128_lowpower|AES128_updated_new:u_reusable_aes|state_reg[91]                          ; yes                                                              ; yes                                        ;
; mem_stage:u_mem_stage|aes_mmio:u_aes_mmio|aes128_lowpower:u_aes128_lowpower|AES128_updated_new:u_reusable_aes|state_reg[59]                          ; yes                                                              ; yes                                        ;
; mem_stage:u_mem_stage|aes_mmio:u_aes_mmio|aes128_lowpower:u_aes128_lowpower|AES128_updated_new:u_reusable_aes|state_reg[115]                         ; yes                                                              ; yes                                        ;
; mem_stage:u_mem_stage|aes_mmio:u_aes_mmio|aes128_lowpower:u_aes128_lowpower|AES128_updated_new:u_reusable_aes|state_reg[83]                          ; yes                                                              ; yes                                        ;
; mem_stage:u_mem_stage|aes_mmio:u_aes_mmio|aes128_lowpower:u_aes128_lowpower|AES128_updated_new:u_reusable_aes|state_reg[51]                          ; yes                                                              ; yes                                        ;
; mem_stage:u_mem_stage|aes_mmio:u_aes_mmio|aes128_lowpower:u_aes128_lowpower|AES128_updated_new:u_reusable_aes|state_reg[107]                         ; yes                                                              ; yes                                        ;
; mem_stage:u_mem_stage|aes_mmio:u_aes_mmio|aes128_lowpower:u_aes128_lowpower|AES128_updated_new:u_reusable_aes|state_reg[75]                          ; yes                                                              ; yes                                        ;
; mem_stage:u_mem_stage|aes_mmio:u_aes_mmio|aes128_lowpower:u_aes128_lowpower|AES128_updated_new:u_reusable_aes|state_reg[43]                          ; yes                                                              ; yes                                        ;
; mem_stage:u_mem_stage|aes_mmio:u_aes_mmio|aes128_lowpower:u_aes128_lowpower|AES128_updated_new:u_reusable_aes|state_reg[99]                          ; yes                                                              ; yes                                        ;
; mem_stage:u_mem_stage|aes_mmio:u_aes_mmio|aes128_lowpower:u_aes128_lowpower|AES128_updated_new:u_reusable_aes|state_reg[67]                          ; yes                                                              ; yes                                        ;
; mem_stage:u_mem_stage|aes_mmio:u_aes_mmio|aes128_lowpower:u_aes128_lowpower|AES128_updated_new:u_reusable_aes|state_reg[35]                          ; yes                                                              ; yes                                        ;
; mem_stage:u_mem_stage|aes_mmio:u_aes_mmio|aes128_lowpower:u_aes128_lowpower|AES128_updated_new:u_reusable_aes|state_reg[124]                         ; yes                                                              ; yes                                        ;
; mem_stage:u_mem_stage|aes_mmio:u_aes_mmio|aes128_lowpower:u_aes128_lowpower|AES128_updated_new:u_reusable_aes|state_reg[92]                          ; yes                                                              ; yes                                        ;
; mem_stage:u_mem_stage|aes_mmio:u_aes_mmio|aes128_lowpower:u_aes128_lowpower|AES128_updated_new:u_reusable_aes|state_reg[60]                          ; yes                                                              ; yes                                        ;
; mem_stage:u_mem_stage|aes_mmio:u_aes_mmio|aes128_lowpower:u_aes128_lowpower|AES128_updated_new:u_reusable_aes|state_reg[116]                         ; yes                                                              ; yes                                        ;
; mem_stage:u_mem_stage|aes_mmio:u_aes_mmio|aes128_lowpower:u_aes128_lowpower|AES128_updated_new:u_reusable_aes|state_reg[84]                          ; yes                                                              ; yes                                        ;
; mem_stage:u_mem_stage|aes_mmio:u_aes_mmio|aes128_lowpower:u_aes128_lowpower|AES128_updated_new:u_reusable_aes|state_reg[52]                          ; yes                                                              ; yes                                        ;
; mem_stage:u_mem_stage|aes_mmio:u_aes_mmio|aes128_lowpower:u_aes128_lowpower|AES128_updated_new:u_reusable_aes|state_reg[108]                         ; yes                                                              ; yes                                        ;
; mem_stage:u_mem_stage|aes_mmio:u_aes_mmio|aes128_lowpower:u_aes128_lowpower|AES128_updated_new:u_reusable_aes|state_reg[76]                          ; yes                                                              ; yes                                        ;
; mem_stage:u_mem_stage|aes_mmio:u_aes_mmio|aes128_lowpower:u_aes128_lowpower|AES128_updated_new:u_reusable_aes|state_reg[44]                          ; yes                                                              ; yes                                        ;
; mem_stage:u_mem_stage|aes_mmio:u_aes_mmio|aes128_lowpower:u_aes128_lowpower|AES128_updated_new:u_reusable_aes|state_reg[125]                         ; yes                                                              ; yes                                        ;
; mem_stage:u_mem_stage|aes_mmio:u_aes_mmio|aes128_lowpower:u_aes128_lowpower|AES128_updated_new:u_reusable_aes|state_reg[93]                          ; yes                                                              ; yes                                        ;
; mem_stage:u_mem_stage|aes_mmio:u_aes_mmio|aes128_lowpower:u_aes128_lowpower|AES128_updated_new:u_reusable_aes|state_reg[61]                          ; yes                                                              ; yes                                        ;
; mem_stage:u_mem_stage|aes_mmio:u_aes_mmio|aes128_lowpower:u_aes128_lowpower|AES128_updated_new:u_reusable_aes|state_reg[117]                         ; yes                                                              ; yes                                        ;
; mem_stage:u_mem_stage|aes_mmio:u_aes_mmio|aes128_lowpower:u_aes128_lowpower|AES128_updated_new:u_reusable_aes|state_reg[85]                          ; yes                                                              ; yes                                        ;
; mem_stage:u_mem_stage|aes_mmio:u_aes_mmio|aes128_lowpower:u_aes128_lowpower|AES128_updated_new:u_reusable_aes|state_reg[53]                          ; yes                                                              ; yes                                        ;
; mem_stage:u_mem_stage|aes_mmio:u_aes_mmio|aes128_lowpower:u_aes128_lowpower|AES128_updated_new:u_reusable_aes|state_reg[109]                         ; yes                                                              ; yes                                        ;
; mem_stage:u_mem_stage|aes_mmio:u_aes_mmio|aes128_lowpower:u_aes128_lowpower|AES128_updated_new:u_reusable_aes|state_reg[77]                          ; yes                                                              ; yes                                        ;
; mem_stage:u_mem_stage|aes_mmio:u_aes_mmio|aes128_lowpower:u_aes128_lowpower|AES128_updated_new:u_reusable_aes|state_reg[45]                          ; yes                                                              ; yes                                        ;
; mem_stage:u_mem_stage|aes_mmio:u_aes_mmio|aes128_lowpower:u_aes128_lowpower|AES128_updated_new:u_reusable_aes|state_reg[100]                         ; yes                                                              ; yes                                        ;
; mem_stage:u_mem_stage|aes_mmio:u_aes_mmio|aes128_lowpower:u_aes128_lowpower|AES128_updated_new:u_reusable_aes|state_reg[68]                          ; yes                                                              ; yes                                        ;
; mem_stage:u_mem_stage|aes_mmio:u_aes_mmio|aes128_lowpower:u_aes128_lowpower|AES128_updated_new:u_reusable_aes|state_reg[36]                          ; yes                                                              ; yes                                        ;
; mem_stage:u_mem_stage|aes_mmio:u_aes_mmio|aes128_lowpower:u_aes128_lowpower|AES128_updated_new:u_reusable_aes|state_reg[126]                         ; yes                                                              ; yes                                        ;
; mem_stage:u_mem_stage|aes_mmio:u_aes_mmio|aes128_lowpower:u_aes128_lowpower|AES128_updated_new:u_reusable_aes|state_reg[94]                          ; yes                                                              ; yes                                        ;
; mem_stage:u_mem_stage|aes_mmio:u_aes_mmio|aes128_lowpower:u_aes128_lowpower|AES128_updated_new:u_reusable_aes|state_reg[62]                          ; yes                                                              ; yes                                        ;
; mem_stage:u_mem_stage|aes_mmio:u_aes_mmio|aes128_lowpower:u_aes128_lowpower|AES128_updated_new:u_reusable_aes|state_reg[118]                         ; yes                                                              ; yes                                        ;
; mem_stage:u_mem_stage|aes_mmio:u_aes_mmio|aes128_lowpower:u_aes128_lowpower|AES128_updated_new:u_reusable_aes|state_reg[86]                          ; yes                                                              ; yes                                        ;
; mem_stage:u_mem_stage|aes_mmio:u_aes_mmio|aes128_lowpower:u_aes128_lowpower|AES128_updated_new:u_reusable_aes|state_reg[54]                          ; yes                                                              ; yes                                        ;
; mem_stage:u_mem_stage|aes_mmio:u_aes_mmio|aes128_lowpower:u_aes128_lowpower|AES128_updated_new:u_reusable_aes|state_reg[110]                         ; yes                                                              ; yes                                        ;
; mem_stage:u_mem_stage|aes_mmio:u_aes_mmio|aes128_lowpower:u_aes128_lowpower|AES128_updated_new:u_reusable_aes|state_reg[78]                          ; yes                                                              ; yes                                        ;
; mem_stage:u_mem_stage|aes_mmio:u_aes_mmio|aes128_lowpower:u_aes128_lowpower|AES128_updated_new:u_reusable_aes|state_reg[46]                          ; yes                                                              ; yes                                        ;
; mem_stage:u_mem_stage|aes_mmio:u_aes_mmio|aes128_lowpower:u_aes128_lowpower|AES128_updated_new:u_reusable_aes|state_reg[101]                         ; yes                                                              ; yes                                        ;
; mem_stage:u_mem_stage|aes_mmio:u_aes_mmio|aes128_lowpower:u_aes128_lowpower|AES128_updated_new:u_reusable_aes|state_reg[69]                          ; yes                                                              ; yes                                        ;
; mem_stage:u_mem_stage|aes_mmio:u_aes_mmio|aes128_lowpower:u_aes128_lowpower|AES128_updated_new:u_reusable_aes|state_reg[37]                          ; yes                                                              ; yes                                        ;
; mem_stage:u_mem_stage|aes_mmio:u_aes_mmio|aes128_lowpower:u_aes128_lowpower|AES128_updated_new:u_reusable_aes|state_reg[119]                         ; yes                                                              ; yes                                        ;
; mem_stage:u_mem_stage|aes_mmio:u_aes_mmio|aes128_lowpower:u_aes128_lowpower|AES128_updated_new:u_reusable_aes|state_reg[87]                          ; yes                                                              ; yes                                        ;
; mem_stage:u_mem_stage|aes_mmio:u_aes_mmio|aes128_lowpower:u_aes128_lowpower|AES128_updated_new:u_reusable_aes|state_reg[55]                          ; yes                                                              ; yes                                        ;
; mem_stage:u_mem_stage|aes_mmio:u_aes_mmio|aes128_lowpower:u_aes128_lowpower|AES128_updated_new:u_reusable_aes|state_reg[111]                         ; yes                                                              ; yes                                        ;
; mem_stage:u_mem_stage|aes_mmio:u_aes_mmio|aes128_lowpower:u_aes128_lowpower|AES128_updated_new:u_reusable_aes|state_reg[79]                          ; yes                                                              ; yes                                        ;
; mem_stage:u_mem_stage|aes_mmio:u_aes_mmio|aes128_lowpower:u_aes128_lowpower|AES128_updated_new:u_reusable_aes|state_reg[47]                          ; yes                                                              ; yes                                        ;
; mem_stage:u_mem_stage|aes_mmio:u_aes_mmio|aes128_lowpower:u_aes128_lowpower|AES128_updated_new:u_reusable_aes|state_reg[102]                         ; yes                                                              ; yes                                        ;
; mem_stage:u_mem_stage|aes_mmio:u_aes_mmio|aes128_lowpower:u_aes128_lowpower|AES128_updated_new:u_reusable_aes|state_reg[70]                          ; yes                                                              ; yes                                        ;
; mem_stage:u_mem_stage|aes_mmio:u_aes_mmio|aes128_lowpower:u_aes128_lowpower|AES128_updated_new:u_reusable_aes|state_reg[38]                          ; yes                                                              ; yes                                        ;
; mem_stage:u_mem_stage|canfd_secoc_mmio:u_canfd_secoc_mmio|aes128_lowpower:u_secoc_aes|AES128_updated_new:u_reusable_aes|AES_SBOX_SEQ:u_sbox|running  ; yes                                                              ; yes                                        ;
; mem_stage:u_mem_stage|canfd_secoc_mmio:u_canfd_secoc_mmio|aes128_lowpower:u_secoc_aes|AES128_updated_new:u_reusable_aes|AES_SBOX_SEQ:u_sbox|idx[3]   ; yes                                                              ; yes                                        ;
; mem_stage:u_mem_stage|canfd_secoc_mmio:u_canfd_secoc_mmio|aes128_lowpower:u_secoc_aes|AES128_updated_new:u_reusable_aes|AES_SBOX_SEQ:u_sbox|idx[2]   ; yes                                                              ; yes                                        ;
; mem_stage:u_mem_stage|canfd_secoc_mmio:u_canfd_secoc_mmio|aes128_lowpower:u_secoc_aes|AES128_updated_new:u_reusable_aes|AES_SBOX_SEQ:u_sbox|idx[1]   ; yes                                                              ; yes                                        ;
; mem_stage:u_mem_stage|canfd_secoc_mmio:u_canfd_secoc_mmio|aes128_lowpower:u_secoc_aes|AES128_updated_new:u_reusable_aes|AES_SBOX_SEQ:u_sbox|idx[0]   ; yes                                                              ; yes                                        ;
; mem_stage:u_mem_stage|canfd_secoc_mmio:u_canfd_secoc_mmio|aes128_lowpower:u_secoc_aes|AES128_updated_new:u_reusable_aes|state_reg[63]                ; yes                                                              ; yes                                        ;
; mem_stage:u_mem_stage|canfd_secoc_mmio:u_canfd_secoc_mmio|aes128_lowpower:u_secoc_aes|AES128_updated_new:u_reusable_aes|state_reg[31]                ; yes                                                              ; yes                                        ;
; mem_stage:u_mem_stage|canfd_secoc_mmio:u_canfd_secoc_mmio|aes128_lowpower:u_secoc_aes|AES128_updated_new:u_reusable_aes|state_reg[56]                ; yes                                                              ; yes                                        ;
; mem_stage:u_mem_stage|canfd_secoc_mmio:u_canfd_secoc_mmio|aes128_lowpower:u_secoc_aes|AES128_updated_new:u_reusable_aes|state_reg[24]                ; yes                                                              ; yes                                        ;
; mem_stage:u_mem_stage|canfd_secoc_mmio:u_canfd_secoc_mmio|aes128_lowpower:u_secoc_aes|AES128_updated_new:u_reusable_aes|state_reg[39]                ; yes                                                              ; yes                                        ;
; mem_stage:u_mem_stage|canfd_secoc_mmio:u_canfd_secoc_mmio|aes128_lowpower:u_secoc_aes|AES128_updated_new:u_reusable_aes|state_reg[7]                 ; yes                                                              ; yes                                        ;
; mem_stage:u_mem_stage|canfd_secoc_mmio:u_canfd_secoc_mmio|aes128_lowpower:u_secoc_aes|AES128_updated_new:u_reusable_aes|state_reg[48]                ; yes                                                              ; yes                                        ;
; mem_stage:u_mem_stage|canfd_secoc_mmio:u_canfd_secoc_mmio|aes128_lowpower:u_secoc_aes|AES128_updated_new:u_reusable_aes|state_reg[16]                ; yes                                                              ; yes                                        ;
; mem_stage:u_mem_stage|canfd_secoc_mmio:u_canfd_secoc_mmio|aes128_lowpower:u_secoc_aes|AES128_updated_new:u_reusable_aes|state_reg[40]                ; yes                                                              ; yes                                        ;
; mem_stage:u_mem_stage|canfd_secoc_mmio:u_canfd_secoc_mmio|aes128_lowpower:u_secoc_aes|AES128_updated_new:u_reusable_aes|state_reg[8]                 ; yes                                                              ; yes                                        ;
; mem_stage:u_mem_stage|canfd_secoc_mmio:u_canfd_secoc_mmio|aes128_lowpower:u_secoc_aes|AES128_updated_new:u_reusable_aes|round_key[56]                ; yes                                                              ; yes                                        ;
; mem_stage:u_mem_stage|canfd_secoc_mmio:u_canfd_secoc_mmio|aes128_lowpower:u_secoc_aes|AES128_updated_new:u_reusable_aes|round_key[57]                ; yes                                                              ; yes                                        ;
; mem_stage:u_mem_stage|canfd_secoc_mmio:u_canfd_secoc_mmio|aes128_lowpower:u_secoc_aes|AES128_updated_new:u_reusable_aes|round_key[58]                ; yes                                                              ; yes                                        ;
; mem_stage:u_mem_stage|canfd_secoc_mmio:u_canfd_secoc_mmio|aes128_lowpower:u_secoc_aes|AES128_updated_new:u_reusable_aes|round_key[59]                ; yes                                                              ; yes                                        ;
; mem_stage:u_mem_stage|canfd_secoc_mmio:u_canfd_secoc_mmio|aes128_lowpower:u_secoc_aes|AES128_updated_new:u_reusable_aes|round_key[62]                ; yes                                                              ; yes                                        ;
; mem_stage:u_mem_stage|canfd_secoc_mmio:u_canfd_secoc_mmio|aes128_lowpower:u_secoc_aes|AES128_updated_new:u_reusable_aes|round_key[61]                ; yes                                                              ; yes                                        ;
; mem_stage:u_mem_stage|canfd_secoc_mmio:u_canfd_secoc_mmio|aes128_lowpower:u_secoc_aes|AES128_updated_new:u_reusable_aes|round_key[60]                ; yes                                                              ; yes                                        ;
; mem_stage:u_mem_stage|canfd_secoc_mmio:u_canfd_secoc_mmio|aes128_lowpower:u_secoc_aes|AES128_updated_new:u_reusable_aes|round_key[63]                ; yes                                                              ; yes                                        ;
; mem_stage:u_mem_stage|canfd_secoc_mmio:u_canfd_secoc_mmio|aes128_lowpower:u_secoc_aes|AES128_updated_new:u_reusable_aes|state_reg[32]                ; yes                                                              ; yes                                        ;
; mem_stage:u_mem_stage|canfd_secoc_mmio:u_canfd_secoc_mmio|aes128_lowpower:u_secoc_aes|AES128_updated_new:u_reusable_aes|state_reg[0]                 ; yes                                                              ; yes                                        ;
; mem_stage:u_mem_stage|canfd_secoc_mmio:u_canfd_secoc_mmio|aes128_lowpower:u_secoc_aes|AES128_updated_new:u_reusable_aes|state_reg[57]                ; yes                                                              ; yes                                        ;
; mem_stage:u_mem_stage|canfd_secoc_mmio:u_canfd_secoc_mmio|aes128_lowpower:u_secoc_aes|AES128_updated_new:u_reusable_aes|state_reg[25]                ; yes                                                              ; yes                                        ;
; mem_stage:u_mem_stage|canfd_secoc_mmio:u_canfd_secoc_mmio|aes128_lowpower:u_secoc_aes|AES128_updated_new:u_reusable_aes|state_reg[49]                ; yes                                                              ; yes                                        ;
; mem_stage:u_mem_stage|canfd_secoc_mmio:u_canfd_secoc_mmio|aes128_lowpower:u_secoc_aes|AES128_updated_new:u_reusable_aes|state_reg[17]                ; yes                                                              ; yes                                        ;
; mem_stage:u_mem_stage|canfd_secoc_mmio:u_canfd_secoc_mmio|aes128_lowpower:u_secoc_aes|AES128_updated_new:u_reusable_aes|state_reg[41]                ; yes                                                              ; yes                                        ;
; mem_stage:u_mem_stage|canfd_secoc_mmio:u_canfd_secoc_mmio|aes128_lowpower:u_secoc_aes|AES128_updated_new:u_reusable_aes|state_reg[9]                 ; yes                                                              ; yes                                        ;
; mem_stage:u_mem_stage|canfd_secoc_mmio:u_canfd_secoc_mmio|aes128_lowpower:u_secoc_aes|AES128_updated_new:u_reusable_aes|state_reg[58]                ; yes                                                              ; yes                                        ;
; mem_stage:u_mem_stage|canfd_secoc_mmio:u_canfd_secoc_mmio|aes128_lowpower:u_secoc_aes|AES128_updated_new:u_reusable_aes|state_reg[26]                ; yes                                                              ; yes                                        ;
; mem_stage:u_mem_stage|canfd_secoc_mmio:u_canfd_secoc_mmio|aes128_lowpower:u_secoc_aes|AES128_updated_new:u_reusable_aes|state_reg[50]                ; yes                                                              ; yes                                        ;
; mem_stage:u_mem_stage|canfd_secoc_mmio:u_canfd_secoc_mmio|aes128_lowpower:u_secoc_aes|AES128_updated_new:u_reusable_aes|state_reg[18]                ; yes                                                              ; yes                                        ;
; mem_stage:u_mem_stage|canfd_secoc_mmio:u_canfd_secoc_mmio|aes128_lowpower:u_secoc_aes|AES128_updated_new:u_reusable_aes|state_reg[42]                ; yes                                                              ; yes                                        ;
; mem_stage:u_mem_stage|canfd_secoc_mmio:u_canfd_secoc_mmio|aes128_lowpower:u_secoc_aes|AES128_updated_new:u_reusable_aes|state_reg[10]                ; yes                                                              ; yes                                        ;
; mem_stage:u_mem_stage|canfd_secoc_mmio:u_canfd_secoc_mmio|aes128_lowpower:u_secoc_aes|AES128_updated_new:u_reusable_aes|state_reg[33]                ; yes                                                              ; yes                                        ;
; mem_stage:u_mem_stage|canfd_secoc_mmio:u_canfd_secoc_mmio|aes128_lowpower:u_secoc_aes|AES128_updated_new:u_reusable_aes|state_reg[1]                 ; yes                                                              ; yes                                        ;
; mem_stage:u_mem_stage|canfd_secoc_mmio:u_canfd_secoc_mmio|aes128_lowpower:u_secoc_aes|AES128_updated_new:u_reusable_aes|state_reg[34]                ; yes                                                              ; yes                                        ;
; mem_stage:u_mem_stage|canfd_secoc_mmio:u_canfd_secoc_mmio|aes128_lowpower:u_secoc_aes|AES128_updated_new:u_reusable_aes|state_reg[2]                 ; yes                                                              ; yes                                        ;
; mem_stage:u_mem_stage|canfd_secoc_mmio:u_canfd_secoc_mmio|aes128_lowpower:u_secoc_aes|AES128_updated_new:u_reusable_aes|state_reg[59]                ; yes                                                              ; yes                                        ;
; mem_stage:u_mem_stage|canfd_secoc_mmio:u_canfd_secoc_mmio|aes128_lowpower:u_secoc_aes|AES128_updated_new:u_reusable_aes|state_reg[27]                ; yes                                                              ; yes                                        ;
; mem_stage:u_mem_stage|canfd_secoc_mmio:u_canfd_secoc_mmio|aes128_lowpower:u_secoc_aes|AES128_updated_new:u_reusable_aes|state_reg[51]                ; yes                                                              ; yes                                        ;
; mem_stage:u_mem_stage|canfd_secoc_mmio:u_canfd_secoc_mmio|aes128_lowpower:u_secoc_aes|AES128_updated_new:u_reusable_aes|state_reg[19]                ; yes                                                              ; yes                                        ;
; mem_stage:u_mem_stage|canfd_secoc_mmio:u_canfd_secoc_mmio|aes128_lowpower:u_secoc_aes|AES128_updated_new:u_reusable_aes|state_reg[43]                ; yes                                                              ; yes                                        ;
; mem_stage:u_mem_stage|canfd_secoc_mmio:u_canfd_secoc_mmio|aes128_lowpower:u_secoc_aes|AES128_updated_new:u_reusable_aes|state_reg[11]                ; yes                                                              ; yes                                        ;
; mem_stage:u_mem_stage|canfd_secoc_mmio:u_canfd_secoc_mmio|aes128_lowpower:u_secoc_aes|AES128_updated_new:u_reusable_aes|state_reg[35]                ; yes                                                              ; yes                                        ;
; mem_stage:u_mem_stage|canfd_secoc_mmio:u_canfd_secoc_mmio|aes128_lowpower:u_secoc_aes|AES128_updated_new:u_reusable_aes|state_reg[3]                 ; yes                                                              ; yes                                        ;
; mem_stage:u_mem_stage|canfd_secoc_mmio:u_canfd_secoc_mmio|aes128_lowpower:u_secoc_aes|AES128_updated_new:u_reusable_aes|state_reg[60]                ; yes                                                              ; yes                                        ;
; mem_stage:u_mem_stage|canfd_secoc_mmio:u_canfd_secoc_mmio|aes128_lowpower:u_secoc_aes|AES128_updated_new:u_reusable_aes|state_reg[28]                ; yes                                                              ; yes                                        ;
; mem_stage:u_mem_stage|canfd_secoc_mmio:u_canfd_secoc_mmio|aes128_lowpower:u_secoc_aes|AES128_updated_new:u_reusable_aes|state_reg[52]                ; yes                                                              ; yes                                        ;
; mem_stage:u_mem_stage|canfd_secoc_mmio:u_canfd_secoc_mmio|aes128_lowpower:u_secoc_aes|AES128_updated_new:u_reusable_aes|state_reg[20]                ; yes                                                              ; yes                                        ;
; mem_stage:u_mem_stage|canfd_secoc_mmio:u_canfd_secoc_mmio|aes128_lowpower:u_secoc_aes|AES128_updated_new:u_reusable_aes|state_reg[44]                ; yes                                                              ; yes                                        ;
; mem_stage:u_mem_stage|canfd_secoc_mmio:u_canfd_secoc_mmio|aes128_lowpower:u_secoc_aes|AES128_updated_new:u_reusable_aes|state_reg[12]                ; yes                                                              ; yes                                        ;
; mem_stage:u_mem_stage|canfd_secoc_mmio:u_canfd_secoc_mmio|aes128_lowpower:u_secoc_aes|AES128_updated_new:u_reusable_aes|state_reg[61]                ; yes                                                              ; yes                                        ;
; mem_stage:u_mem_stage|canfd_secoc_mmio:u_canfd_secoc_mmio|aes128_lowpower:u_secoc_aes|AES128_updated_new:u_reusable_aes|state_reg[29]                ; yes                                                              ; yes                                        ;
; mem_stage:u_mem_stage|canfd_secoc_mmio:u_canfd_secoc_mmio|aes128_lowpower:u_secoc_aes|AES128_updated_new:u_reusable_aes|state_reg[53]                ; yes                                                              ; yes                                        ;
; mem_stage:u_mem_stage|canfd_secoc_mmio:u_canfd_secoc_mmio|aes128_lowpower:u_secoc_aes|AES128_updated_new:u_reusable_aes|state_reg[21]                ; yes                                                              ; yes                                        ;
; mem_stage:u_mem_stage|canfd_secoc_mmio:u_canfd_secoc_mmio|aes128_lowpower:u_secoc_aes|AES128_updated_new:u_reusable_aes|state_reg[45]                ; yes                                                              ; yes                                        ;
; mem_stage:u_mem_stage|canfd_secoc_mmio:u_canfd_secoc_mmio|aes128_lowpower:u_secoc_aes|AES128_updated_new:u_reusable_aes|state_reg[13]                ; yes                                                              ; yes                                        ;
; mem_stage:u_mem_stage|canfd_secoc_mmio:u_canfd_secoc_mmio|aes128_lowpower:u_secoc_aes|AES128_updated_new:u_reusable_aes|state_reg[36]                ; yes                                                              ; yes                                        ;
; mem_stage:u_mem_stage|canfd_secoc_mmio:u_canfd_secoc_mmio|aes128_lowpower:u_secoc_aes|AES128_updated_new:u_reusable_aes|state_reg[4]                 ; yes                                                              ; yes                                        ;
; mem_stage:u_mem_stage|canfd_secoc_mmio:u_canfd_secoc_mmio|aes128_lowpower:u_secoc_aes|AES128_updated_new:u_reusable_aes|state_reg[62]                ; yes                                                              ; yes                                        ;
; mem_stage:u_mem_stage|canfd_secoc_mmio:u_canfd_secoc_mmio|aes128_lowpower:u_secoc_aes|AES128_updated_new:u_reusable_aes|state_reg[30]                ; yes                                                              ; yes                                        ;
; mem_stage:u_mem_stage|canfd_secoc_mmio:u_canfd_secoc_mmio|aes128_lowpower:u_secoc_aes|AES128_updated_new:u_reusable_aes|state_reg[54]                ; yes                                                              ; yes                                        ;
; mem_stage:u_mem_stage|canfd_secoc_mmio:u_canfd_secoc_mmio|aes128_lowpower:u_secoc_aes|AES128_updated_new:u_reusable_aes|state_reg[22]                ; yes                                                              ; yes                                        ;
; mem_stage:u_mem_stage|canfd_secoc_mmio:u_canfd_secoc_mmio|aes128_lowpower:u_secoc_aes|AES128_updated_new:u_reusable_aes|state_reg[46]                ; yes                                                              ; yes                                        ;
; mem_stage:u_mem_stage|canfd_secoc_mmio:u_canfd_secoc_mmio|aes128_lowpower:u_secoc_aes|AES128_updated_new:u_reusable_aes|state_reg[14]                ; yes                                                              ; yes                                        ;
; mem_stage:u_mem_stage|canfd_secoc_mmio:u_canfd_secoc_mmio|aes128_lowpower:u_secoc_aes|AES128_updated_new:u_reusable_aes|state_reg[37]                ; yes                                                              ; yes                                        ;
; mem_stage:u_mem_stage|canfd_secoc_mmio:u_canfd_secoc_mmio|aes128_lowpower:u_secoc_aes|AES128_updated_new:u_reusable_aes|state_reg[5]                 ; yes                                                              ; yes                                        ;
; mem_stage:u_mem_stage|canfd_secoc_mmio:u_canfd_secoc_mmio|aes128_lowpower:u_secoc_aes|AES128_updated_new:u_reusable_aes|state_reg[47]                ; yes                                                              ; yes                                        ;
; mem_stage:u_mem_stage|canfd_secoc_mmio:u_canfd_secoc_mmio|aes128_lowpower:u_secoc_aes|AES128_updated_new:u_reusable_aes|state_reg[15]                ; yes                                                              ; yes                                        ;
; mem_stage:u_mem_stage|canfd_secoc_mmio:u_canfd_secoc_mmio|aes128_lowpower:u_secoc_aes|AES128_updated_new:u_reusable_aes|state_reg[55]                ; yes                                                              ; yes                                        ;
; mem_stage:u_mem_stage|canfd_secoc_mmio:u_canfd_secoc_mmio|aes128_lowpower:u_secoc_aes|AES128_updated_new:u_reusable_aes|state_reg[23]                ; yes                                                              ; yes                                        ;
; mem_stage:u_mem_stage|canfd_secoc_mmio:u_canfd_secoc_mmio|aes128_lowpower:u_secoc_aes|AES128_updated_new:u_reusable_aes|state_reg[38]                ; yes                                                              ; yes                                        ;
; mem_stage:u_mem_stage|canfd_secoc_mmio:u_canfd_secoc_mmio|aes128_lowpower:u_secoc_aes|AES128_updated_new:u_reusable_aes|state_reg[6]                 ; yes                                                              ; yes                                        ;
; mem_stage:u_mem_stage|canfd_secoc_mmio:u_canfd_secoc_mmio|aes128_lowpower:u_secoc_aes|AES128_updated_new:u_reusable_aes|round_key[32]                ; yes                                                              ; yes                                        ;
; mem_stage:u_mem_stage|canfd_secoc_mmio:u_canfd_secoc_mmio|aes128_lowpower:u_secoc_aes|AES128_updated_new:u_reusable_aes|round_key[33]                ; yes                                                              ; yes                                        ;
; mem_stage:u_mem_stage|canfd_secoc_mmio:u_canfd_secoc_mmio|aes128_lowpower:u_secoc_aes|AES128_updated_new:u_reusable_aes|round_key[34]                ; yes                                                              ; yes                                        ;
; mem_stage:u_mem_stage|canfd_secoc_mmio:u_canfd_secoc_mmio|aes128_lowpower:u_secoc_aes|AES128_updated_new:u_reusable_aes|round_key[35]                ; yes                                                              ; yes                                        ;
; mem_stage:u_mem_stage|canfd_secoc_mmio:u_canfd_secoc_mmio|aes128_lowpower:u_secoc_aes|AES128_updated_new:u_reusable_aes|round_key[38]                ; yes                                                              ; yes                                        ;
; mem_stage:u_mem_stage|canfd_secoc_mmio:u_canfd_secoc_mmio|aes128_lowpower:u_secoc_aes|AES128_updated_new:u_reusable_aes|round_key[37]                ; yes                                                              ; yes                                        ;
; mem_stage:u_mem_stage|canfd_secoc_mmio:u_canfd_secoc_mmio|aes128_lowpower:u_secoc_aes|AES128_updated_new:u_reusable_aes|round_key[36]                ; yes                                                              ; yes                                        ;
; mem_stage:u_mem_stage|canfd_secoc_mmio:u_canfd_secoc_mmio|aes128_lowpower:u_secoc_aes|AES128_updated_new:u_reusable_aes|round_key[39]                ; yes                                                              ; yes                                        ;
; mem_stage:u_mem_stage|canfd_secoc_mmio:u_canfd_secoc_mmio|aes128_lowpower:u_secoc_aes|AES128_updated_new:u_reusable_aes|round_key[40]                ; yes                                                              ; yes                                        ;
; mem_stage:u_mem_stage|canfd_secoc_mmio:u_canfd_secoc_mmio|aes128_lowpower:u_secoc_aes|AES128_updated_new:u_reusable_aes|round_key[41]                ; yes                                                              ; yes                                        ;
; mem_stage:u_mem_stage|canfd_secoc_mmio:u_canfd_secoc_mmio|aes128_lowpower:u_secoc_aes|AES128_updated_new:u_reusable_aes|round_key[42]                ; yes                                                              ; yes                                        ;
; mem_stage:u_mem_stage|canfd_secoc_mmio:u_canfd_secoc_mmio|aes128_lowpower:u_secoc_aes|AES128_updated_new:u_reusable_aes|round_key[43]                ; yes                                                              ; yes                                        ;
; mem_stage:u_mem_stage|canfd_secoc_mmio:u_canfd_secoc_mmio|aes128_lowpower:u_secoc_aes|AES128_updated_new:u_reusable_aes|round_key[46]                ; yes                                                              ; yes                                        ;
; mem_stage:u_mem_stage|canfd_secoc_mmio:u_canfd_secoc_mmio|aes128_lowpower:u_secoc_aes|AES128_updated_new:u_reusable_aes|round_key[45]                ; yes                                                              ; yes                                        ;
; mem_stage:u_mem_stage|canfd_secoc_mmio:u_canfd_secoc_mmio|aes128_lowpower:u_secoc_aes|AES128_updated_new:u_reusable_aes|round_key[44]                ; yes                                                              ; yes                                        ;
; mem_stage:u_mem_stage|canfd_secoc_mmio:u_canfd_secoc_mmio|aes128_lowpower:u_secoc_aes|AES128_updated_new:u_reusable_aes|round_key[47]                ; yes                                                              ; yes                                        ;
; mem_stage:u_mem_stage|canfd_secoc_mmio:u_canfd_secoc_mmio|aes128_lowpower:u_secoc_aes|AES128_updated_new:u_reusable_aes|round_key[48]                ; yes                                                              ; yes                                        ;
; mem_stage:u_mem_stage|canfd_secoc_mmio:u_canfd_secoc_mmio|aes128_lowpower:u_secoc_aes|AES128_updated_new:u_reusable_aes|round_key[49]                ; yes                                                              ; yes                                        ;
; mem_stage:u_mem_stage|canfd_secoc_mmio:u_canfd_secoc_mmio|aes128_lowpower:u_secoc_aes|AES128_updated_new:u_reusable_aes|round_key[50]                ; yes                                                              ; yes                                        ;
; mem_stage:u_mem_stage|canfd_secoc_mmio:u_canfd_secoc_mmio|aes128_lowpower:u_secoc_aes|AES128_updated_new:u_reusable_aes|round_key[51]                ; yes                                                              ; yes                                        ;
; mem_stage:u_mem_stage|canfd_secoc_mmio:u_canfd_secoc_mmio|aes128_lowpower:u_secoc_aes|AES128_updated_new:u_reusable_aes|round_key[54]                ; yes                                                              ; yes                                        ;
; mem_stage:u_mem_stage|canfd_secoc_mmio:u_canfd_secoc_mmio|aes128_lowpower:u_secoc_aes|AES128_updated_new:u_reusable_aes|round_key[53]                ; yes                                                              ; yes                                        ;
; mem_stage:u_mem_stage|canfd_secoc_mmio:u_canfd_secoc_mmio|aes128_lowpower:u_secoc_aes|AES128_updated_new:u_reusable_aes|round_key[52]                ; yes                                                              ; yes                                        ;
; mem_stage:u_mem_stage|canfd_secoc_mmio:u_canfd_secoc_mmio|aes128_lowpower:u_secoc_aes|AES128_updated_new:u_reusable_aes|round_key[55]                ; yes                                                              ; yes                                        ;
; Total number of protected registers is 546                                                                                                           ;                                                                  ;                                            ;
+------------------------------------------------------------------------------------------------------------------------------------------------------+------------------------------------------------------------------+--------------------------------------------+


+------------------------------------------------------------------------------------------------------------------------------------------------------------------------------------+
; Registers Removed During Synthesis                                                                                                                                                 ;
+---------------------------------------------------------------------------------------+--------------------------------------------------------------------------------------------+
; Register name                                                                         ; Reason for Removal                                                                         ;
+---------------------------------------------------------------------------------------+--------------------------------------------------------------------------------------------+
; mem_stage:u_mem_stage|canfd_secoc_mmio:u_canfd_secoc_mmio|dma_base_reg[0,1]           ; Stuck at GND due to stuck port data_in                                                     ;
; mem_stage:u_mem_stage|canfd_secoc_mmio:u_canfd_secoc_mmio|dma_stride_reg[0,1]         ; Stuck at GND due to stuck port data_in                                                     ;
; mem_stage:u_mem_stage|canfd_secoc_mmio:u_canfd_secoc_mmio|dma_record_base_reg[10..31] ; Lost fanout                                                                                ;
; instr_id[2]                                                                           ; Merged with instr_id[31]                                                                   ;
; instr_id[11,24,27]                                                                    ; Merged with instr_id[30]                                                                   ;
; instr_id[3,25]                                                                        ; Merged with instr_id[29]                                                                   ;
; instr_id[16,18,19]                                                                    ; Merged with instr_id[28]                                                                   ;
; instr_id[12,14]                                                                       ; Merged with instr_id[26]                                                                   ;
; instr_id[10]                                                                          ; Merged with instr_id[17]                                                                   ;
; instr_id[0]                                                                           ; Merged with instr_id[1]                                                                    ;
; mem_to_reg_ex                                                                         ; Merged with mem_read_ex                                                                    ;
; mem_to_reg_mem                                                                        ; Merged with mem_read_mem                                                                   ;
; mem_stage:u_mem_stage|can_ids_mmio:u_can_ids_mmio|last_frame_valid_reg                ; Merged with mem_stage:u_mem_stage|can_ids_mmio:u_can_ids_mmio|last_valid_reg               ;
; mem_stage:u_mem_stage|canfd_secoc_mmio:u_canfd_secoc_mmio|dma_next_addr_reg[0]        ; Merged with mem_stage:u_mem_stage|canfd_secoc_mmio:u_canfd_secoc_mmio|dma_next_addr_reg[1] ;
; custom_cmd_ex[0]                                                                      ; Merged with custom_cmd_ex[2]                                                               ;
; custom_cmd_mem[0]                                                                     ; Merged with custom_cmd_mem[2]                                                              ;
; instr_id[30]                                                                          ; Merged with instr_id[31]                                                                   ;
; instr_id[28]                                                                          ; Merged with instr_id[29]                                                                   ;
; rs1_ex[3]                                                                             ; Merged with rs1_ex[4]                                                                      ;
; rd_ex[3]                                                                              ; Merged with rs1_ex[2]                                                                      ;
; imm_ex[25..30]                                                                        ; Merged with imm_ex[24]                                                                     ;
; imm_ex[14,16,18,19]                                                                   ; Merged with imm_ex[12]                                                                     ;
; imm_ex[5..9]                                                                          ; Merged with imm_ex[10]                                                                     ;
; rd_ex[4]                                                                              ; Merged with custom_cmd_ex[2]                                                               ;
; rs1_ex[1,4]                                                                           ; Merged with custom_cmd_ex[2]                                                               ;
; rs2_ex[4]                                                                             ; Merged with custom_cmd_ex[2]                                                               ;
; instr_id[29,31]                                                                       ; Merged with instr_id[26]                                                                   ;
; instr_id[6]                                                                           ; Merged with instr_id[17]                                                                   ;
; rd_mem[4]                                                                             ; Merged with custom_cmd_mem[2]                                                              ;
; mem_stage:u_mem_stage|canfd_secoc_mmio:u_canfd_secoc_mmio|cycle_counter_reg[31]       ; Merged with mem_stage:u_mem_stage|can_ids_mmio:u_can_ids_mmio|cycle_counter_reg[31]        ;
; mem_stage:u_mem_stage|canfd_secoc_mmio:u_canfd_secoc_mmio|cycle_counter_reg[30]       ; Merged with mem_stage:u_mem_stage|can_ids_mmio:u_can_ids_mmio|cycle_counter_reg[30]        ;
; mem_stage:u_mem_stage|canfd_secoc_mmio:u_canfd_secoc_mmio|cycle_counter_reg[29]       ; Merged with mem_stage:u_mem_stage|can_ids_mmio:u_can_ids_mmio|cycle_counter_reg[29]        ;
; mem_stage:u_mem_stage|canfd_secoc_mmio:u_canfd_secoc_mmio|cycle_counter_reg[28]       ; Merged with mem_stage:u_mem_stage|can_ids_mmio:u_can_ids_mmio|cycle_counter_reg[28]        ;
; mem_stage:u_mem_stage|canfd_secoc_mmio:u_canfd_secoc_mmio|cycle_counter_reg[27]       ; Merged with mem_stage:u_mem_stage|can_ids_mmio:u_can_ids_mmio|cycle_counter_reg[27]        ;
; mem_stage:u_mem_stage|canfd_secoc_mmio:u_canfd_secoc_mmio|cycle_counter_reg[26]       ; Merged with mem_stage:u_mem_stage|can_ids_mmio:u_can_ids_mmio|cycle_counter_reg[26]        ;
; mem_stage:u_mem_stage|canfd_secoc_mmio:u_canfd_secoc_mmio|cycle_counter_reg[25]       ; Merged with mem_stage:u_mem_stage|can_ids_mmio:u_can_ids_mmio|cycle_counter_reg[25]        ;
; mem_stage:u_mem_stage|canfd_secoc_mmio:u_canfd_secoc_mmio|cycle_counter_reg[24]       ; Merged with mem_stage:u_mem_stage|can_ids_mmio:u_can_ids_mmio|cycle_counter_reg[24]        ;
; mem_stage:u_mem_stage|canfd_secoc_mmio:u_canfd_secoc_mmio|cycle_counter_reg[23]       ; Merged with mem_stage:u_mem_stage|can_ids_mmio:u_can_ids_mmio|cycle_counter_reg[23]        ;
; mem_stage:u_mem_stage|canfd_secoc_mmio:u_canfd_secoc_mmio|cycle_counter_reg[22]       ; Merged with mem_stage:u_mem_stage|can_ids_mmio:u_can_ids_mmio|cycle_counter_reg[22]        ;
; mem_stage:u_mem_stage|canfd_secoc_mmio:u_canfd_secoc_mmio|cycle_counter_reg[21]       ; Merged with mem_stage:u_mem_stage|can_ids_mmio:u_can_ids_mmio|cycle_counter_reg[21]        ;
; mem_stage:u_mem_stage|canfd_secoc_mmio:u_canfd_secoc_mmio|cycle_counter_reg[20]       ; Merged with mem_stage:u_mem_stage|can_ids_mmio:u_can_ids_mmio|cycle_counter_reg[20]        ;
; mem_stage:u_mem_stage|canfd_secoc_mmio:u_canfd_secoc_mmio|cycle_counter_reg[19]       ; Merged with mem_stage:u_mem_stage|can_ids_mmio:u_can_ids_mmio|cycle_counter_reg[19]        ;
; mem_stage:u_mem_stage|canfd_secoc_mmio:u_canfd_secoc_mmio|cycle_counter_reg[18]       ; Merged with mem_stage:u_mem_stage|can_ids_mmio:u_can_ids_mmio|cycle_counter_reg[18]        ;
; mem_stage:u_mem_stage|canfd_secoc_mmio:u_canfd_secoc_mmio|cycle_counter_reg[17]       ; Merged with mem_stage:u_mem_stage|can_ids_mmio:u_can_ids_mmio|cycle_counter_reg[17]        ;
; mem_stage:u_mem_stage|canfd_secoc_mmio:u_canfd_secoc_mmio|cycle_counter_reg[16]       ; Merged with mem_stage:u_mem_stage|can_ids_mmio:u_can_ids_mmio|cycle_counter_reg[16]        ;
; mem_stage:u_mem_stage|canfd_secoc_mmio:u_canfd_secoc_mmio|cycle_counter_reg[15]       ; Merged with mem_stage:u_mem_stage|can_ids_mmio:u_can_ids_mmio|cycle_counter_reg[15]        ;
; mem_stage:u_mem_stage|canfd_secoc_mmio:u_canfd_secoc_mmio|cycle_counter_reg[14]       ; Merged with mem_stage:u_mem_stage|can_ids_mmio:u_can_ids_mmio|cycle_counter_reg[14]        ;
; mem_stage:u_mem_stage|canfd_secoc_mmio:u_canfd_secoc_mmio|cycle_counter_reg[13]       ; Merged with mem_stage:u_mem_stage|can_ids_mmio:u_can_ids_mmio|cycle_counter_reg[13]        ;
; mem_stage:u_mem_stage|canfd_secoc_mmio:u_canfd_secoc_mmio|cycle_counter_reg[12]       ; Merged with mem_stage:u_mem_stage|can_ids_mmio:u_can_ids_mmio|cycle_counter_reg[12]        ;
; mem_stage:u_mem_stage|canfd_secoc_mmio:u_canfd_secoc_mmio|cycle_counter_reg[11]       ; Merged with mem_stage:u_mem_stage|can_ids_mmio:u_can_ids_mmio|cycle_counter_reg[11]        ;
; mem_stage:u_mem_stage|canfd_secoc_mmio:u_canfd_secoc_mmio|cycle_counter_reg[10]       ; Merged with mem_stage:u_mem_stage|can_ids_mmio:u_can_ids_mmio|cycle_counter_reg[10]        ;
; mem_stage:u_mem_stage|canfd_secoc_mmio:u_canfd_secoc_mmio|cycle_counter_reg[9]        ; Merged with mem_stage:u_mem_stage|can_ids_mmio:u_can_ids_mmio|cycle_counter_reg[9]         ;
; mem_stage:u_mem_stage|canfd_secoc_mmio:u_canfd_secoc_mmio|cycle_counter_reg[8]        ; Merged with mem_stage:u_mem_stage|can_ids_mmio:u_can_ids_mmio|cycle_counter_reg[8]         ;
; mem_stage:u_mem_stage|canfd_secoc_mmio:u_canfd_secoc_mmio|cycle_counter_reg[7]        ; Merged with mem_stage:u_mem_stage|can_ids_mmio:u_can_ids_mmio|cycle_counter_reg[7]         ;
; mem_stage:u_mem_stage|canfd_secoc_mmio:u_canfd_secoc_mmio|cycle_counter_reg[6]        ; Merged with mem_stage:u_mem_stage|can_ids_mmio:u_can_ids_mmio|cycle_counter_reg[6]         ;
; mem_stage:u_mem_stage|canfd_secoc_mmio:u_canfd_secoc_mmio|cycle_counter_reg[5]        ; Merged with mem_stage:u_mem_stage|can_ids_mmio:u_can_ids_mmio|cycle_counter_reg[5]         ;
; mem_stage:u_mem_stage|canfd_secoc_mmio:u_canfd_secoc_mmio|cycle_counter_reg[4]        ; Merged with mem_stage:u_mem_stage|can_ids_mmio:u_can_ids_mmio|cycle_counter_reg[4]         ;
; mem_stage:u_mem_stage|canfd_secoc_mmio:u_canfd_secoc_mmio|cycle_counter_reg[3]        ; Merged with mem_stage:u_mem_stage|can_ids_mmio:u_can_ids_mmio|cycle_counter_reg[3]         ;
; mem_stage:u_mem_stage|canfd_secoc_mmio:u_canfd_secoc_mmio|cycle_counter_reg[2]        ; Merged with mem_stage:u_mem_stage|can_ids_mmio:u_can_ids_mmio|cycle_counter_reg[2]         ;
; mem_stage:u_mem_stage|canfd_secoc_mmio:u_canfd_secoc_mmio|cycle_counter_reg[1]        ; Merged with mem_stage:u_mem_stage|can_ids_mmio:u_can_ids_mmio|cycle_counter_reg[1]         ;
; mem_stage:u_mem_stage|canfd_secoc_mmio:u_canfd_secoc_mmio|cycle_counter_reg[0]        ; Merged with mem_stage:u_mem_stage|can_ids_mmio:u_can_ids_mmio|cycle_counter_reg[0]         ;
; mem_stage:u_mem_stage|canfd_secoc_mmio:u_canfd_secoc_mmio|dma_next_addr_reg[1]        ; Stuck at GND due to stuck port data_in                                                     ;
; mem_stage:u_mem_stage|canfd_secoc_mmio:u_canfd_secoc_mmio|dma_next_addr_reg[10..31]   ; Lost fanout                                                                                ;
; instr_id[26]                                                                          ; Stuck at GND due to stuck port data_in                                                     ;
; custom_instr_ex                                                                       ; Stuck at GND due to stuck port data_in                                                     ;
; custom_instr_mem                                                                      ; Stuck at GND due to stuck port data_in                                                     ;
; imm_ex[4]                                                                             ; Stuck at GND due to stuck port data_in                                                     ;
; custom_cmd_ex[2]                                                                      ; Stuck at GND due to stuck port data_in                                                     ;
; custom_cmd_mem[2]                                                                     ; Stuck at GND due to stuck port data_in                                                     ;
; rd_wb[4]                                                                              ; Stuck at GND due to stuck port data_in                                                     ;
; imm_ex[21,23]                                                                         ; Merged with imm_ex[31]                                                                     ;
; imm_ex[12,20,22]                                                                      ; Merged with imm_ex[24]                                                                     ;
; imm_ex[10,13,17]                                                                      ; Merged with imm_ex[31]                                                                     ;
; imm_ex[15]                                                                            ; Merged with imm_ex[24]                                                                     ;
; imm_ex[24,31]                                                                         ; Stuck at GND due to stuck port data_in                                                     ;
; instr_id[1]                                                                           ; Stuck at VCC due to stuck port data_in                                                     ;
; alu_ctrl_ex[0]                                                                        ; Merged with branch_ex                                                                      ;
; mem_stage:u_mem_stage|uart_mmio:u_uart_mmio|uart_tx:u_uart_tx|shifter[9]              ; Stuck at VCC due to stuck port data_in                                                     ;
; id_stage:u_id_stage|reg_file:u_reg_file|regs[0][0]                                    ; Stuck at GND due to stuck port data_in                                                     ;
; id_stage:u_id_stage|reg_file:u_reg_file|regs[0][1]                                    ; Stuck at GND due to stuck port data_in                                                     ;
; id_stage:u_id_stage|reg_file:u_reg_file|regs[0][2]                                    ; Stuck at GND due to stuck port data_in                                                     ;
; id_stage:u_id_stage|reg_file:u_reg_file|regs[0][3]                                    ; Stuck at GND due to stuck port data_in                                                     ;
; id_stage:u_id_stage|reg_file:u_reg_file|regs[0][4]                                    ; Stuck at GND due to stuck port data_in                                                     ;
; id_stage:u_id_stage|reg_file:u_reg_file|regs[0][5]                                    ; Stuck at GND due to stuck port data_in                                                     ;
; id_stage:u_id_stage|reg_file:u_reg_file|regs[0][6]                                    ; Stuck at GND due to stuck port data_in                                                     ;
; id_stage:u_id_stage|reg_file:u_reg_file|regs[0][7]                                    ; Stuck at GND due to stuck port data_in                                                     ;
; id_stage:u_id_stage|reg_file:u_reg_file|regs[0][8]                                    ; Stuck at GND due to stuck port data_in                                                     ;
; id_stage:u_id_stage|reg_file:u_reg_file|regs[0][9]                                    ; Stuck at GND due to stuck port data_in                                                     ;
; id_stage:u_id_stage|reg_file:u_reg_file|regs[0][10]                                   ; Stuck at GND due to stuck port data_in                                                     ;
; id_stage:u_id_stage|reg_file:u_reg_file|regs[0][11]                                   ; Stuck at GND due to stuck port data_in                                                     ;
; id_stage:u_id_stage|reg_file:u_reg_file|regs[0][12]                                   ; Stuck at GND due to stuck port data_in                                                     ;
; id_stage:u_id_stage|reg_file:u_reg_file|regs[0][13]                                   ; Stuck at GND due to stuck port data_in                                                     ;
; id_stage:u_id_stage|reg_file:u_reg_file|regs[0][14]                                   ; Stuck at GND due to stuck port data_in                                                     ;
; id_stage:u_id_stage|reg_file:u_reg_file|regs[0][15]                                   ; Stuck at GND due to stuck port data_in                                                     ;
; id_stage:u_id_stage|reg_file:u_reg_file|regs[0][16]                                   ; Stuck at GND due to stuck port data_in                                                     ;
; id_stage:u_id_stage|reg_file:u_reg_file|regs[0][17]                                   ; Stuck at GND due to stuck port data_in                                                     ;
; id_stage:u_id_stage|reg_file:u_reg_file|regs[0][18]                                   ; Stuck at GND due to stuck port data_in                                                     ;
; id_stage:u_id_stage|reg_file:u_reg_file|regs[0][19]                                   ; Stuck at GND due to stuck port data_in                                                     ;
; id_stage:u_id_stage|reg_file:u_reg_file|regs[0][20]                                   ; Stuck at GND due to stuck port data_in                                                     ;
; id_stage:u_id_stage|reg_file:u_reg_file|regs[0][21]                                   ; Stuck at GND due to stuck port data_in                                                     ;
; id_stage:u_id_stage|reg_file:u_reg_file|regs[0][22]                                   ; Stuck at GND due to stuck port data_in                                                     ;
; id_stage:u_id_stage|reg_file:u_reg_file|regs[0][23]                                   ; Stuck at GND due to stuck port data_in                                                     ;
; id_stage:u_id_stage|reg_file:u_reg_file|regs[0][24]                                   ; Stuck at GND due to stuck port data_in                                                     ;
; id_stage:u_id_stage|reg_file:u_reg_file|regs[0][25]                                   ; Stuck at GND due to stuck port data_in                                                     ;
; id_stage:u_id_stage|reg_file:u_reg_file|regs[0][26]                                   ; Stuck at GND due to stuck port data_in                                                     ;
; id_stage:u_id_stage|reg_file:u_reg_file|regs[0][27]                                   ; Stuck at GND due to stuck port data_in                                                     ;
; id_stage:u_id_stage|reg_file:u_reg_file|regs[0][28]                                   ; Stuck at GND due to stuck port data_in                                                     ;
; id_stage:u_id_stage|reg_file:u_reg_file|regs[0][29]                                   ; Stuck at GND due to stuck port data_in                                                     ;
; id_stage:u_id_stage|reg_file:u_reg_file|regs[0][30]                                   ; Stuck at GND due to stuck port data_in                                                     ;
; id_stage:u_id_stage|reg_file:u_reg_file|regs[0][31]                                   ; Stuck at GND due to stuck port data_in                                                     ;
; id_stage:u_id_stage|reg_file:u_reg_file|regs[31][17]                                  ; Lost fanout                                                                                ;
; id_stage:u_id_stage|reg_file:u_reg_file|regs[31][16]                                  ; Lost fanout                                                                                ;
; id_stage:u_id_stage|reg_file:u_reg_file|regs[31][15]                                  ; Lost fanout                                                                                ;
; id_stage:u_id_stage|reg_file:u_reg_file|regs[31][14]                                  ; Lost fanout                                                                                ;
; id_stage:u_id_stage|reg_file:u_reg_file|regs[31][13]                                  ; Lost fanout                                                                                ;
; id_stage:u_id_stage|reg_file:u_reg_file|regs[31][12]                                  ; Lost fanout                                                                                ;
; id_stage:u_id_stage|reg_file:u_reg_file|regs[31][11]                                  ; Lost fanout                                                                                ;
; id_stage:u_id_stage|reg_file:u_reg_file|regs[31][10]                                  ; Lost fanout                                                                                ;
; id_stage:u_id_stage|reg_file:u_reg_file|regs[31][9]                                   ; Lost fanout                                                                                ;
; id_stage:u_id_stage|reg_file:u_reg_file|regs[31][8]                                   ; Lost fanout                                                                                ;
; id_stage:u_id_stage|reg_file:u_reg_file|regs[31][7]                                   ; Lost fanout                                                                                ;
; id_stage:u_id_stage|reg_file:u_reg_file|regs[31][6]                                   ; Lost fanout                                                                                ;
; id_stage:u_id_stage|reg_file:u_reg_file|regs[31][5]                                   ; Lost fanout                                                                                ;
; id_stage:u_id_stage|reg_file:u_reg_file|regs[31][4]                                   ; Lost fanout                                                                                ;
; id_stage:u_id_stage|reg_file:u_reg_file|regs[31][3]                                   ; Lost fanout                                                                                ;
; id_stage:u_id_stage|reg_file:u_reg_file|regs[31][2]                                   ; Lost fanout                                                                                ;
; id_stage:u_id_stage|reg_file:u_reg_file|regs[31][1]                                   ; Lost fanout                                                                                ;
; id_stage:u_id_stage|reg_file:u_reg_file|regs[31][0]                                   ; Lost fanout                                                                                ;
; id_stage:u_id_stage|reg_file:u_reg_file|regs[31][18]                                  ; Lost fanout                                                                                ;
; id_stage:u_id_stage|reg_file:u_reg_file|regs[31][19]                                  ; Lost fanout                                                                                ;
; id_stage:u_id_stage|reg_file:u_reg_file|regs[31][20]                                  ; Lost fanout                                                                                ;
; id_stage:u_id_stage|reg_file:u_reg_file|regs[31][21]                                  ; Lost fanout                                                                                ;
; id_stage:u_id_stage|reg_file:u_reg_file|regs[31][22]                                  ; Lost fanout                                                                                ;
; id_stage:u_id_stage|reg_file:u_reg_file|regs[31][23]                                  ; Lost fanout                                                                                ;
; id_stage:u_id_stage|reg_file:u_reg_file|regs[31][24]                                  ; Lost fanout                                                                                ;
; id_stage:u_id_stage|reg_file:u_reg_file|regs[31][25]                                  ; Lost fanout                                                                                ;
; id_stage:u_id_stage|reg_file:u_reg_file|regs[31][26]                                  ; Lost fanout                                                                                ;
; id_stage:u_id_stage|reg_file:u_reg_file|regs[31][27]                                  ; Lost fanout                                                                                ;
; id_stage:u_id_stage|reg_file:u_reg_file|regs[31][28]                                  ; Lost fanout                                                                                ;
; id_stage:u_id_stage|reg_file:u_reg_file|regs[31][29]                                  ; Lost fanout                                                                                ;
; id_stage:u_id_stage|reg_file:u_reg_file|regs[31][30]                                  ; Lost fanout                                                                                ;
; id_stage:u_id_stage|reg_file:u_reg_file|regs[31][31]                                  ; Lost fanout                                                                                ;
; id_stage:u_id_stage|reg_file:u_reg_file|regs[30][0]                                   ; Lost fanout                                                                                ;
; id_stage:u_id_stage|reg_file:u_reg_file|regs[30][1]                                   ; Lost fanout                                                                                ;
; id_stage:u_id_stage|reg_file:u_reg_file|regs[30][2]                                   ; Lost fanout                                                                                ;
; id_stage:u_id_stage|reg_file:u_reg_file|regs[30][3]                                   ; Lost fanout                                                                                ;
; id_stage:u_id_stage|reg_file:u_reg_file|regs[30][4]                                   ; Lost fanout                                                                                ;
; id_stage:u_id_stage|reg_file:u_reg_file|regs[30][5]                                   ; Lost fanout                                                                                ;
; id_stage:u_id_stage|reg_file:u_reg_file|regs[30][6]                                   ; Lost fanout                                                                                ;
; id_stage:u_id_stage|reg_file:u_reg_file|regs[30][7]                                   ; Lost fanout                                                                                ;
; id_stage:u_id_stage|reg_file:u_reg_file|regs[30][8]                                   ; Lost fanout                                                                                ;
; id_stage:u_id_stage|reg_file:u_reg_file|regs[30][9]                                   ; Lost fanout                                                                                ;
; id_stage:u_id_stage|reg_file:u_reg_file|regs[30][10]                                  ; Lost fanout                                                                                ;
; id_stage:u_id_stage|reg_file:u_reg_file|regs[30][11]                                  ; Lost fanout                                                                                ;
; id_stage:u_id_stage|reg_file:u_reg_file|regs[30][12]                                  ; Lost fanout                                                                                ;
; id_stage:u_id_stage|reg_file:u_reg_file|regs[30][13]                                  ; Lost fanout                                                                                ;
; id_stage:u_id_stage|reg_file:u_reg_file|regs[30][14]                                  ; Lost fanout                                                                                ;
; id_stage:u_id_stage|reg_file:u_reg_file|regs[30][15]                                  ; Lost fanout                                                                                ;
; id_stage:u_id_stage|reg_file:u_reg_file|regs[30][16]                                  ; Lost fanout                                                                                ;
; id_stage:u_id_stage|reg_file:u_reg_file|regs[30][17]                                  ; Lost fanout                                                                                ;
; id_stage:u_id_stage|reg_file:u_reg_file|regs[30][18]                                  ; Lost fanout                                                                                ;
; id_stage:u_id_stage|reg_file:u_reg_file|regs[30][19]                                  ; Lost fanout                                                                                ;
; id_stage:u_id_stage|reg_file:u_reg_file|regs[30][20]                                  ; Lost fanout                                                                                ;
; id_stage:u_id_stage|reg_file:u_reg_file|regs[30][21]                                  ; Lost fanout                                                                                ;
; id_stage:u_id_stage|reg_file:u_reg_file|regs[30][22]                                  ; Lost fanout                                                                                ;
; id_stage:u_id_stage|reg_file:u_reg_file|regs[30][23]                                  ; Lost fanout                                                                                ;
; id_stage:u_id_stage|reg_file:u_reg_file|regs[30][24]                                  ; Lost fanout                                                                                ;
; id_stage:u_id_stage|reg_file:u_reg_file|regs[30][25]                                  ; Lost fanout                                                                                ;
; id_stage:u_id_stage|reg_file:u_reg_file|regs[30][26]                                  ; Lost fanout                                                                                ;
; id_stage:u_id_stage|reg_file:u_reg_file|regs[30][27]                                  ; Lost fanout                                                                                ;
; id_stage:u_id_stage|reg_file:u_reg_file|regs[30][28]                                  ; Lost fanout                                                                                ;
; id_stage:u_id_stage|reg_file:u_reg_file|regs[30][29]                                  ; Lost fanout                                                                                ;
; id_stage:u_id_stage|reg_file:u_reg_file|regs[30][30]                                  ; Lost fanout                                                                                ;
; id_stage:u_id_stage|reg_file:u_reg_file|regs[30][31]                                  ; Lost fanout                                                                                ;
; id_stage:u_id_stage|reg_file:u_reg_file|regs[29][0]                                   ; Lost fanout                                                                                ;
; id_stage:u_id_stage|reg_file:u_reg_file|regs[29][1]                                   ; Lost fanout                                                                                ;
; id_stage:u_id_stage|reg_file:u_reg_file|regs[29][2]                                   ; Lost fanout                                                                                ;
; id_stage:u_id_stage|reg_file:u_reg_file|regs[29][3]                                   ; Lost fanout                                                                                ;
; id_stage:u_id_stage|reg_file:u_reg_file|regs[29][4]                                   ; Lost fanout                                                                                ;
; id_stage:u_id_stage|reg_file:u_reg_file|regs[29][5]                                   ; Lost fanout                                                                                ;
; id_stage:u_id_stage|reg_file:u_reg_file|regs[29][6]                                   ; Lost fanout                                                                                ;
; id_stage:u_id_stage|reg_file:u_reg_file|regs[29][7]                                   ; Lost fanout                                                                                ;
; id_stage:u_id_stage|reg_file:u_reg_file|regs[29][8]                                   ; Lost fanout                                                                                ;
; id_stage:u_id_stage|reg_file:u_reg_file|regs[29][9]                                   ; Lost fanout                                                                                ;
; id_stage:u_id_stage|reg_file:u_reg_file|regs[29][10]                                  ; Lost fanout                                                                                ;
; id_stage:u_id_stage|reg_file:u_reg_file|regs[29][11]                                  ; Lost fanout                                                                                ;
; id_stage:u_id_stage|reg_file:u_reg_file|regs[29][12]                                  ; Lost fanout                                                                                ;
; id_stage:u_id_stage|reg_file:u_reg_file|regs[29][13]                                  ; Lost fanout                                                                                ;
; id_stage:u_id_stage|reg_file:u_reg_file|regs[29][14]                                  ; Lost fanout                                                                                ;
; id_stage:u_id_stage|reg_file:u_reg_file|regs[29][15]                                  ; Lost fanout                                                                                ;
; id_stage:u_id_stage|reg_file:u_reg_file|regs[29][16]                                  ; Lost fanout                                                                                ;
; id_stage:u_id_stage|reg_file:u_reg_file|regs[29][17]                                  ; Lost fanout                                                                                ;
; id_stage:u_id_stage|reg_file:u_reg_file|regs[29][18]                                  ; Lost fanout                                                                                ;
; id_stage:u_id_stage|reg_file:u_reg_file|regs[29][19]                                  ; Lost fanout                                                                                ;
; id_stage:u_id_stage|reg_file:u_reg_file|regs[29][20]                                  ; Lost fanout                                                                                ;
; id_stage:u_id_stage|reg_file:u_reg_file|regs[29][21]                                  ; Lost fanout                                                                                ;
; id_stage:u_id_stage|reg_file:u_reg_file|regs[29][22]                                  ; Lost fanout                                                                                ;
; id_stage:u_id_stage|reg_file:u_reg_file|regs[29][23]                                  ; Lost fanout                                                                                ;
; id_stage:u_id_stage|reg_file:u_reg_file|regs[29][24]                                  ; Lost fanout                                                                                ;
; id_stage:u_id_stage|reg_file:u_reg_file|regs[29][25]                                  ; Lost fanout                                                                                ;
; id_stage:u_id_stage|reg_file:u_reg_file|regs[29][26]                                  ; Lost fanout                                                                                ;
; id_stage:u_id_stage|reg_file:u_reg_file|regs[29][27]                                  ; Lost fanout                                                                                ;
; id_stage:u_id_stage|reg_file:u_reg_file|regs[29][28]                                  ; Lost fanout                                                                                ;
; id_stage:u_id_stage|reg_file:u_reg_file|regs[29][29]                                  ; Lost fanout                                                                                ;
; id_stage:u_id_stage|reg_file:u_reg_file|regs[29][30]                                  ; Lost fanout                                                                                ;
; id_stage:u_id_stage|reg_file:u_reg_file|regs[29][31]                                  ; Lost fanout                                                                                ;
; id_stage:u_id_stage|reg_file:u_reg_file|regs[28][0]                                   ; Lost fanout                                                                                ;
; id_stage:u_id_stage|reg_file:u_reg_file|regs[28][1]                                   ; Lost fanout                                                                                ;
; id_stage:u_id_stage|reg_file:u_reg_file|regs[28][2]                                   ; Lost fanout                                                                                ;
; id_stage:u_id_stage|reg_file:u_reg_file|regs[28][3]                                   ; Lost fanout                                                                                ;
; id_stage:u_id_stage|reg_file:u_reg_file|regs[28][4]                                   ; Lost fanout                                                                                ;
; id_stage:u_id_stage|reg_file:u_reg_file|regs[28][5]                                   ; Lost fanout                                                                                ;
; id_stage:u_id_stage|reg_file:u_reg_file|regs[28][6]                                   ; Lost fanout                                                                                ;
; id_stage:u_id_stage|reg_file:u_reg_file|regs[28][7]                                   ; Lost fanout                                                                                ;
; id_stage:u_id_stage|reg_file:u_reg_file|regs[28][8]                                   ; Lost fanout                                                                                ;
; id_stage:u_id_stage|reg_file:u_reg_file|regs[28][9]                                   ; Lost fanout                                                                                ;
; id_stage:u_id_stage|reg_file:u_reg_file|regs[28][10]                                  ; Lost fanout                                                                                ;
; id_stage:u_id_stage|reg_file:u_reg_file|regs[28][11]                                  ; Lost fanout                                                                                ;
; id_stage:u_id_stage|reg_file:u_reg_file|regs[28][12]                                  ; Lost fanout                                                                                ;
; id_stage:u_id_stage|reg_file:u_reg_file|regs[28][13]                                  ; Lost fanout                                                                                ;
; id_stage:u_id_stage|reg_file:u_reg_file|regs[28][14]                                  ; Lost fanout                                                                                ;
; id_stage:u_id_stage|reg_file:u_reg_file|regs[28][15]                                  ; Lost fanout                                                                                ;
; id_stage:u_id_stage|reg_file:u_reg_file|regs[28][16]                                  ; Lost fanout                                                                                ;
; id_stage:u_id_stage|reg_file:u_reg_file|regs[28][17]                                  ; Lost fanout                                                                                ;
; id_stage:u_id_stage|reg_file:u_reg_file|regs[28][18]                                  ; Lost fanout                                                                                ;
; id_stage:u_id_stage|reg_file:u_reg_file|regs[28][19]                                  ; Lost fanout                                                                                ;
; id_stage:u_id_stage|reg_file:u_reg_file|regs[28][20]                                  ; Lost fanout                                                                                ;
; id_stage:u_id_stage|reg_file:u_reg_file|regs[28][21]                                  ; Lost fanout                                                                                ;
; id_stage:u_id_stage|reg_file:u_reg_file|regs[28][22]                                  ; Lost fanout                                                                                ;
; id_stage:u_id_stage|reg_file:u_reg_file|regs[28][23]                                  ; Lost fanout                                                                                ;
; id_stage:u_id_stage|reg_file:u_reg_file|regs[28][24]                                  ; Lost fanout                                                                                ;
; id_stage:u_id_stage|reg_file:u_reg_file|regs[28][25]                                  ; Lost fanout                                                                                ;
; id_stage:u_id_stage|reg_file:u_reg_file|regs[28][26]                                  ; Lost fanout                                                                                ;
; id_stage:u_id_stage|reg_file:u_reg_file|regs[28][27]                                  ; Lost fanout                                                                                ;
; id_stage:u_id_stage|reg_file:u_reg_file|regs[28][28]                                  ; Lost fanout                                                                                ;
; id_stage:u_id_stage|reg_file:u_reg_file|regs[28][29]                                  ; Lost fanout                                                                                ;
; id_stage:u_id_stage|reg_file:u_reg_file|regs[28][30]                                  ; Lost fanout                                                                                ;
; id_stage:u_id_stage|reg_file:u_reg_file|regs[28][31]                                  ; Lost fanout                                                                                ;
; id_stage:u_id_stage|reg_file:u_reg_file|regs[27][0]                                   ; Lost fanout                                                                                ;
; id_stage:u_id_stage|reg_file:u_reg_file|regs[27][1]                                   ; Lost fanout                                                                                ;
; id_stage:u_id_stage|reg_file:u_reg_file|regs[27][2]                                   ; Lost fanout                                                                                ;
; id_stage:u_id_stage|reg_file:u_reg_file|regs[27][3]                                   ; Lost fanout                                                                                ;
; id_stage:u_id_stage|reg_file:u_reg_file|regs[27][4]                                   ; Lost fanout                                                                                ;
; id_stage:u_id_stage|reg_file:u_reg_file|regs[27][5]                                   ; Lost fanout                                                                                ;
; id_stage:u_id_stage|reg_file:u_reg_file|regs[27][6]                                   ; Lost fanout                                                                                ;
; id_stage:u_id_stage|reg_file:u_reg_file|regs[27][7]                                   ; Lost fanout                                                                                ;
; id_stage:u_id_stage|reg_file:u_reg_file|regs[27][8]                                   ; Lost fanout                                                                                ;
; id_stage:u_id_stage|reg_file:u_reg_file|regs[27][9]                                   ; Lost fanout                                                                                ;
; id_stage:u_id_stage|reg_file:u_reg_file|regs[27][10]                                  ; Lost fanout                                                                                ;
; id_stage:u_id_stage|reg_file:u_reg_file|regs[27][11]                                  ; Lost fanout                                                                                ;
; id_stage:u_id_stage|reg_file:u_reg_file|regs[27][12]                                  ; Lost fanout                                                                                ;
; id_stage:u_id_stage|reg_file:u_reg_file|regs[27][13]                                  ; Lost fanout                                                                                ;
; id_stage:u_id_stage|reg_file:u_reg_file|regs[27][14]                                  ; Lost fanout                                                                                ;
; id_stage:u_id_stage|reg_file:u_reg_file|regs[27][15]                                  ; Lost fanout                                                                                ;
; id_stage:u_id_stage|reg_file:u_reg_file|regs[27][16]                                  ; Lost fanout                                                                                ;
; id_stage:u_id_stage|reg_file:u_reg_file|regs[27][17]                                  ; Lost fanout                                                                                ;
; id_stage:u_id_stage|reg_file:u_reg_file|regs[27][18]                                  ; Lost fanout                                                                                ;
; id_stage:u_id_stage|reg_file:u_reg_file|regs[27][19]                                  ; Lost fanout                                                                                ;
; id_stage:u_id_stage|reg_file:u_reg_file|regs[27][20]                                  ; Lost fanout                                                                                ;
; id_stage:u_id_stage|reg_file:u_reg_file|regs[27][21]                                  ; Lost fanout                                                                                ;
; id_stage:u_id_stage|reg_file:u_reg_file|regs[27][22]                                  ; Lost fanout                                                                                ;
; id_stage:u_id_stage|reg_file:u_reg_file|regs[27][23]                                  ; Lost fanout                                                                                ;
; id_stage:u_id_stage|reg_file:u_reg_file|regs[27][24]                                  ; Lost fanout                                                                                ;
; id_stage:u_id_stage|reg_file:u_reg_file|regs[27][25]                                  ; Lost fanout                                                                                ;
; id_stage:u_id_stage|reg_file:u_reg_file|regs[27][26]                                  ; Lost fanout                                                                                ;
; id_stage:u_id_stage|reg_file:u_reg_file|regs[27][27]                                  ; Lost fanout                                                                                ;
; id_stage:u_id_stage|reg_file:u_reg_file|regs[27][28]                                  ; Lost fanout                                                                                ;
; id_stage:u_id_stage|reg_file:u_reg_file|regs[27][29]                                  ; Lost fanout                                                                                ;
; id_stage:u_id_stage|reg_file:u_reg_file|regs[27][30]                                  ; Lost fanout                                                                                ;
; id_stage:u_id_stage|reg_file:u_reg_file|regs[27][31]                                  ; Lost fanout                                                                                ;
; id_stage:u_id_stage|reg_file:u_reg_file|regs[26][0]                                   ; Lost fanout                                                                                ;
; id_stage:u_id_stage|reg_file:u_reg_file|regs[26][1]                                   ; Lost fanout                                                                                ;
; id_stage:u_id_stage|reg_file:u_reg_file|regs[26][2]                                   ; Lost fanout                                                                                ;
; id_stage:u_id_stage|reg_file:u_reg_file|regs[26][3]                                   ; Lost fanout                                                                                ;
; id_stage:u_id_stage|reg_file:u_reg_file|regs[26][4]                                   ; Lost fanout                                                                                ;
; id_stage:u_id_stage|reg_file:u_reg_file|regs[26][5]                                   ; Lost fanout                                                                                ;
; id_stage:u_id_stage|reg_file:u_reg_file|regs[26][6]                                   ; Lost fanout                                                                                ;
; id_stage:u_id_stage|reg_file:u_reg_file|regs[26][7]                                   ; Lost fanout                                                                                ;
; id_stage:u_id_stage|reg_file:u_reg_file|regs[26][8]                                   ; Lost fanout                                                                                ;
; id_stage:u_id_stage|reg_file:u_reg_file|regs[26][9]                                   ; Lost fanout                                                                                ;
; id_stage:u_id_stage|reg_file:u_reg_file|regs[26][10]                                  ; Lost fanout                                                                                ;
; id_stage:u_id_stage|reg_file:u_reg_file|regs[26][11]                                  ; Lost fanout                                                                                ;
; id_stage:u_id_stage|reg_file:u_reg_file|regs[26][12]                                  ; Lost fanout                                                                                ;
; id_stage:u_id_stage|reg_file:u_reg_file|regs[26][13]                                  ; Lost fanout                                                                                ;
; id_stage:u_id_stage|reg_file:u_reg_file|regs[26][14]                                  ; Lost fanout                                                                                ;
; id_stage:u_id_stage|reg_file:u_reg_file|regs[26][15]                                  ; Lost fanout                                                                                ;
; id_stage:u_id_stage|reg_file:u_reg_file|regs[26][16]                                  ; Lost fanout                                                                                ;
; id_stage:u_id_stage|reg_file:u_reg_file|regs[26][17]                                  ; Lost fanout                                                                                ;
; id_stage:u_id_stage|reg_file:u_reg_file|regs[26][18]                                  ; Lost fanout                                                                                ;
; id_stage:u_id_stage|reg_file:u_reg_file|regs[26][19]                                  ; Lost fanout                                                                                ;
; id_stage:u_id_stage|reg_file:u_reg_file|regs[26][20]                                  ; Lost fanout                                                                                ;
; id_stage:u_id_stage|reg_file:u_reg_file|regs[26][21]                                  ; Lost fanout                                                                                ;
; id_stage:u_id_stage|reg_file:u_reg_file|regs[26][22]                                  ; Lost fanout                                                                                ;
; id_stage:u_id_stage|reg_file:u_reg_file|regs[26][23]                                  ; Lost fanout                                                                                ;
; id_stage:u_id_stage|reg_file:u_reg_file|regs[26][24]                                  ; Lost fanout                                                                                ;
; id_stage:u_id_stage|reg_file:u_reg_file|regs[26][25]                                  ; Lost fanout                                                                                ;
; id_stage:u_id_stage|reg_file:u_reg_file|regs[26][26]                                  ; Lost fanout                                                                                ;
; id_stage:u_id_stage|reg_file:u_reg_file|regs[26][27]                                  ; Lost fanout                                                                                ;
; id_stage:u_id_stage|reg_file:u_reg_file|regs[26][28]                                  ; Lost fanout                                                                                ;
; id_stage:u_id_stage|reg_file:u_reg_file|regs[26][29]                                  ; Lost fanout                                                                                ;
; id_stage:u_id_stage|reg_file:u_reg_file|regs[26][30]                                  ; Lost fanout                                                                                ;
; id_stage:u_id_stage|reg_file:u_reg_file|regs[26][31]                                  ; Lost fanout                                                                                ;
; id_stage:u_id_stage|reg_file:u_reg_file|regs[25][0]                                   ; Lost fanout                                                                                ;
; id_stage:u_id_stage|reg_file:u_reg_file|regs[25][1]                                   ; Lost fanout                                                                                ;
; id_stage:u_id_stage|reg_file:u_reg_file|regs[25][2]                                   ; Lost fanout                                                                                ;
; id_stage:u_id_stage|reg_file:u_reg_file|regs[25][3]                                   ; Lost fanout                                                                                ;
; id_stage:u_id_stage|reg_file:u_reg_file|regs[25][4]                                   ; Lost fanout                                                                                ;
; id_stage:u_id_stage|reg_file:u_reg_file|regs[25][5]                                   ; Lost fanout                                                                                ;
; id_stage:u_id_stage|reg_file:u_reg_file|regs[25][6]                                   ; Lost fanout                                                                                ;
; id_stage:u_id_stage|reg_file:u_reg_file|regs[25][7]                                   ; Lost fanout                                                                                ;
; id_stage:u_id_stage|reg_file:u_reg_file|regs[25][8]                                   ; Lost fanout                                                                                ;
; id_stage:u_id_stage|reg_file:u_reg_file|regs[25][9]                                   ; Lost fanout                                                                                ;
; id_stage:u_id_stage|reg_file:u_reg_file|regs[25][10]                                  ; Lost fanout                                                                                ;
; id_stage:u_id_stage|reg_file:u_reg_file|regs[25][11]                                  ; Lost fanout                                                                                ;
; id_stage:u_id_stage|reg_file:u_reg_file|regs[25][12]                                  ; Lost fanout                                                                                ;
; id_stage:u_id_stage|reg_file:u_reg_file|regs[25][13]                                  ; Lost fanout                                                                                ;
; id_stage:u_id_stage|reg_file:u_reg_file|regs[25][14]                                  ; Lost fanout                                                                                ;
; id_stage:u_id_stage|reg_file:u_reg_file|regs[25][15]                                  ; Lost fanout                                                                                ;
; id_stage:u_id_stage|reg_file:u_reg_file|regs[25][16]                                  ; Lost fanout                                                                                ;
; id_stage:u_id_stage|reg_file:u_reg_file|regs[25][17]                                  ; Lost fanout                                                                                ;
; id_stage:u_id_stage|reg_file:u_reg_file|regs[25][18]                                  ; Lost fanout                                                                                ;
; id_stage:u_id_stage|reg_file:u_reg_file|regs[25][19]                                  ; Lost fanout                                                                                ;
; id_stage:u_id_stage|reg_file:u_reg_file|regs[25][20]                                  ; Lost fanout                                                                                ;
; id_stage:u_id_stage|reg_file:u_reg_file|regs[25][21]                                  ; Lost fanout                                                                                ;
; id_stage:u_id_stage|reg_file:u_reg_file|regs[25][22]                                  ; Lost fanout                                                                                ;
; id_stage:u_id_stage|reg_file:u_reg_file|regs[25][23]                                  ; Lost fanout                                                                                ;
; id_stage:u_id_stage|reg_file:u_reg_file|regs[25][24]                                  ; Lost fanout                                                                                ;
; id_stage:u_id_stage|reg_file:u_reg_file|regs[25][25]                                  ; Lost fanout                                                                                ;
; id_stage:u_id_stage|reg_file:u_reg_file|regs[25][26]                                  ; Lost fanout                                                                                ;
; id_stage:u_id_stage|reg_file:u_reg_file|regs[25][27]                                  ; Lost fanout                                                                                ;
; id_stage:u_id_stage|reg_file:u_reg_file|regs[25][28]                                  ; Lost fanout                                                                                ;
; id_stage:u_id_stage|reg_file:u_reg_file|regs[25][29]                                  ; Lost fanout                                                                                ;
; id_stage:u_id_stage|reg_file:u_reg_file|regs[25][30]                                  ; Lost fanout                                                                                ;
; id_stage:u_id_stage|reg_file:u_reg_file|regs[25][31]                                  ; Lost fanout                                                                                ;
; id_stage:u_id_stage|reg_file:u_reg_file|regs[24][0]                                   ; Lost fanout                                                                                ;
; id_stage:u_id_stage|reg_file:u_reg_file|regs[24][1]                                   ; Lost fanout                                                                                ;
; id_stage:u_id_stage|reg_file:u_reg_file|regs[24][2]                                   ; Lost fanout                                                                                ;
; id_stage:u_id_stage|reg_file:u_reg_file|regs[24][3]                                   ; Lost fanout                                                                                ;
; id_stage:u_id_stage|reg_file:u_reg_file|regs[24][4]                                   ; Lost fanout                                                                                ;
; id_stage:u_id_stage|reg_file:u_reg_file|regs[24][5]                                   ; Lost fanout                                                                                ;
; id_stage:u_id_stage|reg_file:u_reg_file|regs[24][6]                                   ; Lost fanout                                                                                ;
; id_stage:u_id_stage|reg_file:u_reg_file|regs[24][7]                                   ; Lost fanout                                                                                ;
; id_stage:u_id_stage|reg_file:u_reg_file|regs[24][8]                                   ; Lost fanout                                                                                ;
; id_stage:u_id_stage|reg_file:u_reg_file|regs[24][9]                                   ; Lost fanout                                                                                ;
; id_stage:u_id_stage|reg_file:u_reg_file|regs[24][10]                                  ; Lost fanout                                                                                ;
; id_stage:u_id_stage|reg_file:u_reg_file|regs[24][11]                                  ; Lost fanout                                                                                ;
; id_stage:u_id_stage|reg_file:u_reg_file|regs[24][12]                                  ; Lost fanout                                                                                ;
; id_stage:u_id_stage|reg_file:u_reg_file|regs[24][13]                                  ; Lost fanout                                                                                ;
; id_stage:u_id_stage|reg_file:u_reg_file|regs[24][14]                                  ; Lost fanout                                                                                ;
; id_stage:u_id_stage|reg_file:u_reg_file|regs[24][15]                                  ; Lost fanout                                                                                ;
; id_stage:u_id_stage|reg_file:u_reg_file|regs[24][16]                                  ; Lost fanout                                                                                ;
; id_stage:u_id_stage|reg_file:u_reg_file|regs[24][17]                                  ; Lost fanout                                                                                ;
; id_stage:u_id_stage|reg_file:u_reg_file|regs[24][18]                                  ; Lost fanout                                                                                ;
; id_stage:u_id_stage|reg_file:u_reg_file|regs[24][19]                                  ; Lost fanout                                                                                ;
; id_stage:u_id_stage|reg_file:u_reg_file|regs[24][20]                                  ; Lost fanout                                                                                ;
; id_stage:u_id_stage|reg_file:u_reg_file|regs[24][21]                                  ; Lost fanout                                                                                ;
; id_stage:u_id_stage|reg_file:u_reg_file|regs[24][22]                                  ; Lost fanout                                                                                ;
; id_stage:u_id_stage|reg_file:u_reg_file|regs[24][23]                                  ; Lost fanout                                                                                ;
; id_stage:u_id_stage|reg_file:u_reg_file|regs[24][24]                                  ; Lost fanout                                                                                ;
; id_stage:u_id_stage|reg_file:u_reg_file|regs[24][25]                                  ; Lost fanout                                                                                ;
; id_stage:u_id_stage|reg_file:u_reg_file|regs[24][26]                                  ; Lost fanout                                                                                ;
; id_stage:u_id_stage|reg_file:u_reg_file|regs[24][27]                                  ; Lost fanout                                                                                ;
; id_stage:u_id_stage|reg_file:u_reg_file|regs[24][28]                                  ; Lost fanout                                                                                ;
; id_stage:u_id_stage|reg_file:u_reg_file|regs[24][29]                                  ; Lost fanout                                                                                ;
; id_stage:u_id_stage|reg_file:u_reg_file|regs[24][30]                                  ; Lost fanout                                                                                ;
; id_stage:u_id_stage|reg_file:u_reg_file|regs[24][31]                                  ; Lost fanout                                                                                ;
; id_stage:u_id_stage|reg_file:u_reg_file|regs[23][0]                                   ; Lost fanout                                                                                ;
; id_stage:u_id_stage|reg_file:u_reg_file|regs[23][1]                                   ; Lost fanout                                                                                ;
; id_stage:u_id_stage|reg_file:u_reg_file|regs[23][2]                                   ; Lost fanout                                                                                ;
; id_stage:u_id_stage|reg_file:u_reg_file|regs[23][3]                                   ; Lost fanout                                                                                ;
; id_stage:u_id_stage|reg_file:u_reg_file|regs[23][4]                                   ; Lost fanout                                                                                ;
; id_stage:u_id_stage|reg_file:u_reg_file|regs[23][5]                                   ; Lost fanout                                                                                ;
; id_stage:u_id_stage|reg_file:u_reg_file|regs[23][6]                                   ; Lost fanout                                                                                ;
; id_stage:u_id_stage|reg_file:u_reg_file|regs[23][7]                                   ; Lost fanout                                                                                ;
; id_stage:u_id_stage|reg_file:u_reg_file|regs[23][8]                                   ; Lost fanout                                                                                ;
; id_stage:u_id_stage|reg_file:u_reg_file|regs[23][9]                                   ; Lost fanout                                                                                ;
; id_stage:u_id_stage|reg_file:u_reg_file|regs[23][10]                                  ; Lost fanout                                                                                ;
; id_stage:u_id_stage|reg_file:u_reg_file|regs[23][11]                                  ; Lost fanout                                                                                ;
; id_stage:u_id_stage|reg_file:u_reg_file|regs[23][12]                                  ; Lost fanout                                                                                ;
; id_stage:u_id_stage|reg_file:u_reg_file|regs[23][13]                                  ; Lost fanout                                                                                ;
; id_stage:u_id_stage|reg_file:u_reg_file|regs[23][14]                                  ; Lost fanout                                                                                ;
; id_stage:u_id_stage|reg_file:u_reg_file|regs[23][15]                                  ; Lost fanout                                                                                ;
; id_stage:u_id_stage|reg_file:u_reg_file|regs[23][16]                                  ; Lost fanout                                                                                ;
; id_stage:u_id_stage|reg_file:u_reg_file|regs[23][17]                                  ; Lost fanout                                                                                ;
; id_stage:u_id_stage|reg_file:u_reg_file|regs[23][18]                                  ; Lost fanout                                                                                ;
; id_stage:u_id_stage|reg_file:u_reg_file|regs[23][19]                                  ; Lost fanout                                                                                ;
; id_stage:u_id_stage|reg_file:u_reg_file|regs[23][20]                                  ; Lost fanout                                                                                ;
; id_stage:u_id_stage|reg_file:u_reg_file|regs[23][21]                                  ; Lost fanout                                                                                ;
; id_stage:u_id_stage|reg_file:u_reg_file|regs[23][22]                                  ; Lost fanout                                                                                ;
; id_stage:u_id_stage|reg_file:u_reg_file|regs[23][23]                                  ; Lost fanout                                                                                ;
; id_stage:u_id_stage|reg_file:u_reg_file|regs[23][24]                                  ; Lost fanout                                                                                ;
; id_stage:u_id_stage|reg_file:u_reg_file|regs[23][25]                                  ; Lost fanout                                                                                ;
; id_stage:u_id_stage|reg_file:u_reg_file|regs[23][26]                                  ; Lost fanout                                                                                ;
; id_stage:u_id_stage|reg_file:u_reg_file|regs[23][27]                                  ; Lost fanout                                                                                ;
; id_stage:u_id_stage|reg_file:u_reg_file|regs[23][28]                                  ; Lost fanout                                                                                ;
; id_stage:u_id_stage|reg_file:u_reg_file|regs[23][29]                                  ; Lost fanout                                                                                ;
; id_stage:u_id_stage|reg_file:u_reg_file|regs[23][30]                                  ; Lost fanout                                                                                ;
; id_stage:u_id_stage|reg_file:u_reg_file|regs[23][31]                                  ; Lost fanout                                                                                ;
; id_stage:u_id_stage|reg_file:u_reg_file|regs[22][0]                                   ; Lost fanout                                                                                ;
; id_stage:u_id_stage|reg_file:u_reg_file|regs[22][1]                                   ; Lost fanout                                                                                ;
; id_stage:u_id_stage|reg_file:u_reg_file|regs[22][2]                                   ; Lost fanout                                                                                ;
; id_stage:u_id_stage|reg_file:u_reg_file|regs[22][3]                                   ; Lost fanout                                                                                ;
; id_stage:u_id_stage|reg_file:u_reg_file|regs[22][4]                                   ; Lost fanout                                                                                ;
; id_stage:u_id_stage|reg_file:u_reg_file|regs[22][5]                                   ; Lost fanout                                                                                ;
; id_stage:u_id_stage|reg_file:u_reg_file|regs[22][6]                                   ; Lost fanout                                                                                ;
; id_stage:u_id_stage|reg_file:u_reg_file|regs[22][7]                                   ; Lost fanout                                                                                ;
; id_stage:u_id_stage|reg_file:u_reg_file|regs[22][8]                                   ; Lost fanout                                                                                ;
; id_stage:u_id_stage|reg_file:u_reg_file|regs[22][9]                                   ; Lost fanout                                                                                ;
; id_stage:u_id_stage|reg_file:u_reg_file|regs[22][10]                                  ; Lost fanout                                                                                ;
; id_stage:u_id_stage|reg_file:u_reg_file|regs[22][11]                                  ; Lost fanout                                                                                ;
; id_stage:u_id_stage|reg_file:u_reg_file|regs[22][12]                                  ; Lost fanout                                                                                ;
; id_stage:u_id_stage|reg_file:u_reg_file|regs[22][13]                                  ; Lost fanout                                                                                ;
; id_stage:u_id_stage|reg_file:u_reg_file|regs[22][14]                                  ; Lost fanout                                                                                ;
; id_stage:u_id_stage|reg_file:u_reg_file|regs[22][15]                                  ; Lost fanout                                                                                ;
; id_stage:u_id_stage|reg_file:u_reg_file|regs[22][16]                                  ; Lost fanout                                                                                ;
; id_stage:u_id_stage|reg_file:u_reg_file|regs[22][17]                                  ; Lost fanout                                                                                ;
; id_stage:u_id_stage|reg_file:u_reg_file|regs[22][18]                                  ; Lost fanout                                                                                ;
; id_stage:u_id_stage|reg_file:u_reg_file|regs[22][19]                                  ; Lost fanout                                                                                ;
; id_stage:u_id_stage|reg_file:u_reg_file|regs[22][20]                                  ; Lost fanout                                                                                ;
; id_stage:u_id_stage|reg_file:u_reg_file|regs[22][21]                                  ; Lost fanout                                                                                ;
; id_stage:u_id_stage|reg_file:u_reg_file|regs[22][22]                                  ; Lost fanout                                                                                ;
; id_stage:u_id_stage|reg_file:u_reg_file|regs[22][23]                                  ; Lost fanout                                                                                ;
; id_stage:u_id_stage|reg_file:u_reg_file|regs[22][24]                                  ; Lost fanout                                                                                ;
; id_stage:u_id_stage|reg_file:u_reg_file|regs[22][25]                                  ; Lost fanout                                                                                ;
; id_stage:u_id_stage|reg_file:u_reg_file|regs[22][26]                                  ; Lost fanout                                                                                ;
; id_stage:u_id_stage|reg_file:u_reg_file|regs[22][27]                                  ; Lost fanout                                                                                ;
; id_stage:u_id_stage|reg_file:u_reg_file|regs[22][28]                                  ; Lost fanout                                                                                ;
; id_stage:u_id_stage|reg_file:u_reg_file|regs[22][29]                                  ; Lost fanout                                                                                ;
; id_stage:u_id_stage|reg_file:u_reg_file|regs[22][30]                                  ; Lost fanout                                                                                ;
; id_stage:u_id_stage|reg_file:u_reg_file|regs[22][31]                                  ; Lost fanout                                                                                ;
; id_stage:u_id_stage|reg_file:u_reg_file|regs[21][0]                                   ; Lost fanout                                                                                ;
; id_stage:u_id_stage|reg_file:u_reg_file|regs[21][1]                                   ; Lost fanout                                                                                ;
; id_stage:u_id_stage|reg_file:u_reg_file|regs[21][2]                                   ; Lost fanout                                                                                ;
; id_stage:u_id_stage|reg_file:u_reg_file|regs[21][3]                                   ; Lost fanout                                                                                ;
; id_stage:u_id_stage|reg_file:u_reg_file|regs[21][4]                                   ; Lost fanout                                                                                ;
; id_stage:u_id_stage|reg_file:u_reg_file|regs[21][5]                                   ; Lost fanout                                                                                ;
; id_stage:u_id_stage|reg_file:u_reg_file|regs[21][6]                                   ; Lost fanout                                                                                ;
; id_stage:u_id_stage|reg_file:u_reg_file|regs[21][7]                                   ; Lost fanout                                                                                ;
; id_stage:u_id_stage|reg_file:u_reg_file|regs[21][8]                                   ; Lost fanout                                                                                ;
; id_stage:u_id_stage|reg_file:u_reg_file|regs[21][9]                                   ; Lost fanout                                                                                ;
; id_stage:u_id_stage|reg_file:u_reg_file|regs[21][10]                                  ; Lost fanout                                                                                ;
; id_stage:u_id_stage|reg_file:u_reg_file|regs[21][11]                                  ; Lost fanout                                                                                ;
; id_stage:u_id_stage|reg_file:u_reg_file|regs[21][12]                                  ; Lost fanout                                                                                ;
; id_stage:u_id_stage|reg_file:u_reg_file|regs[21][13]                                  ; Lost fanout                                                                                ;
; id_stage:u_id_stage|reg_file:u_reg_file|regs[21][14]                                  ; Lost fanout                                                                                ;
; id_stage:u_id_stage|reg_file:u_reg_file|regs[21][15]                                  ; Lost fanout                                                                                ;
; id_stage:u_id_stage|reg_file:u_reg_file|regs[21][16]                                  ; Lost fanout                                                                                ;
; id_stage:u_id_stage|reg_file:u_reg_file|regs[21][17]                                  ; Lost fanout                                                                                ;
; id_stage:u_id_stage|reg_file:u_reg_file|regs[21][18]                                  ; Lost fanout                                                                                ;
; id_stage:u_id_stage|reg_file:u_reg_file|regs[21][19]                                  ; Lost fanout                                                                                ;
; id_stage:u_id_stage|reg_file:u_reg_file|regs[21][20]                                  ; Lost fanout                                                                                ;
; id_stage:u_id_stage|reg_file:u_reg_file|regs[21][21]                                  ; Lost fanout                                                                                ;
; id_stage:u_id_stage|reg_file:u_reg_file|regs[21][22]                                  ; Lost fanout                                                                                ;
; id_stage:u_id_stage|reg_file:u_reg_file|regs[21][23]                                  ; Lost fanout                                                                                ;
; id_stage:u_id_stage|reg_file:u_reg_file|regs[21][24]                                  ; Lost fanout                                                                                ;
; id_stage:u_id_stage|reg_file:u_reg_file|regs[21][25]                                  ; Lost fanout                                                                                ;
; id_stage:u_id_stage|reg_file:u_reg_file|regs[21][26]                                  ; Lost fanout                                                                                ;
; id_stage:u_id_stage|reg_file:u_reg_file|regs[21][27]                                  ; Lost fanout                                                                                ;
; id_stage:u_id_stage|reg_file:u_reg_file|regs[21][28]                                  ; Lost fanout                                                                                ;
; id_stage:u_id_stage|reg_file:u_reg_file|regs[21][29]                                  ; Lost fanout                                                                                ;
; id_stage:u_id_stage|reg_file:u_reg_file|regs[21][30]                                  ; Lost fanout                                                                                ;
; id_stage:u_id_stage|reg_file:u_reg_file|regs[21][31]                                  ; Lost fanout                                                                                ;
; id_stage:u_id_stage|reg_file:u_reg_file|regs[20][0]                                   ; Lost fanout                                                                                ;
; id_stage:u_id_stage|reg_file:u_reg_file|regs[20][1]                                   ; Lost fanout                                                                                ;
; id_stage:u_id_stage|reg_file:u_reg_file|regs[20][2]                                   ; Lost fanout                                                                                ;
; id_stage:u_id_stage|reg_file:u_reg_file|regs[20][3]                                   ; Lost fanout                                                                                ;
; id_stage:u_id_stage|reg_file:u_reg_file|regs[20][4]                                   ; Lost fanout                                                                                ;
; id_stage:u_id_stage|reg_file:u_reg_file|regs[20][5]                                   ; Lost fanout                                                                                ;
; id_stage:u_id_stage|reg_file:u_reg_file|regs[20][6]                                   ; Lost fanout                                                                                ;
; id_stage:u_id_stage|reg_file:u_reg_file|regs[20][7]                                   ; Lost fanout                                                                                ;
; id_stage:u_id_stage|reg_file:u_reg_file|regs[20][8]                                   ; Lost fanout                                                                                ;
; id_stage:u_id_stage|reg_file:u_reg_file|regs[20][9]                                   ; Lost fanout                                                                                ;
; id_stage:u_id_stage|reg_file:u_reg_file|regs[20][10]                                  ; Lost fanout                                                                                ;
; id_stage:u_id_stage|reg_file:u_reg_file|regs[20][11]                                  ; Lost fanout                                                                                ;
; id_stage:u_id_stage|reg_file:u_reg_file|regs[20][12]                                  ; Lost fanout                                                                                ;
; id_stage:u_id_stage|reg_file:u_reg_file|regs[20][13]                                  ; Lost fanout                                                                                ;
; id_stage:u_id_stage|reg_file:u_reg_file|regs[20][14]                                  ; Lost fanout                                                                                ;
; id_stage:u_id_stage|reg_file:u_reg_file|regs[20][15]                                  ; Lost fanout                                                                                ;
; id_stage:u_id_stage|reg_file:u_reg_file|regs[20][16]                                  ; Lost fanout                                                                                ;
; id_stage:u_id_stage|reg_file:u_reg_file|regs[20][17]                                  ; Lost fanout                                                                                ;
; id_stage:u_id_stage|reg_file:u_reg_file|regs[20][18]                                  ; Lost fanout                                                                                ;
; id_stage:u_id_stage|reg_file:u_reg_file|regs[20][19]                                  ; Lost fanout                                                                                ;
; id_stage:u_id_stage|reg_file:u_reg_file|regs[20][20]                                  ; Lost fanout                                                                                ;
; id_stage:u_id_stage|reg_file:u_reg_file|regs[20][21]                                  ; Lost fanout                                                                                ;
; id_stage:u_id_stage|reg_file:u_reg_file|regs[20][22]                                  ; Lost fanout                                                                                ;
; id_stage:u_id_stage|reg_file:u_reg_file|regs[20][23]                                  ; Lost fanout                                                                                ;
; id_stage:u_id_stage|reg_file:u_reg_file|regs[20][24]                                  ; Lost fanout                                                                                ;
; id_stage:u_id_stage|reg_file:u_reg_file|regs[20][25]                                  ; Lost fanout                                                                                ;
; id_stage:u_id_stage|reg_file:u_reg_file|regs[20][26]                                  ; Lost fanout                                                                                ;
; id_stage:u_id_stage|reg_file:u_reg_file|regs[20][27]                                  ; Lost fanout                                                                                ;
; id_stage:u_id_stage|reg_file:u_reg_file|regs[20][28]                                  ; Lost fanout                                                                                ;
; id_stage:u_id_stage|reg_file:u_reg_file|regs[20][29]                                  ; Lost fanout                                                                                ;
; id_stage:u_id_stage|reg_file:u_reg_file|regs[20][30]                                  ; Lost fanout                                                                                ;
; id_stage:u_id_stage|reg_file:u_reg_file|regs[20][31]                                  ; Lost fanout                                                                                ;
; id_stage:u_id_stage|reg_file:u_reg_file|regs[19][0]                                   ; Lost fanout                                                                                ;
; id_stage:u_id_stage|reg_file:u_reg_file|regs[19][1]                                   ; Lost fanout                                                                                ;
; id_stage:u_id_stage|reg_file:u_reg_file|regs[19][2]                                   ; Lost fanout                                                                                ;
; id_stage:u_id_stage|reg_file:u_reg_file|regs[19][3]                                   ; Lost fanout                                                                                ;
; id_stage:u_id_stage|reg_file:u_reg_file|regs[19][4]                                   ; Lost fanout                                                                                ;
; id_stage:u_id_stage|reg_file:u_reg_file|regs[19][5]                                   ; Lost fanout                                                                                ;
; id_stage:u_id_stage|reg_file:u_reg_file|regs[19][6]                                   ; Lost fanout                                                                                ;
; id_stage:u_id_stage|reg_file:u_reg_file|regs[19][7]                                   ; Lost fanout                                                                                ;
; id_stage:u_id_stage|reg_file:u_reg_file|regs[19][8]                                   ; Lost fanout                                                                                ;
; id_stage:u_id_stage|reg_file:u_reg_file|regs[19][9]                                   ; Lost fanout                                                                                ;
; id_stage:u_id_stage|reg_file:u_reg_file|regs[19][10]                                  ; Lost fanout                                                                                ;
; id_stage:u_id_stage|reg_file:u_reg_file|regs[19][11]                                  ; Lost fanout                                                                                ;
; id_stage:u_id_stage|reg_file:u_reg_file|regs[19][12]                                  ; Lost fanout                                                                                ;
; id_stage:u_id_stage|reg_file:u_reg_file|regs[19][13]                                  ; Lost fanout                                                                                ;
; id_stage:u_id_stage|reg_file:u_reg_file|regs[19][14]                                  ; Lost fanout                                                                                ;
; id_stage:u_id_stage|reg_file:u_reg_file|regs[19][15]                                  ; Lost fanout                                                                                ;
; id_stage:u_id_stage|reg_file:u_reg_file|regs[19][16]                                  ; Lost fanout                                                                                ;
; id_stage:u_id_stage|reg_file:u_reg_file|regs[19][17]                                  ; Lost fanout                                                                                ;
; id_stage:u_id_stage|reg_file:u_reg_file|regs[19][18]                                  ; Lost fanout                                                                                ;
; id_stage:u_id_stage|reg_file:u_reg_file|regs[19][19]                                  ; Lost fanout                                                                                ;
; id_stage:u_id_stage|reg_file:u_reg_file|regs[19][20]                                  ; Lost fanout                                                                                ;
; id_stage:u_id_stage|reg_file:u_reg_file|regs[19][21]                                  ; Lost fanout                                                                                ;
; id_stage:u_id_stage|reg_file:u_reg_file|regs[19][22]                                  ; Lost fanout                                                                                ;
; id_stage:u_id_stage|reg_file:u_reg_file|regs[19][23]                                  ; Lost fanout                                                                                ;
; id_stage:u_id_stage|reg_file:u_reg_file|regs[19][24]                                  ; Lost fanout                                                                                ;
; id_stage:u_id_stage|reg_file:u_reg_file|regs[19][25]                                  ; Lost fanout                                                                                ;
; id_stage:u_id_stage|reg_file:u_reg_file|regs[19][26]                                  ; Lost fanout                                                                                ;
; id_stage:u_id_stage|reg_file:u_reg_file|regs[19][27]                                  ; Lost fanout                                                                                ;
; id_stage:u_id_stage|reg_file:u_reg_file|regs[19][28]                                  ; Lost fanout                                                                                ;
; id_stage:u_id_stage|reg_file:u_reg_file|regs[19][29]                                  ; Lost fanout                                                                                ;
; id_stage:u_id_stage|reg_file:u_reg_file|regs[19][30]                                  ; Lost fanout                                                                                ;
; id_stage:u_id_stage|reg_file:u_reg_file|regs[19][31]                                  ; Lost fanout                                                                                ;
; id_stage:u_id_stage|reg_file:u_reg_file|regs[18][0]                                   ; Lost fanout                                                                                ;
; id_stage:u_id_stage|reg_file:u_reg_file|regs[18][1]                                   ; Lost fanout                                                                                ;
; id_stage:u_id_stage|reg_file:u_reg_file|regs[18][2]                                   ; Lost fanout                                                                                ;
; id_stage:u_id_stage|reg_file:u_reg_file|regs[18][3]                                   ; Lost fanout                                                                                ;
; id_stage:u_id_stage|reg_file:u_reg_file|regs[18][4]                                   ; Lost fanout                                                                                ;
; id_stage:u_id_stage|reg_file:u_reg_file|regs[18][5]                                   ; Lost fanout                                                                                ;
; id_stage:u_id_stage|reg_file:u_reg_file|regs[18][6]                                   ; Lost fanout                                                                                ;
; id_stage:u_id_stage|reg_file:u_reg_file|regs[18][7]                                   ; Lost fanout                                                                                ;
; id_stage:u_id_stage|reg_file:u_reg_file|regs[18][8]                                   ; Lost fanout                                                                                ;
; id_stage:u_id_stage|reg_file:u_reg_file|regs[18][9]                                   ; Lost fanout                                                                                ;
; id_stage:u_id_stage|reg_file:u_reg_file|regs[18][10]                                  ; Lost fanout                                                                                ;
; id_stage:u_id_stage|reg_file:u_reg_file|regs[18][11]                                  ; Lost fanout                                                                                ;
; id_stage:u_id_stage|reg_file:u_reg_file|regs[18][12]                                  ; Lost fanout                                                                                ;
; id_stage:u_id_stage|reg_file:u_reg_file|regs[18][13]                                  ; Lost fanout                                                                                ;
; id_stage:u_id_stage|reg_file:u_reg_file|regs[18][14]                                  ; Lost fanout                                                                                ;
; id_stage:u_id_stage|reg_file:u_reg_file|regs[18][15]                                  ; Lost fanout                                                                                ;
; id_stage:u_id_stage|reg_file:u_reg_file|regs[18][16]                                  ; Lost fanout                                                                                ;
; id_stage:u_id_stage|reg_file:u_reg_file|regs[18][17]                                  ; Lost fanout                                                                                ;
; id_stage:u_id_stage|reg_file:u_reg_file|regs[18][18]                                  ; Lost fanout                                                                                ;
; id_stage:u_id_stage|reg_file:u_reg_file|regs[18][19]                                  ; Lost fanout                                                                                ;
; id_stage:u_id_stage|reg_file:u_reg_file|regs[18][20]                                  ; Lost fanout                                                                                ;
; id_stage:u_id_stage|reg_file:u_reg_file|regs[18][21]                                  ; Lost fanout                                                                                ;
; id_stage:u_id_stage|reg_file:u_reg_file|regs[18][22]                                  ; Lost fanout                                                                                ;
; id_stage:u_id_stage|reg_file:u_reg_file|regs[18][23]                                  ; Lost fanout                                                                                ;
; id_stage:u_id_stage|reg_file:u_reg_file|regs[18][24]                                  ; Lost fanout                                                                                ;
; id_stage:u_id_stage|reg_file:u_reg_file|regs[18][25]                                  ; Lost fanout                                                                                ;
; id_stage:u_id_stage|reg_file:u_reg_file|regs[18][26]                                  ; Lost fanout                                                                                ;
; id_stage:u_id_stage|reg_file:u_reg_file|regs[18][27]                                  ; Lost fanout                                                                                ;
; id_stage:u_id_stage|reg_file:u_reg_file|regs[18][28]                                  ; Lost fanout                                                                                ;
; id_stage:u_id_stage|reg_file:u_reg_file|regs[18][29]                                  ; Lost fanout                                                                                ;
; id_stage:u_id_stage|reg_file:u_reg_file|regs[18][30]                                  ; Lost fanout                                                                                ;
; id_stage:u_id_stage|reg_file:u_reg_file|regs[18][31]                                  ; Lost fanout                                                                                ;
; id_stage:u_id_stage|reg_file:u_reg_file|regs[17][0]                                   ; Lost fanout                                                                                ;
; id_stage:u_id_stage|reg_file:u_reg_file|regs[17][1]                                   ; Lost fanout                                                                                ;
; id_stage:u_id_stage|reg_file:u_reg_file|regs[17][2]                                   ; Lost fanout                                                                                ;
; id_stage:u_id_stage|reg_file:u_reg_file|regs[17][3]                                   ; Lost fanout                                                                                ;
; id_stage:u_id_stage|reg_file:u_reg_file|regs[17][4]                                   ; Lost fanout                                                                                ;
; id_stage:u_id_stage|reg_file:u_reg_file|regs[17][5]                                   ; Lost fanout                                                                                ;
; id_stage:u_id_stage|reg_file:u_reg_file|regs[17][6]                                   ; Lost fanout                                                                                ;
; id_stage:u_id_stage|reg_file:u_reg_file|regs[17][7]                                   ; Lost fanout                                                                                ;
; id_stage:u_id_stage|reg_file:u_reg_file|regs[17][8]                                   ; Lost fanout                                                                                ;
; id_stage:u_id_stage|reg_file:u_reg_file|regs[17][9]                                   ; Lost fanout                                                                                ;
; id_stage:u_id_stage|reg_file:u_reg_file|regs[17][10]                                  ; Lost fanout                                                                                ;
; id_stage:u_id_stage|reg_file:u_reg_file|regs[17][11]                                  ; Lost fanout                                                                                ;
; id_stage:u_id_stage|reg_file:u_reg_file|regs[17][12]                                  ; Lost fanout                                                                                ;
; id_stage:u_id_stage|reg_file:u_reg_file|regs[17][13]                                  ; Lost fanout                                                                                ;
; id_stage:u_id_stage|reg_file:u_reg_file|regs[17][14]                                  ; Lost fanout                                                                                ;
; id_stage:u_id_stage|reg_file:u_reg_file|regs[17][15]                                  ; Lost fanout                                                                                ;
; id_stage:u_id_stage|reg_file:u_reg_file|regs[17][16]                                  ; Lost fanout                                                                                ;
; id_stage:u_id_stage|reg_file:u_reg_file|regs[17][17]                                  ; Lost fanout                                                                                ;
; id_stage:u_id_stage|reg_file:u_reg_file|regs[17][18]                                  ; Lost fanout                                                                                ;
; id_stage:u_id_stage|reg_file:u_reg_file|regs[17][19]                                  ; Lost fanout                                                                                ;
; id_stage:u_id_stage|reg_file:u_reg_file|regs[17][20]                                  ; Lost fanout                                                                                ;
; id_stage:u_id_stage|reg_file:u_reg_file|regs[17][21]                                  ; Lost fanout                                                                                ;
; id_stage:u_id_stage|reg_file:u_reg_file|regs[17][22]                                  ; Lost fanout                                                                                ;
; id_stage:u_id_stage|reg_file:u_reg_file|regs[17][23]                                  ; Lost fanout                                                                                ;
; id_stage:u_id_stage|reg_file:u_reg_file|regs[17][24]                                  ; Lost fanout                                                                                ;
; id_stage:u_id_stage|reg_file:u_reg_file|regs[17][25]                                  ; Lost fanout                                                                                ;
; id_stage:u_id_stage|reg_file:u_reg_file|regs[17][26]                                  ; Lost fanout                                                                                ;
; id_stage:u_id_stage|reg_file:u_reg_file|regs[17][27]                                  ; Lost fanout                                                                                ;
; id_stage:u_id_stage|reg_file:u_reg_file|regs[17][28]                                  ; Lost fanout                                                                                ;
; id_stage:u_id_stage|reg_file:u_reg_file|regs[17][29]                                  ; Lost fanout                                                                                ;
; id_stage:u_id_stage|reg_file:u_reg_file|regs[17][30]                                  ; Lost fanout                                                                                ;
; id_stage:u_id_stage|reg_file:u_reg_file|regs[17][31]                                  ; Lost fanout                                                                                ;
; id_stage:u_id_stage|reg_file:u_reg_file|regs[16][0]                                   ; Lost fanout                                                                                ;
; id_stage:u_id_stage|reg_file:u_reg_file|regs[16][1]                                   ; Lost fanout                                                                                ;
; id_stage:u_id_stage|reg_file:u_reg_file|regs[16][2]                                   ; Lost fanout                                                                                ;
; id_stage:u_id_stage|reg_file:u_reg_file|regs[16][3]                                   ; Lost fanout                                                                                ;
; id_stage:u_id_stage|reg_file:u_reg_file|regs[16][4]                                   ; Lost fanout                                                                                ;
; id_stage:u_id_stage|reg_file:u_reg_file|regs[16][5]                                   ; Lost fanout                                                                                ;
; id_stage:u_id_stage|reg_file:u_reg_file|regs[16][6]                                   ; Lost fanout                                                                                ;
; id_stage:u_id_stage|reg_file:u_reg_file|regs[16][7]                                   ; Lost fanout                                                                                ;
; id_stage:u_id_stage|reg_file:u_reg_file|regs[16][8]                                   ; Lost fanout                                                                                ;
; id_stage:u_id_stage|reg_file:u_reg_file|regs[16][9]                                   ; Lost fanout                                                                                ;
; id_stage:u_id_stage|reg_file:u_reg_file|regs[16][10]                                  ; Lost fanout                                                                                ;
; id_stage:u_id_stage|reg_file:u_reg_file|regs[16][11]                                  ; Lost fanout                                                                                ;
; id_stage:u_id_stage|reg_file:u_reg_file|regs[16][12]                                  ; Lost fanout                                                                                ;
; id_stage:u_id_stage|reg_file:u_reg_file|regs[16][13]                                  ; Lost fanout                                                                                ;
; id_stage:u_id_stage|reg_file:u_reg_file|regs[16][14]                                  ; Lost fanout                                                                                ;
; id_stage:u_id_stage|reg_file:u_reg_file|regs[16][15]                                  ; Lost fanout                                                                                ;
; id_stage:u_id_stage|reg_file:u_reg_file|regs[16][16]                                  ; Lost fanout                                                                                ;
; id_stage:u_id_stage|reg_file:u_reg_file|regs[16][17]                                  ; Lost fanout                                                                                ;
; id_stage:u_id_stage|reg_file:u_reg_file|regs[16][18]                                  ; Lost fanout                                                                                ;
; id_stage:u_id_stage|reg_file:u_reg_file|regs[16][19]                                  ; Lost fanout                                                                                ;
; id_stage:u_id_stage|reg_file:u_reg_file|regs[16][20]                                  ; Lost fanout                                                                                ;
; id_stage:u_id_stage|reg_file:u_reg_file|regs[16][21]                                  ; Lost fanout                                                                                ;
; id_stage:u_id_stage|reg_file:u_reg_file|regs[16][22]                                  ; Lost fanout                                                                                ;
; id_stage:u_id_stage|reg_file:u_reg_file|regs[16][23]                                  ; Lost fanout                                                                                ;
; id_stage:u_id_stage|reg_file:u_reg_file|regs[16][24]                                  ; Lost fanout                                                                                ;
; id_stage:u_id_stage|reg_file:u_reg_file|regs[16][25]                                  ; Lost fanout                                                                                ;
; id_stage:u_id_stage|reg_file:u_reg_file|regs[16][26]                                  ; Lost fanout                                                                                ;
; id_stage:u_id_stage|reg_file:u_reg_file|regs[16][27]                                  ; Lost fanout                                                                                ;
; id_stage:u_id_stage|reg_file:u_reg_file|regs[16][28]                                  ; Lost fanout                                                                                ;
; id_stage:u_id_stage|reg_file:u_reg_file|regs[16][29]                                  ; Lost fanout                                                                                ;
; id_stage:u_id_stage|reg_file:u_reg_file|regs[16][30]                                  ; Lost fanout                                                                                ;
; id_stage:u_id_stage|reg_file:u_reg_file|regs[16][31]                                  ; Lost fanout                                                                                ;
; custom_cmd_mem[1]                                                                     ; Lost fanout                                                                                ;
; custom_cmd_ex[1]                                                                      ; Lost fanout                                                                                ;
; mem_stage:u_mem_stage|canfd_secoc_mmio:u_canfd_secoc_mmio|state_reg~7                 ; Lost fanout                                                                                ;
; mem_stage:u_mem_stage|canfd_secoc_mmio:u_canfd_secoc_mmio|state_reg~8                 ; Lost fanout                                                                                ;
; mem_stage:u_mem_stage|canfd_secoc_mmio:u_canfd_secoc_mmio|state_reg~9                 ; Lost fanout                                                                                ;
; Total Number of Removed Registers = 697                                               ;                                                                                            ;
+---------------------------------------------------------------------------------------+--------------------------------------------------------------------------------------------+


+--------------------------------------------------------------------------------------------------------------------------------------------------------------------------------------------------+
; Removed Registers Triggering Further Register Optimizations                                                                                                                                      ;
+-----------------------------------------------------------------------------------+---------------------------+----------------------------------------------------------------------------------+
; Register name                                                                     ; Reason for Removal        ; Registers Removed due to This Register                                           ;
+-----------------------------------------------------------------------------------+---------------------------+----------------------------------------------------------------------------------+
; instr_id[26]                                                                      ; Stuck at GND              ; imm_ex[4], custom_cmd_ex[2], custom_cmd_mem[2], rd_wb[4], imm_ex[31], imm_ex[24] ;
;                                                                                   ; due to stuck port data_in ;                                                                                  ;
; mem_stage:u_mem_stage|canfd_secoc_mmio:u_canfd_secoc_mmio|dma_record_base_reg[31] ; Lost Fanouts              ; mem_stage:u_mem_stage|canfd_secoc_mmio:u_canfd_secoc_mmio|dma_next_addr_reg[31]  ;
; mem_stage:u_mem_stage|canfd_secoc_mmio:u_canfd_secoc_mmio|dma_record_base_reg[30] ; Lost Fanouts              ; mem_stage:u_mem_stage|canfd_secoc_mmio:u_canfd_secoc_mmio|dma_next_addr_reg[30]  ;
; mem_stage:u_mem_stage|canfd_secoc_mmio:u_canfd_secoc_mmio|dma_record_base_reg[29] ; Lost Fanouts              ; mem_stage:u_mem_stage|canfd_secoc_mmio:u_canfd_secoc_mmio|dma_next_addr_reg[29]  ;
; mem_stage:u_mem_stage|canfd_secoc_mmio:u_canfd_secoc_mmio|dma_record_base_reg[28] ; Lost Fanouts              ; mem_stage:u_mem_stage|canfd_secoc_mmio:u_canfd_secoc_mmio|dma_next_addr_reg[28]  ;
; mem_stage:u_mem_stage|canfd_secoc_mmio:u_canfd_secoc_mmio|dma_record_base_reg[27] ; Lost Fanouts              ; mem_stage:u_mem_stage|canfd_secoc_mmio:u_canfd_secoc_mmio|dma_next_addr_reg[27]  ;
; mem_stage:u_mem_stage|canfd_secoc_mmio:u_canfd_secoc_mmio|dma_record_base_reg[26] ; Lost Fanouts              ; mem_stage:u_mem_stage|canfd_secoc_mmio:u_canfd_secoc_mmio|dma_next_addr_reg[26]  ;
; mem_stage:u_mem_stage|canfd_secoc_mmio:u_canfd_secoc_mmio|dma_record_base_reg[25] ; Lost Fanouts              ; mem_stage:u_mem_stage|canfd_secoc_mmio:u_canfd_secoc_mmio|dma_next_addr_reg[25]  ;
; mem_stage:u_mem_stage|canfd_secoc_mmio:u_canfd_secoc_mmio|dma_record_base_reg[24] ; Lost Fanouts              ; mem_stage:u_mem_stage|canfd_secoc_mmio:u_canfd_secoc_mmio|dma_next_addr_reg[24]  ;
; mem_stage:u_mem_stage|canfd_secoc_mmio:u_canfd_secoc_mmio|dma_record_base_reg[23] ; Lost Fanouts              ; mem_stage:u_mem_stage|canfd_secoc_mmio:u_canfd_secoc_mmio|dma_next_addr_reg[23]  ;
; mem_stage:u_mem_stage|canfd_secoc_mmio:u_canfd_secoc_mmio|dma_record_base_reg[22] ; Lost Fanouts              ; mem_stage:u_mem_stage|canfd_secoc_mmio:u_canfd_secoc_mmio|dma_next_addr_reg[22]  ;
; mem_stage:u_mem_stage|canfd_secoc_mmio:u_canfd_secoc_mmio|dma_record_base_reg[21] ; Lost Fanouts              ; mem_stage:u_mem_stage|canfd_secoc_mmio:u_canfd_secoc_mmio|dma_next_addr_reg[21]  ;
; mem_stage:u_mem_stage|canfd_secoc_mmio:u_canfd_secoc_mmio|dma_record_base_reg[20] ; Lost Fanouts              ; mem_stage:u_mem_stage|canfd_secoc_mmio:u_canfd_secoc_mmio|dma_next_addr_reg[20]  ;
; mem_stage:u_mem_stage|canfd_secoc_mmio:u_canfd_secoc_mmio|dma_record_base_reg[19] ; Lost Fanouts              ; mem_stage:u_mem_stage|canfd_secoc_mmio:u_canfd_secoc_mmio|dma_next_addr_reg[19]  ;
; mem_stage:u_mem_stage|canfd_secoc_mmio:u_canfd_secoc_mmio|dma_record_base_reg[18] ; Lost Fanouts              ; mem_stage:u_mem_stage|canfd_secoc_mmio:u_canfd_secoc_mmio|dma_next_addr_reg[18]  ;
; mem_stage:u_mem_stage|canfd_secoc_mmio:u_canfd_secoc_mmio|dma_record_base_reg[17] ; Lost Fanouts              ; mem_stage:u_mem_stage|canfd_secoc_mmio:u_canfd_secoc_mmio|dma_next_addr_reg[17]  ;
; mem_stage:u_mem_stage|canfd_secoc_mmio:u_canfd_secoc_mmio|dma_record_base_reg[16] ; Lost Fanouts              ; mem_stage:u_mem_stage|canfd_secoc_mmio:u_canfd_secoc_mmio|dma_next_addr_reg[16]  ;
; mem_stage:u_mem_stage|canfd_secoc_mmio:u_canfd_secoc_mmio|dma_record_base_reg[15] ; Lost Fanouts              ; mem_stage:u_mem_stage|canfd_secoc_mmio:u_canfd_secoc_mmio|dma_next_addr_reg[15]  ;
; mem_stage:u_mem_stage|canfd_secoc_mmio:u_canfd_secoc_mmio|dma_record_base_reg[14] ; Lost Fanouts              ; mem_stage:u_mem_stage|canfd_secoc_mmio:u_canfd_secoc_mmio|dma_next_addr_reg[14]  ;
; mem_stage:u_mem_stage|canfd_secoc_mmio:u_canfd_secoc_mmio|dma_record_base_reg[13] ; Lost Fanouts              ; mem_stage:u_mem_stage|canfd_secoc_mmio:u_canfd_secoc_mmio|dma_next_addr_reg[13]  ;
; mem_stage:u_mem_stage|canfd_secoc_mmio:u_canfd_secoc_mmio|dma_record_base_reg[12] ; Lost Fanouts              ; mem_stage:u_mem_stage|canfd_secoc_mmio:u_canfd_secoc_mmio|dma_next_addr_reg[12]  ;
; mem_stage:u_mem_stage|canfd_secoc_mmio:u_canfd_secoc_mmio|dma_record_base_reg[11] ; Lost Fanouts              ; mem_stage:u_mem_stage|canfd_secoc_mmio:u_canfd_secoc_mmio|dma_next_addr_reg[11]  ;
; mem_stage:u_mem_stage|canfd_secoc_mmio:u_canfd_secoc_mmio|dma_record_base_reg[10] ; Lost Fanouts              ; mem_stage:u_mem_stage|canfd_secoc_mmio:u_canfd_secoc_mmio|dma_next_addr_reg[10]  ;
; custom_instr_ex                                                                   ; Stuck at GND              ; custom_instr_mem                                                                 ;
;                                                                                   ; due to stuck port data_in ;                                                                                  ;
; custom_cmd_mem[1]                                                                 ; Lost Fanouts              ; custom_cmd_ex[1]                                                                 ;
+-----------------------------------------------------------------------------------+---------------------------+----------------------------------------------------------------------------------+


+------------------------------------------------------+
; General Register Statistics                          ;
+----------------------------------------------+-------+
; Statistic                                    ; Value ;
+----------------------------------------------+-------+
; Total registers                              ; 20996 ;
; Number of registers using Synchronous Clear  ; 10738 ;
; Number of registers using Synchronous Load   ; 9649  ;
; Number of registers using Asynchronous Clear ; 12324 ;
; Number of registers using Asynchronous Load  ; 0     ;
; Number of registers using Clock Enable       ; 15142 ;
; Number of registers using Preset             ; 0     ;
+----------------------------------------------+-------+


+----------------------------------------------------------------------------------------------------------------------------------+
; Inverted Register Statistics                                                                                                     ;
+------------------------------------------------------------------------------------------------------------------------+---------+
; Inverted Register                                                                                                      ; Fan out ;
+------------------------------------------------------------------------------------------------------------------------+---------+
; mem_stage:u_mem_stage|uart_mmio:u_uart_mmio|uart_tx:u_uart_tx|tx_o                                                     ; 1       ;
; mem_stage:u_mem_stage|sensor_spi_mmio:u_sensor_spi_mmio|sensor_spi_ip:u_sensor_spi_ip|spi_slave_select_reg[0]          ; 2       ;
; mem_stage:u_mem_stage|sensor_spi_mmio:u_sensor_spi_mmio|sensor_spi_ip:u_sensor_spi_ip|stateZero                        ; 1       ;
; mem_stage:u_mem_stage|sensor_spi_mmio:u_sensor_spi_mmio|data_ready_reg                                                 ; 3       ;
; mem_stage:u_mem_stage|uart_mmio:u_uart_mmio|uart_tx:u_uart_tx|shifter[1]                                               ; 1       ;
; mem_stage:u_mem_stage|uart_mmio:u_uart_mmio|enable_reg                                                                 ; 7       ;
; mem_stage:u_mem_stage|sensor_spi_mmio:u_sensor_spi_mmio|enable_reg                                                     ; 4       ;
; mem_stage:u_mem_stage|sensor_spi_mmio:u_sensor_spi_mmio|sensor_spi_ip:u_sensor_spi_ip|spi_slave_select_holding_reg[0]  ; 1       ;
; mem_stage:u_mem_stage|can_ids_mmio:u_can_ids_mmio|replay_window_reg[6]                                                 ; 3       ;
; mem_stage:u_mem_stage|can_ids_mmio:u_can_ids_mmio|enable_reg                                                           ; 226     ;
; mem_stage:u_mem_stage|can_ids_mmio:u_can_ids_mmio|modify_mask_reg[56]                                                  ; 3       ;
; mem_stage:u_mem_stage|can_ids_mmio:u_can_ids_mmio|modify_mask_reg[63]                                                  ; 3       ;
; mem_stage:u_mem_stage|can_ids_mmio:u_can_ids_mmio|modify_mask_reg[60]                                                  ; 4       ;
; mem_stage:u_mem_stage|can_ids_mmio:u_can_ids_mmio|modify_mask_reg[61]                                                  ; 3       ;
; mem_stage:u_mem_stage|can_ids_mmio:u_can_ids_mmio|modify_mask_reg[62]                                                  ; 3       ;
; mem_stage:u_mem_stage|can_ids_mmio:u_can_ids_mmio|modify_mask_reg[54]                                                  ; 3       ;
; mem_stage:u_mem_stage|can_ids_mmio:u_can_ids_mmio|modify_mask_reg[55]                                                  ; 3       ;
; mem_stage:u_mem_stage|can_ids_mmio:u_can_ids_mmio|modify_mask_reg[59]                                                  ; 3       ;
; mem_stage:u_mem_stage|can_ids_mmio:u_can_ids_mmio|modify_mask_reg[57]                                                  ; 3       ;
; mem_stage:u_mem_stage|can_ids_mmio:u_can_ids_mmio|modify_mask_reg[58]                                                  ; 3       ;
; mem_stage:u_mem_stage|can_ids_mmio:u_can_ids_mmio|modify_mask_reg[51]                                                  ; 4       ;
; mem_stage:u_mem_stage|can_ids_mmio:u_can_ids_mmio|modify_mask_reg[52]                                                  ; 3       ;
; mem_stage:u_mem_stage|can_ids_mmio:u_can_ids_mmio|modify_mask_reg[53]                                                  ; 3       ;
; mem_stage:u_mem_stage|can_ids_mmio:u_can_ids_mmio|modify_mask_reg[48]                                                  ; 4       ;
; mem_stage:u_mem_stage|can_ids_mmio:u_can_ids_mmio|modify_mask_reg[49]                                                  ; 3       ;
; mem_stage:u_mem_stage|can_ids_mmio:u_can_ids_mmio|modify_mask_reg[50]                                                  ; 3       ;
; mem_stage:u_mem_stage|can_ids_mmio:u_can_ids_mmio|modify_id_reg[8]                                                     ; 2       ;
; mem_stage:u_mem_stage|can_ids_mmio:u_can_ids_mmio|modify_id_reg[6]                                                     ; 2       ;
; mem_stage:u_mem_stage|can_ids_mmio:u_can_ids_mmio|modify_id_reg[2]                                                     ; 2       ;
; mem_stage:u_mem_stage|can_ids_mmio:u_can_ids_mmio|modify_id_reg[0]                                                     ; 2       ;
; mem_stage:u_mem_stage|can_ids_mmio:u_can_ids_mmio|flood_threshold_reg[1]                                               ; 2       ;
; mem_stage:u_mem_stage|can_ids_mmio:u_can_ids_mmio|spoof_data_hi_reg[25]                                                ; 2       ;
; mem_stage:u_mem_stage|can_ids_mmio:u_can_ids_mmio|spoof_data_hi_reg[26]                                                ; 2       ;
; mem_stage:u_mem_stage|can_ids_mmio:u_can_ids_mmio|spoof_data_hi_reg[27]                                                ; 2       ;
; mem_stage:u_mem_stage|can_ids_mmio:u_can_ids_mmio|spoof_data_hi_reg[31]                                                ; 2       ;
; mem_stage:u_mem_stage|can_ids_mmio:u_can_ids_mmio|spoof_data_hi_reg[22]                                                ; 2       ;
; mem_stage:u_mem_stage|can_ids_mmio:u_can_ids_mmio|spoof_data_hi_reg[23]                                                ; 2       ;
; mem_stage:u_mem_stage|can_ids_mmio:u_can_ids_mmio|spoof_data_hi_reg[24]                                                ; 2       ;
; mem_stage:u_mem_stage|can_ids_mmio:u_can_ids_mmio|spoof_data_hi_reg[28]                                                ; 2       ;
; mem_stage:u_mem_stage|can_ids_mmio:u_can_ids_mmio|spoof_data_hi_reg[29]                                                ; 2       ;
; mem_stage:u_mem_stage|can_ids_mmio:u_can_ids_mmio|spoof_data_hi_reg[30]                                                ; 2       ;
; mem_stage:u_mem_stage|can_ids_mmio:u_can_ids_mmio|allow_id0_reg[0]                                                     ; 2       ;
; mem_stage:u_mem_stage|can_ids_mmio:u_can_ids_mmio|allow_id0_reg[1]                                                     ; 2       ;
; mem_stage:u_mem_stage|can_ids_mmio:u_can_ids_mmio|allow_id0_reg[6]                                                     ; 2       ;
; mem_stage:u_mem_stage|can_ids_mmio:u_can_ids_mmio|allow_id0_reg[7]                                                     ; 2       ;
; mem_stage:u_mem_stage|can_ids_mmio:u_can_ids_mmio|spoof_data_hi_reg[16]                                                ; 2       ;
; mem_stage:u_mem_stage|can_ids_mmio:u_can_ids_mmio|spoof_data_hi_reg[17]                                                ; 2       ;
; mem_stage:u_mem_stage|can_ids_mmio:u_can_ids_mmio|spoof_data_hi_reg[18]                                                ; 2       ;
; mem_stage:u_mem_stage|can_ids_mmio:u_can_ids_mmio|spoof_data_hi_reg[19]                                                ; 2       ;
; mem_stage:u_mem_stage|can_ids_mmio:u_can_ids_mmio|spoof_data_hi_reg[20]                                                ; 2       ;
; mem_stage:u_mem_stage|can_ids_mmio:u_can_ids_mmio|spoof_data_hi_reg[21]                                                ; 2       ;
; mem_stage:u_mem_stage|can_ids_mmio:u_can_ids_mmio|spoof_data_hi_reg[10]                                                ; 2       ;
; mem_stage:u_mem_stage|can_ids_mmio:u_can_ids_mmio|spoof_data_hi_reg[11]                                                ; 2       ;
; mem_stage:u_mem_stage|can_ids_mmio:u_can_ids_mmio|spoof_data_hi_reg[12]                                                ; 2       ;
; mem_stage:u_mem_stage|can_ids_mmio:u_can_ids_mmio|spoof_data_hi_reg[13]                                                ; 2       ;
; mem_stage:u_mem_stage|can_ids_mmio:u_can_ids_mmio|spoof_data_hi_reg[14]                                                ; 2       ;
; mem_stage:u_mem_stage|can_ids_mmio:u_can_ids_mmio|spoof_data_hi_reg[15]                                                ; 2       ;
; mem_stage:u_mem_stage|can_ids_mmio:u_can_ids_mmio|spoof_data_hi_reg[4]                                                 ; 2       ;
; mem_stage:u_mem_stage|can_ids_mmio:u_can_ids_mmio|spoof_data_hi_reg[5]                                                 ; 2       ;
; mem_stage:u_mem_stage|can_ids_mmio:u_can_ids_mmio|spoof_data_hi_reg[6]                                                 ; 2       ;
; mem_stage:u_mem_stage|can_ids_mmio:u_can_ids_mmio|spoof_data_hi_reg[7]                                                 ; 2       ;
; mem_stage:u_mem_stage|can_ids_mmio:u_can_ids_mmio|spoof_data_hi_reg[8]                                                 ; 2       ;
; mem_stage:u_mem_stage|can_ids_mmio:u_can_ids_mmio|spoof_data_hi_reg[9]                                                 ; 2       ;
; mem_stage:u_mem_stage|can_ids_mmio:u_can_ids_mmio|spoof_data_hi_reg[0]                                                 ; 2       ;
; mem_stage:u_mem_stage|can_ids_mmio:u_can_ids_mmio|spoof_data_hi_reg[1]                                                 ; 2       ;
; mem_stage:u_mem_stage|can_ids_mmio:u_can_ids_mmio|spoof_data_hi_reg[2]                                                 ; 2       ;
; mem_stage:u_mem_stage|can_ids_mmio:u_can_ids_mmio|spoof_data_hi_reg[3]                                                 ; 2       ;
; mem_stage:u_mem_stage|can_ids_mmio:u_can_ids_mmio|allow_id1_reg[0]                                                     ; 2       ;
; mem_stage:u_mem_stage|can_ids_mmio:u_can_ids_mmio|allow_id1_reg[2]                                                     ; 2       ;
; mem_stage:u_mem_stage|can_ids_mmio:u_can_ids_mmio|allow_id1_reg[6]                                                     ; 2       ;
; mem_stage:u_mem_stage|can_ids_mmio:u_can_ids_mmio|allow_id1_reg[8]                                                     ; 2       ;
; mem_stage:u_mem_stage|aes_mmio:u_aes_mmio|reuse_protect_reg                                                            ; 3       ;
; mem_stage:u_mem_stage|canfd_secoc_mmio:u_canfd_secoc_mmio|enable_reg                                                   ; 8       ;
; mem_stage:u_mem_stage|canfd_secoc_mmio:u_canfd_secoc_mmio|secoc_enable_reg                                             ; 12      ;
; mem_stage:u_mem_stage|uart_mmio:u_uart_mmio|uart_tx:u_uart_tx|shifter[2]                                               ; 1       ;
; mem_stage:u_mem_stage|uart_mmio:u_uart_mmio|baud_div_reg[3]                                                            ; 2       ;
; mem_stage:u_mem_stage|uart_mmio:u_uart_mmio|baud_div_reg[2]                                                            ; 2       ;
; mem_stage:u_mem_stage|uart_mmio:u_uart_mmio|baud_div_reg[1]                                                            ; 2       ;
; mem_stage:u_mem_stage|uart_mmio:u_uart_mmio|baud_div_reg[0]                                                            ; 2       ;
; instr_id[4]                                                                                                            ; 12      ;
; mem_stage:u_mem_stage|sensor_spi_mmio:u_sensor_spi_mmio|sensor_data_reg[3]                                             ; 2       ;
; mem_stage:u_mem_stage|sensor_spi_mmio:u_sensor_spi_mmio|sensor_data_reg[5]                                             ; 2       ;
; mem_stage:u_mem_stage|canfd_secoc_mmio:u_canfd_secoc_mmio|stage_fdf_reg                                                ; 3       ;
; mem_stage:u_mem_stage|canfd_secoc_mmio:u_canfd_secoc_mmio|dma_stride_reg[5]                                            ; 2       ;
; mem_stage:u_mem_stage|canfd_secoc_mmio:u_canfd_secoc_mmio|stage_brs_reg                                                ; 3       ;
; mem_stage:u_mem_stage|canfd_secoc_mmio:u_canfd_secoc_mmio|dma_stride_reg[6]                                            ; 2       ;
; mem_stage:u_mem_stage|sensor_spi_mmio:u_sensor_spi_mmio|sensor_data_reg[6]                                             ; 2       ;
; mem_stage:u_mem_stage|sensor_spi_mmio:u_sensor_spi_mmio|sensor_data_reg[4]                                             ; 2       ;
; mem_stage:u_mem_stage|sensor_spi_mmio:u_sensor_spi_mmio|sensor_data_reg[9]                                             ; 2       ;
; mem_stage:u_mem_stage|sensor_spi_mmio:u_sensor_spi_mmio|sensor_data_reg[10]                                            ; 2       ;
; mem_stage:u_mem_stage|canfd_secoc_mmio:u_canfd_secoc_mmio|dma_base_reg[8]                                              ; 1       ;
; mem_stage:u_mem_stage|sensor_spi_mmio:u_sensor_spi_mmio|sensor_data_reg[14]                                            ; 2       ;
; mem_stage:u_mem_stage|sensor_spi_mmio:u_sensor_spi_mmio|sensor_data_reg[12]                                            ; 2       ;
; mem_stage:u_mem_stage|sensor_spi_mmio:u_sensor_spi_mmio|sensor_data_reg[18]                                            ; 2       ;
; mem_stage:u_mem_stage|sensor_spi_mmio:u_sensor_spi_mmio|sensor_data_reg[21]                                            ; 2       ;
; mem_stage:u_mem_stage|sensor_spi_mmio:u_sensor_spi_mmio|sensor_data_reg[20]                                            ; 2       ;
; mem_stage:u_mem_stage|sensor_spi_mmio:u_sensor_spi_mmio|sensor_data_reg[25]                                            ; 2       ;
; mem_stage:u_mem_stage|sensor_spi_mmio:u_sensor_spi_mmio|sensor_data_reg[28]                                            ; 2       ;
; mem_stage:u_mem_stage|uart_mmio:u_uart_mmio|uart_tx:u_uart_tx|shifter[3]                                               ; 1       ;
; mem_stage:u_mem_stage|aes_mmio:u_aes_mmio|aes128_lowpower:u_aes128_lowpower|AES128_updated_new:u_reusable_aes|round[0] ; 13      ;
; Total number of inverted registers = 107*                                                                              ;         ;
+------------------------------------------------------------------------------------------------------------------------+---------+
* Table truncated at 100 items. To change the number of inverted registers reported, set the "Number of Inverted Registers Reported" option under Assignments->Settings->Analysis and Synthesis Settings->More Settings


+-------------------------------------------------------------------------------------------------------------------------------------------------------------------------------------------------------------------------------------------------------------------------------------------+
; Multiplexer Restructuring Statistics (Restructuring Performed)                                                                                                                                                                                                                            ;
+--------------------+-----------+---------------+----------------------+------------------------+------------+-----------------------------------------------------------------------------------------------------------------------------------------------------------------------------+
; Multiplexer Inputs ; Bus Width ; Baseline Area ; Area if Restructured ; Saving if Restructured ; Registered ; Example Multiplexer Output                                                                                                                                                  ;
+--------------------+-----------+---------------+----------------------+------------------------+------------+-----------------------------------------------------------------------------------------------------------------------------------------------------------------------------+
; 3:1                ; 64 bits   ; 128 LEs       ; 0 LEs                ; 128 LEs                ; Yes        ; |riscv_aes_advancements|mem_stage:u_mem_stage|canfd_secoc_mmio:u_canfd_secoc_mmio|last_computed_tag_reg[88]                                                                 ;
; 3:1                ; 8 bits    ; 16 LEs        ; 0 LEs                ; 16 LEs                 ; Yes        ; |riscv_aes_advancements|mem_stage:u_mem_stage|sensor_spi_mmio:u_sensor_spi_mmio|sensor_spi_ip:u_sensor_spi_ip|shift_reg[6]                                                  ;
; 3:1                ; 32 bits   ; 64 LEs        ; 0 LEs                ; 64 LEs                 ; Yes        ; |riscv_aes_advancements|mem_stage:u_mem_stage|power_mgmt_mmio:u_power_mgmt_mmio|can_ids_active_cycles[16]                                                                   ;
; 3:1                ; 32 bits   ; 64 LEs        ; 0 LEs                ; 64 LEs                 ; Yes        ; |riscv_aes_advancements|mem_stage:u_mem_stage|power_mgmt_mmio:u_power_mgmt_mmio|sensor_active_cycles[18]                                                                    ;
; 3:1                ; 32 bits   ; 64 LEs        ; 0 LEs                ; 64 LEs                 ; Yes        ; |riscv_aes_advancements|mem_stage:u_mem_stage|canfd_secoc_mmio:u_canfd_secoc_mmio|key_reg[106]                                                                              ;
; 3:1                ; 32 bits   ; 64 LEs        ; 0 LEs                ; 64 LEs                 ; Yes        ; |riscv_aes_advancements|mem_stage:u_mem_stage|canfd_secoc_mmio:u_canfd_secoc_mmio|key_reg[71]                                                                               ;
; 3:1                ; 32 bits   ; 64 LEs        ; 0 LEs                ; 64 LEs                 ; Yes        ; |riscv_aes_advancements|mem_stage:u_mem_stage|canfd_secoc_mmio:u_canfd_secoc_mmio|key_reg[50]                                                                               ;
; 3:1                ; 32 bits   ; 64 LEs        ; 0 LEs                ; 64 LEs                 ; Yes        ; |riscv_aes_advancements|mem_stage:u_mem_stage|canfd_secoc_mmio:u_canfd_secoc_mmio|key_reg[2]                                                                                ;
; 3:1                ; 2 bits    ; 4 LEs         ; 0 LEs                ; 4 LEs                  ; Yes        ; |riscv_aes_advancements|mem_stage:u_mem_stage|canfd_secoc_mmio:u_canfd_secoc_mmio|tx_wptr_reg[1]                                                                            ;
; 3:1                ; 3 bits    ; 6 LEs         ; 3 LEs                ; 3 LEs                  ; Yes        ; |riscv_aes_advancements|mem_stage:u_mem_stage|canfd_secoc_mmio:u_canfd_secoc_mmio|block_index_reg[1]                                                                        ;
; 3:1                ; 580 bits  ; 1160 LEs      ; 0 LEs                ; 1160 LEs               ; Yes        ; |riscv_aes_advancements|mem_stage:u_mem_stage|canfd_secoc_mmio:u_canfd_secoc_mmio|tx_payload_fifo[0][67]                                                                    ;
; 3:1                ; 64 bits   ; 128 LEs       ; 0 LEs                ; 128 LEs                ; Yes        ; |riscv_aes_advancements|mem_stage:u_mem_stage|canfd_secoc_mmio:u_canfd_secoc_mmio|tx_tag_fifo[0][75]                                                                        ;
; 3:1                ; 580 bits  ; 1160 LEs      ; 0 LEs                ; 1160 LEs               ; Yes        ; |riscv_aes_advancements|mem_stage:u_mem_stage|canfd_secoc_mmio:u_canfd_secoc_mmio|tx_payload_fifo[1][144]                                                                   ;
; 3:1                ; 64 bits   ; 128 LEs       ; 0 LEs                ; 128 LEs                ; Yes        ; |riscv_aes_advancements|mem_stage:u_mem_stage|canfd_secoc_mmio:u_canfd_secoc_mmio|tx_tag_fifo[1][122]                                                                       ;
; 3:1                ; 580 bits  ; 1160 LEs      ; 0 LEs                ; 1160 LEs               ; Yes        ; |riscv_aes_advancements|mem_stage:u_mem_stage|canfd_secoc_mmio:u_canfd_secoc_mmio|tx_payload_fifo[2][415]                                                                   ;
; 3:1                ; 64 bits   ; 128 LEs       ; 0 LEs                ; 128 LEs                ; Yes        ; |riscv_aes_advancements|mem_stage:u_mem_stage|canfd_secoc_mmio:u_canfd_secoc_mmio|tx_tag_fifo[2][64]                                                                        ;
; 3:1                ; 580 bits  ; 1160 LEs      ; 0 LEs                ; 1160 LEs               ; Yes        ; |riscv_aes_advancements|mem_stage:u_mem_stage|canfd_secoc_mmio:u_canfd_secoc_mmio|tx_payload_fifo[3][414]                                                                   ;
; 3:1                ; 64 bits   ; 128 LEs       ; 0 LEs                ; 128 LEs                ; Yes        ; |riscv_aes_advancements|mem_stage:u_mem_stage|canfd_secoc_mmio:u_canfd_secoc_mmio|tx_tag_fifo[3][85]                                                                        ;
; 3:1                ; 32 bits   ; 64 LEs        ; 0 LEs                ; 64 LEs                 ; Yes        ; |riscv_aes_advancements|mem_stage:u_mem_stage|dma_lite:u_dma_lite|index_reg[19]                                                                                             ;
; 3:1                ; 32 bits   ; 64 LEs        ; 0 LEs                ; 64 LEs                 ; Yes        ; |riscv_aes_advancements|mem_stage:u_mem_stage|canfd_secoc_mmio:u_canfd_secoc_mmio|dma_record_count_reg[18]                                                                  ;
; 3:1                ; 29 bits   ; 58 LEs        ; 0 LEs                ; 58 LEs                 ; Yes        ; |riscv_aes_advancements|mem_stage:u_mem_stage|canfd_secoc_mmio:u_canfd_secoc_mmio|dma_next_addr_reg[6]                                                                      ;
; 3:1                ; 79 bits   ; 158 LEs       ; 0 LEs                ; 158 LEs                ; Yes        ; |riscv_aes_advancements|mem_stage:u_mem_stage|can_ids_mmio:u_can_ids_mmio|last_frame_payload_reg[38]                                                                        ;
; 3:1                ; 32 bits   ; 64 LEs        ; 0 LEs                ; 64 LEs                 ; Yes        ; |riscv_aes_advancements|mem_stage:u_mem_stage|canfd_secoc_mmio:u_canfd_secoc_mmio|rx_accept_count_reg[30]                                                                   ;
; 3:1                ; 11 bits   ; 22 LEs        ; 0 LEs                ; 22 LEs                 ; Yes        ; |riscv_aes_advancements|mem_stage:u_mem_stage|can_ids_mmio:u_can_ids_mmio|last_attack_id_reg[3]                                                                             ;
; 3:1                ; 2 bits    ; 4 LEs         ; 0 LEs                ; 4 LEs                  ; Yes        ; |riscv_aes_advancements|mem_stage:u_mem_stage|canfd_secoc_mmio:u_canfd_secoc_mmio|tx_count_reg[2]                                                                           ;
; 4:1                ; 15 bits   ; 30 LEs        ; 15 LEs               ; 15 LEs                 ; Yes        ; |riscv_aes_advancements|mem_stage:u_mem_stage|canfd_secoc_mmio:u_canfd_secoc_mmio|aes_input_reg[98]                                                                         ;
; 4:1                ; 68 bits   ; 136 LEs       ; 0 LEs                ; 136 LEs                ; Yes        ; |riscv_aes_advancements|mem_stage:u_mem_stage|canfd_secoc_mmio:u_canfd_secoc_mmio|aes_input_reg[63]                                                                         ;
; 4:1                ; 45 bits   ; 90 LEs        ; 0 LEs                ; 90 LEs                 ; Yes        ; |riscv_aes_advancements|mem_stage:u_mem_stage|canfd_secoc_mmio:u_canfd_secoc_mmio|aes_input_reg[125]                                                                        ;
; 4:1                ; 5 bits    ; 10 LEs        ; 10 LEs               ; 0 LEs                  ; Yes        ; |riscv_aes_advancements|mem_stage:u_mem_stage|canfd_secoc_mmio:u_canfd_secoc_mmio|dma_word_index_reg[1]                                                                     ;
; 4:1                ; 15 bits   ; 30 LEs        ; 0 LEs                ; 30 LEs                 ; Yes        ; |riscv_aes_advancements|mem_stage:u_mem_stage|sensor_spi_mmio:u_sensor_spi_mmio|sensor_data_reg[24]                                                                         ;
; 4:1                ; 4 bits    ; 8 LEs         ; 8 LEs                ; 0 LEs                  ; Yes        ; |riscv_aes_advancements|mem_stage:u_mem_stage|sensor_spi_mmio:u_sensor_spi_mmio|sensor_data_reg[1]                                                                          ;
; 4:1                ; 32 bits   ; 64 LEs        ; 0 LEs                ; 64 LEs                 ; Yes        ; |riscv_aes_advancements|mem_stage:u_mem_stage|canfd_secoc_mmio:u_canfd_secoc_mmio|auth_fail_count_reg[11]                                                                   ;
; 4:1                ; 32 bits   ; 64 LEs        ; 0 LEs                ; 64 LEs                 ; Yes        ; |riscv_aes_advancements|mem_stage:u_mem_stage|canfd_secoc_mmio:u_canfd_secoc_mmio|fresh_fail_count_reg[24]                                                                  ;
; 4:1                ; 32 bits   ; 64 LEs        ; 0 LEs                ; 64 LEs                 ; Yes        ; |riscv_aes_advancements|mem_stage:u_mem_stage|canfd_secoc_mmio:u_canfd_secoc_mmio|overflow_count_reg[6]                                                                     ;
; 6:1                ; 64 bits   ; 256 LEs       ; 128 LEs              ; 128 LEs                ; Yes        ; |riscv_aes_advancements|mem_stage:u_mem_stage|canfd_secoc_mmio:u_canfd_secoc_mmio|work_expected_tag_reg[53]                                                                 ;
; 6:1                ; 580 bits  ; 2320 LEs      ; 1160 LEs             ; 1160 LEs               ; Yes        ; |riscv_aes_advancements|mem_stage:u_mem_stage|canfd_secoc_mmio:u_canfd_secoc_mmio|work_payload_reg[477]                                                                     ;
; 5:1                ; 5 bits    ; 15 LEs        ; 15 LEs               ; 0 LEs                  ; Yes        ; |riscv_aes_advancements|mem_stage:u_mem_stage|sensor_spi_mmio:u_sensor_spi_mmio|sensor_spi_ip:u_sensor_spi_ip|data_to_cpu[11]                                               ;
; 5:1                ; 2 bits    ; 6 LEs         ; 6 LEs                ; 0 LEs                  ; Yes        ; |riscv_aes_advancements|mem_stage:u_mem_stage|sensor_spi_mmio:u_sensor_spi_mmio|sensor_spi_ip:u_sensor_spi_ip|data_to_cpu[9]                                                ;
; 5:1                ; 3 bits    ; 9 LEs         ; 9 LEs                ; 0 LEs                  ; Yes        ; |riscv_aes_advancements|mem_stage:u_mem_stage|sensor_spi_mmio:u_sensor_spi_mmio|sensor_spi_ip:u_sensor_spi_ip|data_to_cpu[0]                                                ;
; 5:1                ; 4 bits    ; 12 LEs        ; 12 LEs               ; 0 LEs                  ; Yes        ; |riscv_aes_advancements|mem_stage:u_mem_stage|sensor_spi_mmio:u_sensor_spi_mmio|sensor_spi_ip:u_sensor_spi_ip|data_to_cpu[6]                                                ;
; 5:1                ; 32 bits   ; 96 LEs        ; 0 LEs                ; 96 LEs                 ; Yes        ; |riscv_aes_advancements|mem_stage:u_mem_stage|can_ids_mmio:u_can_ids_mmio|total_count_reg[1]                                                                                ;
; 5:1                ; 32 bits   ; 96 LEs        ; 0 LEs                ; 96 LEs                 ; Yes        ; |riscv_aes_advancements|mem_stage:u_mem_stage|can_ids_mmio:u_can_ids_mmio|normal_count_reg[1]                                                                               ;
; 5:1                ; 32 bits   ; 96 LEs        ; 0 LEs                ; 96 LEs                 ; Yes        ; |riscv_aes_advancements|mem_stage:u_mem_stage|can_ids_mmio:u_can_ids_mmio|dos_count_reg[16]                                                                                 ;
; 5:1                ; 32 bits   ; 96 LEs        ; 0 LEs                ; 96 LEs                 ; Yes        ; |riscv_aes_advancements|mem_stage:u_mem_stage|can_ids_mmio:u_can_ids_mmio|fuzzy_count_reg[17]                                                                               ;
; 5:1                ; 32 bits   ; 96 LEs        ; 0 LEs                ; 96 LEs                 ; Yes        ; |riscv_aes_advancements|mem_stage:u_mem_stage|can_ids_mmio:u_can_ids_mmio|spoof_count_reg[24]                                                                               ;
; 5:1                ; 32 bits   ; 96 LEs        ; 0 LEs                ; 96 LEs                 ; Yes        ; |riscv_aes_advancements|mem_stage:u_mem_stage|can_ids_mmio:u_can_ids_mmio|replay_count_reg[7]                                                                               ;
; 5:1                ; 32 bits   ; 96 LEs        ; 0 LEs                ; 96 LEs                 ; Yes        ; |riscv_aes_advancements|mem_stage:u_mem_stage|can_ids_mmio:u_can_ids_mmio|flood_count_reg[2]                                                                                ;
; 5:1                ; 32 bits   ; 96 LEs        ; 0 LEs                ; 96 LEs                 ; Yes        ; |riscv_aes_advancements|mem_stage:u_mem_stage|can_ids_mmio:u_can_ids_mmio|modify_count_reg[30]                                                                              ;
; 8:1                ; 2 bits    ; 10 LEs        ; 8 LEs                ; 2 LEs                  ; Yes        ; |riscv_aes_advancements|mem_stage:u_mem_stage|canfd_secoc_mmio:u_canfd_secoc_mmio|last_auth_ok_reg                                                                          ;
; 11:1               ; 32 bits   ; 224 LEs       ; 0 LEs                ; 224 LEs                ; Yes        ; |riscv_aes_advancements|mem_stage:u_mem_stage|can_ids_mmio:u_can_ids_mmio|class_match_count_reg[16]                                                                         ;
; 13:1               ; 32 bits   ; 256 LEs       ; 0 LEs                ; 256 LEs                ; Yes        ; |riscv_aes_advancements|mem_stage:u_mem_stage|can_ids_mmio:u_can_ids_mmio|attack_count_reg[3]                                                                               ;
; 12:1               ; 32 bits   ; 256 LEs       ; 0 LEs                ; 256 LEs                ; Yes        ; |riscv_aes_advancements|mem_stage:u_mem_stage|can_ids_mmio:u_can_ids_mmio|tp_count_reg[17]                                                                                  ;
; 11:1               ; 23 bits   ; 161 LEs       ; 0 LEs                ; 161 LEs                ; Yes        ; |riscv_aes_advancements|mem_stage:u_mem_stage|can_ids_mmio:u_can_ids_mmio|fn_count_reg[21]                                                                                  ;
; 12:1               ; 32 bits   ; 256 LEs       ; 0 LEs                ; 256 LEs                ; Yes        ; |riscv_aes_advancements|mem_stage:u_mem_stage|can_ids_mmio:u_can_ids_mmio|tn_count_reg[7]                                                                                   ;
; 12:1               ; 9 bits    ; 72 LEs        ; 0 LEs                ; 72 LEs                 ; Yes        ; |riscv_aes_advancements|mem_stage:u_mem_stage|can_ids_mmio:u_can_ids_mmio|fn_count_reg[31]                                                                                  ;
; 12:1               ; 32 bits   ; 256 LEs       ; 0 LEs                ; 256 LEs                ; Yes        ; |riscv_aes_advancements|mem_stage:u_mem_stage|can_ids_mmio:u_can_ids_mmio|fp_count_reg[10]                                                                                  ;
; 531:1              ; 3 bits    ; 1062 LEs      ; 402 LEs              ; 660 LEs                ; Yes        ; |riscv_aes_advancements|mem_read_data_wb[30]                                                                                                                                ;
; 589:1              ; 2 bits    ; 784 LEs       ; 274 LEs              ; 510 LEs                ; Yes        ; |riscv_aes_advancements|mem_read_data_wb[8]                                                                                                                                 ;
; 590:1              ; 2 bits    ; 786 LEs       ; 274 LEs              ; 512 LEs                ; Yes        ; |riscv_aes_advancements|mem_read_data_wb[12]                                                                                                                                ;
; 294:1              ; 3 bits    ; 588 LEs       ; 366 LEs              ; 222 LEs                ; Yes        ; |riscv_aes_advancements|mem_read_data_wb[21]                                                                                                                                ;
; 475:1              ; 2 bits    ; 632 LEs       ; 268 LEs              ; 364 LEs                ; Yes        ; |riscv_aes_advancements|mem_read_data_wb[11]                                                                                                                                ;
; 295:1              ; 3 bits    ; 588 LEs       ; 366 LEs              ; 222 LEs                ; Yes        ; |riscv_aes_advancements|mem_read_data_wb[18]                                                                                                                                ;
; 300:1              ; 5 bits    ; 1000 LEs      ; 630 LEs              ; 370 LEs                ; Yes        ; |riscv_aes_advancements|mem_read_data_wb[24]                                                                                                                                ;
; 4:1                ; 9 bits    ; 18 LEs        ; 18 LEs               ; 0 LEs                  ; Yes        ; |riscv_aes_advancements|mem_stage:u_mem_stage|sensor_spi_mmio:u_sensor_spi_mmio|sensor_data_reg[14]                                                                         ;
; 4:1                ; 4 bits    ; 8 LEs         ; 8 LEs                ; 0 LEs                  ; Yes        ; |riscv_aes_advancements|mem_stage:u_mem_stage|sensor_spi_mmio:u_sensor_spi_mmio|sensor_data_reg[3]                                                                          ;
; 4:1                ; 72 bits   ; 144 LEs       ; 144 LEs              ; 0 LEs                  ; No         ; |riscv_aes_advancements|mem_stage:u_mem_stage|canfd_secoc_mmio:u_canfd_secoc_mmio|Mux1347                                                                                   ;
; 5:1                ; 512 bits  ; 1536 LEs      ; 1536 LEs             ; 0 LEs                  ; No         ; |riscv_aes_advancements|mem_stage:u_mem_stage|canfd_secoc_mmio:u_canfd_secoc_mmio|rx_payload_fifo                                                                           ;
; 7:1                ; 16 bits   ; 64 LEs        ; 64 LEs               ; 0 LEs                  ; No         ; |riscv_aes_advancements|mem_stage:u_mem_stage|canfd_secoc_mmio:u_canfd_secoc_mmio|Mux1346                                                                                   ;
; 7:1                ; 16 bits   ; 64 LEs        ; 64 LEs               ; 0 LEs                  ; No         ; |riscv_aes_advancements|mem_stage:u_mem_stage|canfd_secoc_mmio:u_canfd_secoc_mmio|Mux1342                                                                                   ;
; 5:1                ; 2 bits    ; 6 LEs         ; 6 LEs                ; 0 LEs                  ; No         ; |riscv_aes_advancements|mem_stage:u_mem_stage|can_ids_mmio:u_can_ids_mmio|classified_class[2]                                                                               ;
; 9:1                ; 60 bits   ; 360 LEs       ; 240 LEs              ; 120 LEs                ; No         ; |riscv_aes_advancements|mem_stage:u_mem_stage|canfd_secoc_mmio:u_canfd_secoc_mmio|aes_input_reg                                                                             ;
; 9:1                ; 68 bits   ; 408 LEs       ; 272 LEs              ; 136 LEs                ; No         ; |riscv_aes_advancements|mem_stage:u_mem_stage|canfd_secoc_mmio:u_canfd_secoc_mmio|aes_input_reg                                                                             ;
; 11:1               ; 7 bits    ; 49 LEs        ; 14 LEs               ; 35 LEs                 ; No         ; |riscv_aes_advancements|mem_stage:u_mem_stage|comb                                                                                                                          ;
; 11:1               ; 8 bits    ; 56 LEs        ; 16 LEs               ; 40 LEs                 ; No         ; |riscv_aes_advancements|mem_stage:u_mem_stage|comb                                                                                                                          ;
; 11:1               ; 7 bits    ; 49 LEs        ; 14 LEs               ; 35 LEs                 ; No         ; |riscv_aes_advancements|mem_stage:u_mem_stage|comb                                                                                                                          ;
; 11:1               ; 8 bits    ; 56 LEs        ; 8 LEs                ; 48 LEs                 ; No         ; |riscv_aes_advancements|mem_stage:u_mem_stage|comb                                                                                                                          ;
; 257:1              ; 30 bits   ; 5130 LEs      ; 5130 LEs             ; 0 LEs                  ; No         ; |riscv_aes_advancements|mem_stage:u_mem_stage|data_mem:u_data_mem|read_data_o[1]                                                                                            ;
; 16:1               ; 8 bits    ; 80 LEs        ; 80 LEs               ; 0 LEs                  ; No         ; |riscv_aes_advancements|mem_stage:u_mem_stage|canfd_secoc_mmio:u_canfd_secoc_mmio|Mux1344                                                                                   ;
; 4:1                ; 32 bits   ; 64 LEs        ; 0 LEs                ; 64 LEs                 ; Yes        ; |riscv_aes_advancements|mem_stage:u_mem_stage|data_mem:u_data_mem|ram[0][16]                                                                                                ;
; 4:1                ; 32 bits   ; 64 LEs        ; 0 LEs                ; 64 LEs                 ; Yes        ; |riscv_aes_advancements|mem_stage:u_mem_stage|data_mem:u_data_mem|ram[1][31]                                                                                                ;
; 4:1                ; 32 bits   ; 64 LEs        ; 0 LEs                ; 64 LEs                 ; Yes        ; |riscv_aes_advancements|mem_stage:u_mem_stage|data_mem:u_data_mem|ram[2][16]                                                                                                ;
; 4:1                ; 32 bits   ; 64 LEs        ; 0 LEs                ; 64 LEs                 ; Yes        ; |riscv_aes_advancements|mem_stage:u_mem_stage|data_mem:u_data_mem|ram[3][16]                                                                                                ;
; 4:1                ; 32 bits   ; 64 LEs        ; 0 LEs                ; 64 LEs                 ; Yes        ; |riscv_aes_advancements|mem_stage:u_mem_stage|data_mem:u_data_mem|ram[4][16]                                                                                                ;
; 4:1                ; 32 bits   ; 64 LEs        ; 0 LEs                ; 64 LEs                 ; Yes        ; |riscv_aes_advancements|mem_stage:u_mem_stage|data_mem:u_data_mem|ram[5][16]                                                                                                ;
; 4:1                ; 32 bits   ; 64 LEs        ; 0 LEs                ; 64 LEs                 ; Yes        ; |riscv_aes_advancements|mem_stage:u_mem_stage|data_mem:u_data_mem|ram[6][16]                                                                                                ;
; 4:1                ; 32 bits   ; 64 LEs        ; 0 LEs                ; 64 LEs                 ; Yes        ; |riscv_aes_advancements|mem_stage:u_mem_stage|data_mem:u_data_mem|ram[7][16]                                                                                                ;
; 4:1                ; 32 bits   ; 64 LEs        ; 0 LEs                ; 64 LEs                 ; Yes        ; |riscv_aes_advancements|mem_stage:u_mem_stage|data_mem:u_data_mem|ram[8][16]                                                                                                ;
; 4:1                ; 32 bits   ; 64 LEs        ; 0 LEs                ; 64 LEs                 ; Yes        ; |riscv_aes_advancements|mem_stage:u_mem_stage|data_mem:u_data_mem|ram[9][16]                                                                                                ;
; 4:1                ; 32 bits   ; 64 LEs        ; 0 LEs                ; 64 LEs                 ; Yes        ; |riscv_aes_advancements|mem_stage:u_mem_stage|data_mem:u_data_mem|ram[10][31]                                                                                               ;
; 4:1                ; 32 bits   ; 64 LEs        ; 0 LEs                ; 64 LEs                 ; Yes        ; |riscv_aes_advancements|mem_stage:u_mem_stage|data_mem:u_data_mem|ram[11][16]                                                                                               ;
; 4:1                ; 32 bits   ; 64 LEs        ; 0 LEs                ; 64 LEs                 ; Yes        ; |riscv_aes_advancements|mem_stage:u_mem_stage|data_mem:u_data_mem|ram[12][16]                                                                                               ;
; 4:1                ; 32 bits   ; 64 LEs        ; 0 LEs                ; 64 LEs                 ; Yes        ; |riscv_aes_advancements|mem_stage:u_mem_stage|data_mem:u_data_mem|ram[13][16]                                                                                               ;
; 4:1                ; 32 bits   ; 64 LEs        ; 0 LEs                ; 64 LEs                 ; Yes        ; |riscv_aes_advancements|mem_stage:u_mem_stage|data_mem:u_data_mem|ram[14][16]                                                                                               ;
; 4:1                ; 32 bits   ; 64 LEs        ; 0 LEs                ; 64 LEs                 ; Yes        ; |riscv_aes_advancements|mem_stage:u_mem_stage|data_mem:u_data_mem|ram[15][16]                                                                                               ;
; 4:1                ; 32 bits   ; 64 LEs        ; 0 LEs                ; 64 LEs                 ; Yes        ; |riscv_aes_advancements|mem_stage:u_mem_stage|data_mem:u_data_mem|ram[16][16]                                                                                               ;
; 4:1                ; 32 bits   ; 64 LEs        ; 0 LEs                ; 64 LEs                 ; Yes        ; |riscv_aes_advancements|mem_stage:u_mem_stage|data_mem:u_data_mem|ram[17][16]                                                                                               ;
; 4:1                ; 32 bits   ; 64 LEs        ; 0 LEs                ; 64 LEs                 ; Yes        ; |riscv_aes_advancements|mem_stage:u_mem_stage|data_mem:u_data_mem|ram[18][31]                                                                                               ;
; 4:1                ; 32 bits   ; 64 LEs        ; 0 LEs                ; 64 LEs                 ; Yes        ; |riscv_aes_advancements|mem_stage:u_mem_stage|data_mem:u_data_mem|ram[19][16]                                                                                               ;
; 4:1                ; 32 bits   ; 64 LEs        ; 0 LEs                ; 64 LEs                 ; Yes        ; |riscv_aes_advancements|mem_stage:u_mem_stage|data_mem:u_data_mem|ram[20][16]                                                                                               ;
; 4:1                ; 32 bits   ; 64 LEs        ; 0 LEs                ; 64 LEs                 ; Yes        ; |riscv_aes_advancements|mem_stage:u_mem_stage|data_mem:u_data_mem|ram[21][16]                                                                                               ;
; 4:1                ; 32 bits   ; 64 LEs        ; 0 LEs                ; 64 LEs                 ; Yes        ; |riscv_aes_advancements|mem_stage:u_mem_stage|data_mem:u_data_mem|ram[22][17]                                                                                               ;
; 4:1                ; 32 bits   ; 64 LEs        ; 0 LEs                ; 64 LEs                 ; Yes        ; |riscv_aes_advancements|mem_stage:u_mem_stage|data_mem:u_data_mem|ram[23][16]                                                                                               ;
; 4:1                ; 32 bits   ; 64 LEs        ; 0 LEs                ; 64 LEs                 ; Yes        ; |riscv_aes_advancements|mem_stage:u_mem_stage|data_mem:u_data_mem|ram[24][16]                                                                                               ;
; 4:1                ; 32 bits   ; 64 LEs        ; 0 LEs                ; 64 LEs                 ; Yes        ; |riscv_aes_advancements|mem_stage:u_mem_stage|data_mem:u_data_mem|ram[25][16]                                                                                               ;
; 4:1                ; 32 bits   ; 64 LEs        ; 0 LEs                ; 64 LEs                 ; Yes        ; |riscv_aes_advancements|mem_stage:u_mem_stage|data_mem:u_data_mem|ram[26][31]                                                                                               ;
; 4:1                ; 32 bits   ; 64 LEs        ; 0 LEs                ; 64 LEs                 ; Yes        ; |riscv_aes_advancements|mem_stage:u_mem_stage|data_mem:u_data_mem|ram[27][16]                                                                                               ;
; 4:1                ; 32 bits   ; 64 LEs        ; 0 LEs                ; 64 LEs                 ; Yes        ; |riscv_aes_advancements|mem_stage:u_mem_stage|data_mem:u_data_mem|ram[28][16]                                                                                               ;
; 4:1                ; 32 bits   ; 64 LEs        ; 0 LEs                ; 64 LEs                 ; Yes        ; |riscv_aes_advancements|mem_stage:u_mem_stage|data_mem:u_data_mem|ram[29][16]                                                                                               ;
; 4:1                ; 32 bits   ; 64 LEs        ; 0 LEs                ; 64 LEs                 ; Yes        ; |riscv_aes_advancements|mem_stage:u_mem_stage|data_mem:u_data_mem|ram[30][17]                                                                                               ;
; 4:1                ; 32 bits   ; 64 LEs        ; 0 LEs                ; 64 LEs                 ; Yes        ; |riscv_aes_advancements|mem_stage:u_mem_stage|data_mem:u_data_mem|ram[31][16]                                                                                               ;
; 4:1                ; 32 bits   ; 64 LEs        ; 0 LEs                ; 64 LEs                 ; Yes        ; |riscv_aes_advancements|mem_stage:u_mem_stage|data_mem:u_data_mem|ram[32][15]                                                                                               ;
; 4:1                ; 32 bits   ; 64 LEs        ; 0 LEs                ; 64 LEs                 ; Yes        ; |riscv_aes_advancements|mem_stage:u_mem_stage|data_mem:u_data_mem|ram[33][16]                                                                                               ;
; 4:1                ; 32 bits   ; 64 LEs        ; 0 LEs                ; 64 LEs                 ; Yes        ; |riscv_aes_advancements|mem_stage:u_mem_stage|data_mem:u_data_mem|ram[34][31]                                                                                               ;
; 4:1                ; 32 bits   ; 64 LEs        ; 0 LEs                ; 64 LEs                 ; Yes        ; |riscv_aes_advancements|mem_stage:u_mem_stage|data_mem:u_data_mem|ram[35][16]                                                                                               ;
; 4:1                ; 32 bits   ; 64 LEs        ; 0 LEs                ; 64 LEs                 ; Yes        ; |riscv_aes_advancements|mem_stage:u_mem_stage|data_mem:u_data_mem|ram[36][16]                                                                                               ;
; 4:1                ; 32 bits   ; 64 LEs        ; 0 LEs                ; 64 LEs                 ; Yes        ; |riscv_aes_advancements|mem_stage:u_mem_stage|data_mem:u_data_mem|ram[37][16]                                                                                               ;
; 4:1                ; 32 bits   ; 64 LEs        ; 0 LEs                ; 64 LEs                 ; Yes        ; |riscv_aes_advancements|mem_stage:u_mem_stage|data_mem:u_data_mem|ram[38][17]                                                                                               ;
; 4:1                ; 32 bits   ; 64 LEs        ; 0 LEs                ; 64 LEs                 ; Yes        ; |riscv_aes_advancements|mem_stage:u_mem_stage|data_mem:u_data_mem|ram[39][16]                                                                                               ;
; 4:1                ; 32 bits   ; 64 LEs        ; 0 LEs                ; 64 LEs                 ; Yes        ; |riscv_aes_advancements|mem_stage:u_mem_stage|data_mem:u_data_mem|ram[40][16]                                                                                               ;
; 4:1                ; 32 bits   ; 64 LEs        ; 0 LEs                ; 64 LEs                 ; Yes        ; |riscv_aes_advancements|mem_stage:u_mem_stage|data_mem:u_data_mem|ram[41][16]                                                                                               ;
; 4:1                ; 32 bits   ; 64 LEs        ; 0 LEs                ; 64 LEs                 ; Yes        ; |riscv_aes_advancements|mem_stage:u_mem_stage|data_mem:u_data_mem|ram[42][31]                                                                                               ;
; 4:1                ; 32 bits   ; 64 LEs        ; 0 LEs                ; 64 LEs                 ; Yes        ; |riscv_aes_advancements|mem_stage:u_mem_stage|data_mem:u_data_mem|ram[43][16]                                                                                               ;
; 4:1                ; 32 bits   ; 64 LEs        ; 0 LEs                ; 64 LEs                 ; Yes        ; |riscv_aes_advancements|mem_stage:u_mem_stage|data_mem:u_data_mem|ram[44][17]                                                                                               ;
; 4:1                ; 32 bits   ; 64 LEs        ; 0 LEs                ; 64 LEs                 ; Yes        ; |riscv_aes_advancements|mem_stage:u_mem_stage|data_mem:u_data_mem|ram[45][16]                                                                                               ;
; 4:1                ; 32 bits   ; 64 LEs        ; 0 LEs                ; 64 LEs                 ; Yes        ; |riscv_aes_advancements|mem_stage:u_mem_stage|data_mem:u_data_mem|ram[46][17]                                                                                               ;
; 4:1                ; 32 bits   ; 64 LEs        ; 0 LEs                ; 64 LEs                 ; Yes        ; |riscv_aes_advancements|mem_stage:u_mem_stage|data_mem:u_data_mem|ram[47][16]                                                                                               ;
; 4:1                ; 32 bits   ; 64 LEs        ; 0 LEs                ; 64 LEs                 ; Yes        ; |riscv_aes_advancements|mem_stage:u_mem_stage|data_mem:u_data_mem|ram[48][16]                                                                                               ;
; 4:1                ; 32 bits   ; 64 LEs        ; 0 LEs                ; 64 LEs                 ; Yes        ; |riscv_aes_advancements|mem_stage:u_mem_stage|data_mem:u_data_mem|ram[49][16]                                                                                               ;
; 4:1                ; 32 bits   ; 64 LEs        ; 0 LEs                ; 64 LEs                 ; Yes        ; |riscv_aes_advancements|mem_stage:u_mem_stage|data_mem:u_data_mem|ram[50][31]                                                                                               ;
; 4:1                ; 32 bits   ; 64 LEs        ; 0 LEs                ; 64 LEs                 ; Yes        ; |riscv_aes_advancements|mem_stage:u_mem_stage|data_mem:u_data_mem|ram[51][16]                                                                                               ;
; 4:1                ; 32 bits   ; 64 LEs        ; 0 LEs                ; 64 LEs                 ; Yes        ; |riscv_aes_advancements|mem_stage:u_mem_stage|data_mem:u_data_mem|ram[52][16]                                                                                               ;
; 4:1                ; 32 bits   ; 64 LEs        ; 0 LEs                ; 64 LEs                 ; Yes        ; |riscv_aes_advancements|mem_stage:u_mem_stage|data_mem:u_data_mem|ram[53][16]                                                                                               ;
; 4:1                ; 32 bits   ; 64 LEs        ; 0 LEs                ; 64 LEs                 ; Yes        ; |riscv_aes_advancements|mem_stage:u_mem_stage|data_mem:u_data_mem|ram[54][17]                                                                                               ;
; 4:1                ; 32 bits   ; 64 LEs        ; 0 LEs                ; 64 LEs                 ; Yes        ; |riscv_aes_advancements|mem_stage:u_mem_stage|data_mem:u_data_mem|ram[55][16]                                                                                               ;
; 4:1                ; 32 bits   ; 64 LEs        ; 0 LEs                ; 64 LEs                 ; Yes        ; |riscv_aes_advancements|mem_stage:u_mem_stage|data_mem:u_data_mem|ram[56][16]                                                                                               ;
; 4:1                ; 32 bits   ; 64 LEs        ; 0 LEs                ; 64 LEs                 ; Yes        ; |riscv_aes_advancements|mem_stage:u_mem_stage|data_mem:u_data_mem|ram[57][16]                                                                                               ;
; 4:1                ; 32 bits   ; 64 LEs        ; 0 LEs                ; 64 LEs                 ; Yes        ; |riscv_aes_advancements|mem_stage:u_mem_stage|data_mem:u_data_mem|ram[58][31]                                                                                               ;
; 4:1                ; 32 bits   ; 64 LEs        ; 0 LEs                ; 64 LEs                 ; Yes        ; |riscv_aes_advancements|mem_stage:u_mem_stage|data_mem:u_data_mem|ram[59][16]                                                                                               ;
; 4:1                ; 32 bits   ; 64 LEs        ; 0 LEs                ; 64 LEs                 ; Yes        ; |riscv_aes_advancements|mem_stage:u_mem_stage|data_mem:u_data_mem|ram[60][17]                                                                                               ;
; 4:1                ; 32 bits   ; 64 LEs        ; 0 LEs                ; 64 LEs                 ; Yes        ; |riscv_aes_advancements|mem_stage:u_mem_stage|data_mem:u_data_mem|ram[61][16]                                                                                               ;
; 4:1                ; 32 bits   ; 64 LEs        ; 0 LEs                ; 64 LEs                 ; Yes        ; |riscv_aes_advancements|mem_stage:u_mem_stage|data_mem:u_data_mem|ram[62][17]                                                                                               ;
; 4:1                ; 32 bits   ; 64 LEs        ; 0 LEs                ; 64 LEs                 ; Yes        ; |riscv_aes_advancements|mem_stage:u_mem_stage|data_mem:u_data_mem|ram[63][16]                                                                                               ;
; 4:1                ; 32 bits   ; 64 LEs        ; 0 LEs                ; 64 LEs                 ; Yes        ; |riscv_aes_advancements|mem_stage:u_mem_stage|data_mem:u_data_mem|ram[64][16]                                                                                               ;
; 4:1                ; 32 bits   ; 64 LEs        ; 0 LEs                ; 64 LEs                 ; Yes        ; |riscv_aes_advancements|mem_stage:u_mem_stage|data_mem:u_data_mem|ram[65][16]                                                                                               ;
; 4:1                ; 32 bits   ; 64 LEs        ; 0 LEs                ; 64 LEs                 ; Yes        ; |riscv_aes_advancements|mem_stage:u_mem_stage|data_mem:u_data_mem|ram[66][31]                                                                                               ;
; 4:1                ; 32 bits   ; 64 LEs        ; 0 LEs                ; 64 LEs                 ; Yes        ; |riscv_aes_advancements|mem_stage:u_mem_stage|data_mem:u_data_mem|ram[67][16]                                                                                               ;
; 4:1                ; 32 bits   ; 64 LEs        ; 0 LEs                ; 64 LEs                 ; Yes        ; |riscv_aes_advancements|mem_stage:u_mem_stage|data_mem:u_data_mem|ram[68][16]                                                                                               ;
; 4:1                ; 32 bits   ; 64 LEs        ; 0 LEs                ; 64 LEs                 ; Yes        ; |riscv_aes_advancements|mem_stage:u_mem_stage|data_mem:u_data_mem|ram[69][16]                                                                                               ;
; 4:1                ; 32 bits   ; 64 LEs        ; 0 LEs                ; 64 LEs                 ; Yes        ; |riscv_aes_advancements|mem_stage:u_mem_stage|data_mem:u_data_mem|ram[70][17]                                                                                               ;
; 4:1                ; 32 bits   ; 64 LEs        ; 0 LEs                ; 64 LEs                 ; Yes        ; |riscv_aes_advancements|mem_stage:u_mem_stage|data_mem:u_data_mem|ram[71][16]                                                                                               ;
; 4:1                ; 32 bits   ; 64 LEs        ; 0 LEs                ; 64 LEs                 ; Yes        ; |riscv_aes_advancements|mem_stage:u_mem_stage|data_mem:u_data_mem|ram[72][16]                                                                                               ;
; 4:1                ; 32 bits   ; 64 LEs        ; 0 LEs                ; 64 LEs                 ; Yes        ; |riscv_aes_advancements|mem_stage:u_mem_stage|data_mem:u_data_mem|ram[73][16]                                                                                               ;
; 4:1                ; 32 bits   ; 64 LEs        ; 0 LEs                ; 64 LEs                 ; Yes        ; |riscv_aes_advancements|mem_stage:u_mem_stage|data_mem:u_data_mem|ram[74][31]                                                                                               ;
; 4:1                ; 32 bits   ; 64 LEs        ; 0 LEs                ; 64 LEs                 ; Yes        ; |riscv_aes_advancements|mem_stage:u_mem_stage|data_mem:u_data_mem|ram[75][16]                                                                                               ;
; 4:1                ; 32 bits   ; 64 LEs        ; 0 LEs                ; 64 LEs                 ; Yes        ; |riscv_aes_advancements|mem_stage:u_mem_stage|data_mem:u_data_mem|ram[76][17]                                                                                               ;
; 4:1                ; 32 bits   ; 64 LEs        ; 0 LEs                ; 64 LEs                 ; Yes        ; |riscv_aes_advancements|mem_stage:u_mem_stage|data_mem:u_data_mem|ram[77][16]                                                                                               ;
; 4:1                ; 32 bits   ; 64 LEs        ; 0 LEs                ; 64 LEs                 ; Yes        ; |riscv_aes_advancements|mem_stage:u_mem_stage|data_mem:u_data_mem|ram[78][17]                                                                                               ;
; 4:1                ; 32 bits   ; 64 LEs        ; 0 LEs                ; 64 LEs                 ; Yes        ; |riscv_aes_advancements|mem_stage:u_mem_stage|data_mem:u_data_mem|ram[79][16]                                                                                               ;
; 4:1                ; 32 bits   ; 64 LEs        ; 0 LEs                ; 64 LEs                 ; Yes        ; |riscv_aes_advancements|mem_stage:u_mem_stage|data_mem:u_data_mem|ram[80][16]                                                                                               ;
; 4:1                ; 32 bits   ; 64 LEs        ; 0 LEs                ; 64 LEs                 ; Yes        ; |riscv_aes_advancements|mem_stage:u_mem_stage|data_mem:u_data_mem|ram[81][16]                                                                                               ;
; 4:1                ; 32 bits   ; 64 LEs        ; 0 LEs                ; 64 LEs                 ; Yes        ; |riscv_aes_advancements|mem_stage:u_mem_stage|data_mem:u_data_mem|ram[82][31]                                                                                               ;
; 4:1                ; 32 bits   ; 64 LEs        ; 0 LEs                ; 64 LEs                 ; Yes        ; |riscv_aes_advancements|mem_stage:u_mem_stage|data_mem:u_data_mem|ram[83][16]                                                                                               ;
; 4:1                ; 32 bits   ; 64 LEs        ; 0 LEs                ; 64 LEs                 ; Yes        ; |riscv_aes_advancements|mem_stage:u_mem_stage|data_mem:u_data_mem|ram[84][16]                                                                                               ;
; 4:1                ; 32 bits   ; 64 LEs        ; 0 LEs                ; 64 LEs                 ; Yes        ; |riscv_aes_advancements|mem_stage:u_mem_stage|data_mem:u_data_mem|ram[85][16]                                                                                               ;
; 4:1                ; 32 bits   ; 64 LEs        ; 0 LEs                ; 64 LEs                 ; Yes        ; |riscv_aes_advancements|mem_stage:u_mem_stage|data_mem:u_data_mem|ram[86][17]                                                                                               ;
; 4:1                ; 32 bits   ; 64 LEs        ; 0 LEs                ; 64 LEs                 ; Yes        ; |riscv_aes_advancements|mem_stage:u_mem_stage|data_mem:u_data_mem|ram[87][16]                                                                                               ;
; 4:1                ; 32 bits   ; 64 LEs        ; 0 LEs                ; 64 LEs                 ; Yes        ; |riscv_aes_advancements|mem_stage:u_mem_stage|data_mem:u_data_mem|ram[88][17]                                                                                               ;
; 4:1                ; 32 bits   ; 64 LEs        ; 0 LEs                ; 64 LEs                 ; Yes        ; |riscv_aes_advancements|mem_stage:u_mem_stage|data_mem:u_data_mem|ram[89][16]                                                                                               ;
; 4:1                ; 32 bits   ; 64 LEs        ; 0 LEs                ; 64 LEs                 ; Yes        ; |riscv_aes_advancements|mem_stage:u_mem_stage|data_mem:u_data_mem|ram[90][31]                                                                                               ;
; 4:1                ; 32 bits   ; 64 LEs        ; 0 LEs                ; 64 LEs                 ; Yes        ; |riscv_aes_advancements|mem_stage:u_mem_stage|data_mem:u_data_mem|ram[91][16]                                                                                               ;
; 4:1                ; 32 bits   ; 64 LEs        ; 0 LEs                ; 64 LEs                 ; Yes        ; |riscv_aes_advancements|mem_stage:u_mem_stage|data_mem:u_data_mem|ram[92][17]                                                                                               ;
; 4:1                ; 32 bits   ; 64 LEs        ; 0 LEs                ; 64 LEs                 ; Yes        ; |riscv_aes_advancements|mem_stage:u_mem_stage|data_mem:u_data_mem|ram[93][16]                                                                                               ;
; 4:1                ; 32 bits   ; 64 LEs        ; 0 LEs                ; 64 LEs                 ; Yes        ; |riscv_aes_advancements|mem_stage:u_mem_stage|data_mem:u_data_mem|ram[94][17]                                                                                               ;
; 4:1                ; 32 bits   ; 64 LEs        ; 0 LEs                ; 64 LEs                 ; Yes        ; |riscv_aes_advancements|mem_stage:u_mem_stage|data_mem:u_data_mem|ram[95][16]                                                                                               ;
; 4:1                ; 32 bits   ; 64 LEs        ; 0 LEs                ; 64 LEs                 ; Yes        ; |riscv_aes_advancements|mem_stage:u_mem_stage|data_mem:u_data_mem|ram[96][15]                                                                                               ;
; 4:1                ; 32 bits   ; 64 LEs        ; 0 LEs                ; 64 LEs                 ; Yes        ; |riscv_aes_advancements|mem_stage:u_mem_stage|data_mem:u_data_mem|ram[97][16]                                                                                               ;
; 4:1                ; 32 bits   ; 64 LEs        ; 0 LEs                ; 64 LEs                 ; Yes        ; |riscv_aes_advancements|mem_stage:u_mem_stage|data_mem:u_data_mem|ram[98][31]                                                                                               ;
; 4:1                ; 32 bits   ; 64 LEs        ; 0 LEs                ; 64 LEs                 ; Yes        ; |riscv_aes_advancements|mem_stage:u_mem_stage|data_mem:u_data_mem|ram[99][16]                                                                                               ;
; 4:1                ; 32 bits   ; 64 LEs        ; 0 LEs                ; 64 LEs                 ; Yes        ; |riscv_aes_advancements|mem_stage:u_mem_stage|data_mem:u_data_mem|ram[100][16]                                                                                              ;
; 4:1                ; 32 bits   ; 64 LEs        ; 0 LEs                ; 64 LEs                 ; Yes        ; |riscv_aes_advancements|mem_stage:u_mem_stage|data_mem:u_data_mem|ram[101][16]                                                                                              ;
; 4:1                ; 32 bits   ; 64 LEs        ; 0 LEs                ; 64 LEs                 ; Yes        ; |riscv_aes_advancements|mem_stage:u_mem_stage|data_mem:u_data_mem|ram[102][17]                                                                                              ;
; 4:1                ; 32 bits   ; 64 LEs        ; 0 LEs                ; 64 LEs                 ; Yes        ; |riscv_aes_advancements|mem_stage:u_mem_stage|data_mem:u_data_mem|ram[103][16]                                                                                              ;
; 4:1                ; 32 bits   ; 64 LEs        ; 0 LEs                ; 64 LEs                 ; Yes        ; |riscv_aes_advancements|mem_stage:u_mem_stage|data_mem:u_data_mem|ram[104][16]                                                                                              ;
; 4:1                ; 32 bits   ; 64 LEs        ; 0 LEs                ; 64 LEs                 ; Yes        ; |riscv_aes_advancements|mem_stage:u_mem_stage|data_mem:u_data_mem|ram[105][16]                                                                                              ;
; 4:1                ; 32 bits   ; 64 LEs        ; 0 LEs                ; 64 LEs                 ; Yes        ; |riscv_aes_advancements|mem_stage:u_mem_stage|data_mem:u_data_mem|ram[106][31]                                                                                              ;
; 4:1                ; 32 bits   ; 64 LEs        ; 0 LEs                ; 64 LEs                 ; Yes        ; |riscv_aes_advancements|mem_stage:u_mem_stage|data_mem:u_data_mem|ram[107][16]                                                                                              ;
; 4:1                ; 32 bits   ; 64 LEs        ; 0 LEs                ; 64 LEs                 ; Yes        ; |riscv_aes_advancements|mem_stage:u_mem_stage|data_mem:u_data_mem|ram[108][17]                                                                                              ;
; 4:1                ; 32 bits   ; 64 LEs        ; 0 LEs                ; 64 LEs                 ; Yes        ; |riscv_aes_advancements|mem_stage:u_mem_stage|data_mem:u_data_mem|ram[109][16]                                                                                              ;
; 4:1                ; 32 bits   ; 64 LEs        ; 0 LEs                ; 64 LEs                 ; Yes        ; |riscv_aes_advancements|mem_stage:u_mem_stage|data_mem:u_data_mem|ram[110][17]                                                                                              ;
; 4:1                ; 32 bits   ; 64 LEs        ; 0 LEs                ; 64 LEs                 ; Yes        ; |riscv_aes_advancements|mem_stage:u_mem_stage|data_mem:u_data_mem|ram[111][16]                                                                                              ;
; 4:1                ; 32 bits   ; 64 LEs        ; 0 LEs                ; 64 LEs                 ; Yes        ; |riscv_aes_advancements|mem_stage:u_mem_stage|data_mem:u_data_mem|ram[112][16]                                                                                              ;
; 4:1                ; 32 bits   ; 64 LEs        ; 0 LEs                ; 64 LEs                 ; Yes        ; |riscv_aes_advancements|mem_stage:u_mem_stage|data_mem:u_data_mem|ram[113][16]                                                                                              ;
; 4:1                ; 32 bits   ; 64 LEs        ; 0 LEs                ; 64 LEs                 ; Yes        ; |riscv_aes_advancements|mem_stage:u_mem_stage|data_mem:u_data_mem|ram[114][31]                                                                                              ;
; 4:1                ; 32 bits   ; 64 LEs        ; 0 LEs                ; 64 LEs                 ; Yes        ; |riscv_aes_advancements|mem_stage:u_mem_stage|data_mem:u_data_mem|ram[115][16]                                                                                              ;
; 4:1                ; 32 bits   ; 64 LEs        ; 0 LEs                ; 64 LEs                 ; Yes        ; |riscv_aes_advancements|mem_stage:u_mem_stage|data_mem:u_data_mem|ram[116][16]                                                                                              ;
; 4:1                ; 32 bits   ; 64 LEs        ; 0 LEs                ; 64 LEs                 ; Yes        ; |riscv_aes_advancements|mem_stage:u_mem_stage|data_mem:u_data_mem|ram[117][16]                                                                                              ;
; 4:1                ; 32 bits   ; 64 LEs        ; 0 LEs                ; 64 LEs                 ; Yes        ; |riscv_aes_advancements|mem_stage:u_mem_stage|data_mem:u_data_mem|ram[118][17]                                                                                              ;
; 4:1                ; 32 bits   ; 64 LEs        ; 0 LEs                ; 64 LEs                 ; Yes        ; |riscv_aes_advancements|mem_stage:u_mem_stage|data_mem:u_data_mem|ram[119][16]                                                                                              ;
; 4:1                ; 32 bits   ; 64 LEs        ; 0 LEs                ; 64 LEs                 ; Yes        ; |riscv_aes_advancements|mem_stage:u_mem_stage|data_mem:u_data_mem|ram[120][17]                                                                                              ;
; 4:1                ; 32 bits   ; 64 LEs        ; 0 LEs                ; 64 LEs                 ; Yes        ; |riscv_aes_advancements|mem_stage:u_mem_stage|data_mem:u_data_mem|ram[121][16]                                                                                              ;
; 4:1                ; 32 bits   ; 64 LEs        ; 0 LEs                ; 64 LEs                 ; Yes        ; |riscv_aes_advancements|mem_stage:u_mem_stage|data_mem:u_data_mem|ram[122][31]                                                                                              ;
; 4:1                ; 32 bits   ; 64 LEs        ; 0 LEs                ; 64 LEs                 ; Yes        ; |riscv_aes_advancements|mem_stage:u_mem_stage|data_mem:u_data_mem|ram[123][16]                                                                                              ;
; 4:1                ; 32 bits   ; 64 LEs        ; 0 LEs                ; 64 LEs                 ; Yes        ; |riscv_aes_advancements|mem_stage:u_mem_stage|data_mem:u_data_mem|ram[124][17]                                                                                              ;
; 4:1                ; 32 bits   ; 64 LEs        ; 0 LEs                ; 64 LEs                 ; Yes        ; |riscv_aes_advancements|mem_stage:u_mem_stage|data_mem:u_data_mem|ram[125][16]                                                                                              ;
; 4:1                ; 32 bits   ; 64 LEs        ; 0 LEs                ; 64 LEs                 ; Yes        ; |riscv_aes_advancements|mem_stage:u_mem_stage|data_mem:u_data_mem|ram[126][17]                                                                                              ;
; 4:1                ; 32 bits   ; 64 LEs        ; 0 LEs                ; 64 LEs                 ; Yes        ; |riscv_aes_advancements|mem_stage:u_mem_stage|data_mem:u_data_mem|ram[127][16]                                                                                              ;
; 4:1                ; 32 bits   ; 64 LEs        ; 0 LEs                ; 64 LEs                 ; Yes        ; |riscv_aes_advancements|mem_stage:u_mem_stage|data_mem:u_data_mem|ram[128][15]                                                                                              ;
; 4:1                ; 32 bits   ; 64 LEs        ; 0 LEs                ; 64 LEs                 ; Yes        ; |riscv_aes_advancements|mem_stage:u_mem_stage|data_mem:u_data_mem|ram[129][16]                                                                                              ;
; 4:1                ; 32 bits   ; 64 LEs        ; 0 LEs                ; 64 LEs                 ; Yes        ; |riscv_aes_advancements|mem_stage:u_mem_stage|data_mem:u_data_mem|ram[130][31]                                                                                              ;
; 4:1                ; 32 bits   ; 64 LEs        ; 0 LEs                ; 64 LEs                 ; Yes        ; |riscv_aes_advancements|mem_stage:u_mem_stage|data_mem:u_data_mem|ram[131][16]                                                                                              ;
; 4:1                ; 32 bits   ; 64 LEs        ; 0 LEs                ; 64 LEs                 ; Yes        ; |riscv_aes_advancements|mem_stage:u_mem_stage|data_mem:u_data_mem|ram[132][16]                                                                                              ;
; 4:1                ; 32 bits   ; 64 LEs        ; 0 LEs                ; 64 LEs                 ; Yes        ; |riscv_aes_advancements|mem_stage:u_mem_stage|data_mem:u_data_mem|ram[133][16]                                                                                              ;
; 4:1                ; 32 bits   ; 64 LEs        ; 0 LEs                ; 64 LEs                 ; Yes        ; |riscv_aes_advancements|mem_stage:u_mem_stage|data_mem:u_data_mem|ram[134][16]                                                                                              ;
; 4:1                ; 32 bits   ; 64 LEs        ; 0 LEs                ; 64 LEs                 ; Yes        ; |riscv_aes_advancements|mem_stage:u_mem_stage|data_mem:u_data_mem|ram[135][16]                                                                                              ;
; 4:1                ; 32 bits   ; 64 LEs        ; 0 LEs                ; 64 LEs                 ; Yes        ; |riscv_aes_advancements|mem_stage:u_mem_stage|data_mem:u_data_mem|ram[136][16]                                                                                              ;
; 4:1                ; 32 bits   ; 64 LEs        ; 0 LEs                ; 64 LEs                 ; Yes        ; |riscv_aes_advancements|mem_stage:u_mem_stage|data_mem:u_data_mem|ram[137][16]                                                                                              ;
; 4:1                ; 32 bits   ; 64 LEs        ; 0 LEs                ; 64 LEs                 ; Yes        ; |riscv_aes_advancements|mem_stage:u_mem_stage|data_mem:u_data_mem|ram[138][16]                                                                                              ;
; 4:1                ; 32 bits   ; 64 LEs        ; 0 LEs                ; 64 LEs                 ; Yes        ; |riscv_aes_advancements|mem_stage:u_mem_stage|data_mem:u_data_mem|ram[139][31]                                                                                              ;
; 4:1                ; 32 bits   ; 64 LEs        ; 0 LEs                ; 64 LEs                 ; Yes        ; |riscv_aes_advancements|mem_stage:u_mem_stage|data_mem:u_data_mem|ram[140][16]                                                                                              ;
; 4:1                ; 32 bits   ; 64 LEs        ; 0 LEs                ; 64 LEs                 ; Yes        ; |riscv_aes_advancements|mem_stage:u_mem_stage|data_mem:u_data_mem|ram[141][16]                                                                                              ;
; 4:1                ; 32 bits   ; 64 LEs        ; 0 LEs                ; 64 LEs                 ; Yes        ; |riscv_aes_advancements|mem_stage:u_mem_stage|data_mem:u_data_mem|ram[142][16]                                                                                              ;
; 4:1                ; 32 bits   ; 64 LEs        ; 0 LEs                ; 64 LEs                 ; Yes        ; |riscv_aes_advancements|mem_stage:u_mem_stage|data_mem:u_data_mem|ram[143][16]                                                                                              ;
; 4:1                ; 32 bits   ; 64 LEs        ; 0 LEs                ; 64 LEs                 ; Yes        ; |riscv_aes_advancements|mem_stage:u_mem_stage|data_mem:u_data_mem|ram[144][16]                                                                                              ;
; 4:1                ; 32 bits   ; 64 LEs        ; 0 LEs                ; 64 LEs                 ; Yes        ; |riscv_aes_advancements|mem_stage:u_mem_stage|data_mem:u_data_mem|ram[145][16]                                                                                              ;
; 4:1                ; 32 bits   ; 64 LEs        ; 0 LEs                ; 64 LEs                 ; Yes        ; |riscv_aes_advancements|mem_stage:u_mem_stage|data_mem:u_data_mem|ram[146][16]                                                                                              ;
; 4:1                ; 32 bits   ; 64 LEs        ; 0 LEs                ; 64 LEs                 ; Yes        ; |riscv_aes_advancements|mem_stage:u_mem_stage|data_mem:u_data_mem|ram[147][31]                                                                                              ;
; 4:1                ; 32 bits   ; 64 LEs        ; 0 LEs                ; 64 LEs                 ; Yes        ; |riscv_aes_advancements|mem_stage:u_mem_stage|data_mem:u_data_mem|ram[148][16]                                                                                              ;
; 4:1                ; 32 bits   ; 64 LEs        ; 0 LEs                ; 64 LEs                 ; Yes        ; |riscv_aes_advancements|mem_stage:u_mem_stage|data_mem:u_data_mem|ram[149][16]                                                                                              ;
; 4:1                ; 32 bits   ; 64 LEs        ; 0 LEs                ; 64 LEs                 ; Yes        ; |riscv_aes_advancements|mem_stage:u_mem_stage|data_mem:u_data_mem|ram[150][16]                                                                                              ;
; 4:1                ; 32 bits   ; 64 LEs        ; 0 LEs                ; 64 LEs                 ; Yes        ; |riscv_aes_advancements|mem_stage:u_mem_stage|data_mem:u_data_mem|ram[151][17]                                                                                              ;
; 4:1                ; 32 bits   ; 64 LEs        ; 0 LEs                ; 64 LEs                 ; Yes        ; |riscv_aes_advancements|mem_stage:u_mem_stage|data_mem:u_data_mem|ram[152][16]                                                                                              ;
; 4:1                ; 32 bits   ; 64 LEs        ; 0 LEs                ; 64 LEs                 ; Yes        ; |riscv_aes_advancements|mem_stage:u_mem_stage|data_mem:u_data_mem|ram[153][16]                                                                                              ;
; 4:1                ; 32 bits   ; 64 LEs        ; 0 LEs                ; 64 LEs                 ; Yes        ; |riscv_aes_advancements|mem_stage:u_mem_stage|data_mem:u_data_mem|ram[154][16]                                                                                              ;
; 4:1                ; 32 bits   ; 64 LEs        ; 0 LEs                ; 64 LEs                 ; Yes        ; |riscv_aes_advancements|mem_stage:u_mem_stage|data_mem:u_data_mem|ram[155][31]                                                                                              ;
; 4:1                ; 32 bits   ; 64 LEs        ; 0 LEs                ; 64 LEs                 ; Yes        ; |riscv_aes_advancements|mem_stage:u_mem_stage|data_mem:u_data_mem|ram[156][16]                                                                                              ;
; 4:1                ; 32 bits   ; 64 LEs        ; 0 LEs                ; 64 LEs                 ; Yes        ; |riscv_aes_advancements|mem_stage:u_mem_stage|data_mem:u_data_mem|ram[157][16]                                                                                              ;
; 4:1                ; 32 bits   ; 64 LEs        ; 0 LEs                ; 64 LEs                 ; Yes        ; |riscv_aes_advancements|mem_stage:u_mem_stage|data_mem:u_data_mem|ram[158][16]                                                                                              ;
; 4:1                ; 32 bits   ; 64 LEs        ; 0 LEs                ; 64 LEs                 ; Yes        ; |riscv_aes_advancements|mem_stage:u_mem_stage|data_mem:u_data_mem|ram[159][17]                                                                                              ;
; 4:1                ; 32 bits   ; 64 LEs        ; 0 LEs                ; 64 LEs                 ; Yes        ; |riscv_aes_advancements|mem_stage:u_mem_stage|data_mem:u_data_mem|ram[160][15]                                                                                              ;
; 4:1                ; 32 bits   ; 64 LEs        ; 0 LEs                ; 64 LEs                 ; Yes        ; |riscv_aes_advancements|mem_stage:u_mem_stage|data_mem:u_data_mem|ram[161][16]                                                                                              ;
; 4:1                ; 32 bits   ; 64 LEs        ; 0 LEs                ; 64 LEs                 ; Yes        ; |riscv_aes_advancements|mem_stage:u_mem_stage|data_mem:u_data_mem|ram[162][16]                                                                                              ;
; 4:1                ; 32 bits   ; 64 LEs        ; 0 LEs                ; 64 LEs                 ; Yes        ; |riscv_aes_advancements|mem_stage:u_mem_stage|data_mem:u_data_mem|ram[163][31]                                                                                              ;
; 4:1                ; 32 bits   ; 64 LEs        ; 0 LEs                ; 64 LEs                 ; Yes        ; |riscv_aes_advancements|mem_stage:u_mem_stage|data_mem:u_data_mem|ram[164][16]                                                                                              ;
; 4:1                ; 32 bits   ; 64 LEs        ; 0 LEs                ; 64 LEs                 ; Yes        ; |riscv_aes_advancements|mem_stage:u_mem_stage|data_mem:u_data_mem|ram[165][16]                                                                                              ;
; 4:1                ; 32 bits   ; 64 LEs        ; 0 LEs                ; 64 LEs                 ; Yes        ; |riscv_aes_advancements|mem_stage:u_mem_stage|data_mem:u_data_mem|ram[166][16]                                                                                              ;
; 4:1                ; 32 bits   ; 64 LEs        ; 0 LEs                ; 64 LEs                 ; Yes        ; |riscv_aes_advancements|mem_stage:u_mem_stage|data_mem:u_data_mem|ram[167][17]                                                                                              ;
; 4:1                ; 32 bits   ; 64 LEs        ; 0 LEs                ; 64 LEs                 ; Yes        ; |riscv_aes_advancements|mem_stage:u_mem_stage|data_mem:u_data_mem|ram[168][16]                                                                                              ;
; 4:1                ; 32 bits   ; 64 LEs        ; 0 LEs                ; 64 LEs                 ; Yes        ; |riscv_aes_advancements|mem_stage:u_mem_stage|data_mem:u_data_mem|ram[169][16]                                                                                              ;
; 4:1                ; 32 bits   ; 64 LEs        ; 0 LEs                ; 64 LEs                 ; Yes        ; |riscv_aes_advancements|mem_stage:u_mem_stage|data_mem:u_data_mem|ram[170][16]                                                                                              ;
; 4:1                ; 32 bits   ; 64 LEs        ; 0 LEs                ; 64 LEs                 ; Yes        ; |riscv_aes_advancements|mem_stage:u_mem_stage|data_mem:u_data_mem|ram[171][31]                                                                                              ;
; 4:1                ; 32 bits   ; 64 LEs        ; 0 LEs                ; 64 LEs                 ; Yes        ; |riscv_aes_advancements|mem_stage:u_mem_stage|data_mem:u_data_mem|ram[172][16]                                                                                              ;
; 4:1                ; 32 bits   ; 64 LEs        ; 0 LEs                ; 64 LEs                 ; Yes        ; |riscv_aes_advancements|mem_stage:u_mem_stage|data_mem:u_data_mem|ram[173][17]                                                                                              ;
; 4:1                ; 32 bits   ; 64 LEs        ; 0 LEs                ; 64 LEs                 ; Yes        ; |riscv_aes_advancements|mem_stage:u_mem_stage|data_mem:u_data_mem|ram[174][16]                                                                                              ;
; 4:1                ; 32 bits   ; 64 LEs        ; 0 LEs                ; 64 LEs                 ; Yes        ; |riscv_aes_advancements|mem_stage:u_mem_stage|data_mem:u_data_mem|ram[175][17]                                                                                              ;
; 4:1                ; 32 bits   ; 64 LEs        ; 0 LEs                ; 64 LEs                 ; Yes        ; |riscv_aes_advancements|mem_stage:u_mem_stage|data_mem:u_data_mem|ram[176][16]                                                                                              ;
; 4:1                ; 32 bits   ; 64 LEs        ; 0 LEs                ; 64 LEs                 ; Yes        ; |riscv_aes_advancements|mem_stage:u_mem_stage|data_mem:u_data_mem|ram[177][16]                                                                                              ;
; 4:1                ; 32 bits   ; 64 LEs        ; 0 LEs                ; 64 LEs                 ; Yes        ; |riscv_aes_advancements|mem_stage:u_mem_stage|data_mem:u_data_mem|ram[178][16]                                                                                              ;
; 4:1                ; 32 bits   ; 64 LEs        ; 0 LEs                ; 64 LEs                 ; Yes        ; |riscv_aes_advancements|mem_stage:u_mem_stage|data_mem:u_data_mem|ram[179][31]                                                                                              ;
; 4:1                ; 32 bits   ; 64 LEs        ; 0 LEs                ; 64 LEs                 ; Yes        ; |riscv_aes_advancements|mem_stage:u_mem_stage|data_mem:u_data_mem|ram[180][16]                                                                                              ;
; 4:1                ; 32 bits   ; 64 LEs        ; 0 LEs                ; 64 LEs                 ; Yes        ; |riscv_aes_advancements|mem_stage:u_mem_stage|data_mem:u_data_mem|ram[181][16]                                                                                              ;
; 4:1                ; 32 bits   ; 64 LEs        ; 0 LEs                ; 64 LEs                 ; Yes        ; |riscv_aes_advancements|mem_stage:u_mem_stage|data_mem:u_data_mem|ram[182][16]                                                                                              ;
; 4:1                ; 32 bits   ; 64 LEs        ; 0 LEs                ; 64 LEs                 ; Yes        ; |riscv_aes_advancements|mem_stage:u_mem_stage|data_mem:u_data_mem|ram[183][17]                                                                                              ;
; 4:1                ; 32 bits   ; 64 LEs        ; 0 LEs                ; 64 LEs                 ; Yes        ; |riscv_aes_advancements|mem_stage:u_mem_stage|data_mem:u_data_mem|ram[184][16]                                                                                              ;
; 4:1                ; 32 bits   ; 64 LEs        ; 0 LEs                ; 64 LEs                 ; Yes        ; |riscv_aes_advancements|mem_stage:u_mem_stage|data_mem:u_data_mem|ram[185][16]                                                                                              ;
; 4:1                ; 32 bits   ; 64 LEs        ; 0 LEs                ; 64 LEs                 ; Yes        ; |riscv_aes_advancements|mem_stage:u_mem_stage|data_mem:u_data_mem|ram[186][16]                                                                                              ;
; 4:1                ; 32 bits   ; 64 LEs        ; 0 LEs                ; 64 LEs                 ; Yes        ; |riscv_aes_advancements|mem_stage:u_mem_stage|data_mem:u_data_mem|ram[187][31]                                                                                              ;
; 4:1                ; 32 bits   ; 64 LEs        ; 0 LEs                ; 64 LEs                 ; Yes        ; |riscv_aes_advancements|mem_stage:u_mem_stage|data_mem:u_data_mem|ram[188][16]                                                                                              ;
; 4:1                ; 32 bits   ; 64 LEs        ; 0 LEs                ; 64 LEs                 ; Yes        ; |riscv_aes_advancements|mem_stage:u_mem_stage|data_mem:u_data_mem|ram[189][17]                                                                                              ;
; 4:1                ; 32 bits   ; 64 LEs        ; 0 LEs                ; 64 LEs                 ; Yes        ; |riscv_aes_advancements|mem_stage:u_mem_stage|data_mem:u_data_mem|ram[190][16]                                                                                              ;
; 4:1                ; 32 bits   ; 64 LEs        ; 0 LEs                ; 64 LEs                 ; Yes        ; |riscv_aes_advancements|mem_stage:u_mem_stage|data_mem:u_data_mem|ram[191][17]                                                                                              ;
; 4:1                ; 32 bits   ; 64 LEs        ; 0 LEs                ; 64 LEs                 ; Yes        ; |riscv_aes_advancements|mem_stage:u_mem_stage|data_mem:u_data_mem|ram[192][16]                                                                                              ;
; 4:1                ; 32 bits   ; 64 LEs        ; 0 LEs                ; 64 LEs                 ; Yes        ; |riscv_aes_advancements|mem_stage:u_mem_stage|data_mem:u_data_mem|ram[193][16]                                                                                              ;
; 4:1                ; 32 bits   ; 64 LEs        ; 0 LEs                ; 64 LEs                 ; Yes        ; |riscv_aes_advancements|mem_stage:u_mem_stage|data_mem:u_data_mem|ram[194][16]                                                                                              ;
; 4:1                ; 32 bits   ; 64 LEs        ; 0 LEs                ; 64 LEs                 ; Yes        ; |riscv_aes_advancements|mem_stage:u_mem_stage|data_mem:u_data_mem|ram[195][31]                                                                                              ;
; 4:1                ; 32 bits   ; 64 LEs        ; 0 LEs                ; 64 LEs                 ; Yes        ; |riscv_aes_advancements|mem_stage:u_mem_stage|data_mem:u_data_mem|ram[196][16]                                                                                              ;
; 4:1                ; 32 bits   ; 64 LEs        ; 0 LEs                ; 64 LEs                 ; Yes        ; |riscv_aes_advancements|mem_stage:u_mem_stage|data_mem:u_data_mem|ram[197][16]                                                                                              ;
; 4:1                ; 32 bits   ; 64 LEs        ; 0 LEs                ; 64 LEs                 ; Yes        ; |riscv_aes_advancements|mem_stage:u_mem_stage|data_mem:u_data_mem|ram[198][16]                                                                                              ;
; 4:1                ; 32 bits   ; 64 LEs        ; 0 LEs                ; 64 LEs                 ; Yes        ; |riscv_aes_advancements|mem_stage:u_mem_stage|data_mem:u_data_mem|ram[199][17]                                                                                              ;
; 4:1                ; 32 bits   ; 64 LEs        ; 0 LEs                ; 64 LEs                 ; Yes        ; |riscv_aes_advancements|mem_stage:u_mem_stage|data_mem:u_data_mem|ram[200][16]                                                                                              ;
; 4:1                ; 32 bits   ; 64 LEs        ; 0 LEs                ; 64 LEs                 ; Yes        ; |riscv_aes_advancements|mem_stage:u_mem_stage|data_mem:u_data_mem|ram[201][16]                                                                                              ;
; 4:1                ; 32 bits   ; 64 LEs        ; 0 LEs                ; 64 LEs                 ; Yes        ; |riscv_aes_advancements|mem_stage:u_mem_stage|data_mem:u_data_mem|ram[202][16]                                                                                              ;
; 4:1                ; 32 bits   ; 64 LEs        ; 0 LEs                ; 64 LEs                 ; Yes        ; |riscv_aes_advancements|mem_stage:u_mem_stage|data_mem:u_data_mem|ram[203][31]                                                                                              ;
; 4:1                ; 32 bits   ; 64 LEs        ; 0 LEs                ; 64 LEs                 ; Yes        ; |riscv_aes_advancements|mem_stage:u_mem_stage|data_mem:u_data_mem|ram[204][16]                                                                                              ;
; 4:1                ; 32 bits   ; 64 LEs        ; 0 LEs                ; 64 LEs                 ; Yes        ; |riscv_aes_advancements|mem_stage:u_mem_stage|data_mem:u_data_mem|ram[205][17]                                                                                              ;
; 4:1                ; 32 bits   ; 64 LEs        ; 0 LEs                ; 64 LEs                 ; Yes        ; |riscv_aes_advancements|mem_stage:u_mem_stage|data_mem:u_data_mem|ram[206][16]                                                                                              ;
; 4:1                ; 32 bits   ; 64 LEs        ; 0 LEs                ; 64 LEs                 ; Yes        ; |riscv_aes_advancements|mem_stage:u_mem_stage|data_mem:u_data_mem|ram[207][17]                                                                                              ;
; 4:1                ; 32 bits   ; 64 LEs        ; 0 LEs                ; 64 LEs                 ; Yes        ; |riscv_aes_advancements|mem_stage:u_mem_stage|data_mem:u_data_mem|ram[208][16]                                                                                              ;
; 4:1                ; 32 bits   ; 64 LEs        ; 0 LEs                ; 64 LEs                 ; Yes        ; |riscv_aes_advancements|mem_stage:u_mem_stage|data_mem:u_data_mem|ram[209][16]                                                                                              ;
; 4:1                ; 32 bits   ; 64 LEs        ; 0 LEs                ; 64 LEs                 ; Yes        ; |riscv_aes_advancements|mem_stage:u_mem_stage|data_mem:u_data_mem|ram[210][16]                                                                                              ;
; 4:1                ; 32 bits   ; 64 LEs        ; 0 LEs                ; 64 LEs                 ; Yes        ; |riscv_aes_advancements|mem_stage:u_mem_stage|data_mem:u_data_mem|ram[211][31]                                                                                              ;
; 4:1                ; 32 bits   ; 64 LEs        ; 0 LEs                ; 64 LEs                 ; Yes        ; |riscv_aes_advancements|mem_stage:u_mem_stage|data_mem:u_data_mem|ram[212][16]                                                                                              ;
; 4:1                ; 32 bits   ; 64 LEs        ; 0 LEs                ; 64 LEs                 ; Yes        ; |riscv_aes_advancements|mem_stage:u_mem_stage|data_mem:u_data_mem|ram[213][16]                                                                                              ;
; 4:1                ; 32 bits   ; 64 LEs        ; 0 LEs                ; 64 LEs                 ; Yes        ; |riscv_aes_advancements|mem_stage:u_mem_stage|data_mem:u_data_mem|ram[214][16]                                                                                              ;
; 4:1                ; 32 bits   ; 64 LEs        ; 0 LEs                ; 64 LEs                 ; Yes        ; |riscv_aes_advancements|mem_stage:u_mem_stage|data_mem:u_data_mem|ram[215][17]                                                                                              ;
; 4:1                ; 32 bits   ; 64 LEs        ; 0 LEs                ; 64 LEs                 ; Yes        ; |riscv_aes_advancements|mem_stage:u_mem_stage|data_mem:u_data_mem|ram[216][16]                                                                                              ;
; 4:1                ; 32 bits   ; 64 LEs        ; 0 LEs                ; 64 LEs                 ; Yes        ; |riscv_aes_advancements|mem_stage:u_mem_stage|data_mem:u_data_mem|ram[217][17]                                                                                              ;
; 4:1                ; 32 bits   ; 64 LEs        ; 0 LEs                ; 64 LEs                 ; Yes        ; |riscv_aes_advancements|mem_stage:u_mem_stage|data_mem:u_data_mem|ram[218][16]                                                                                              ;
; 4:1                ; 32 bits   ; 64 LEs        ; 0 LEs                ; 64 LEs                 ; Yes        ; |riscv_aes_advancements|mem_stage:u_mem_stage|data_mem:u_data_mem|ram[219][31]                                                                                              ;
; 4:1                ; 32 bits   ; 64 LEs        ; 0 LEs                ; 64 LEs                 ; Yes        ; |riscv_aes_advancements|mem_stage:u_mem_stage|data_mem:u_data_mem|ram[220][16]                                                                                              ;
; 4:1                ; 32 bits   ; 64 LEs        ; 0 LEs                ; 64 LEs                 ; Yes        ; |riscv_aes_advancements|mem_stage:u_mem_stage|data_mem:u_data_mem|ram[221][17]                                                                                              ;
; 4:1                ; 32 bits   ; 64 LEs        ; 0 LEs                ; 64 LEs                 ; Yes        ; |riscv_aes_advancements|mem_stage:u_mem_stage|data_mem:u_data_mem|ram[222][16]                                                                                              ;
; 4:1                ; 32 bits   ; 64 LEs        ; 0 LEs                ; 64 LEs                 ; Yes        ; |riscv_aes_advancements|mem_stage:u_mem_stage|data_mem:u_data_mem|ram[223][17]                                                                                              ;
; 4:1                ; 32 bits   ; 64 LEs        ; 0 LEs                ; 64 LEs                 ; Yes        ; |riscv_aes_advancements|mem_stage:u_mem_stage|data_mem:u_data_mem|ram[224][15]                                                                                              ;
; 4:1                ; 32 bits   ; 64 LEs        ; 0 LEs                ; 64 LEs                 ; Yes        ; |riscv_aes_advancements|mem_stage:u_mem_stage|data_mem:u_data_mem|ram[225][16]                                                                                              ;
; 4:1                ; 32 bits   ; 64 LEs        ; 0 LEs                ; 64 LEs                 ; Yes        ; |riscv_aes_advancements|mem_stage:u_mem_stage|data_mem:u_data_mem|ram[226][16]                                                                                              ;
; 4:1                ; 32 bits   ; 64 LEs        ; 0 LEs                ; 64 LEs                 ; Yes        ; |riscv_aes_advancements|mem_stage:u_mem_stage|data_mem:u_data_mem|ram[227][31]                                                                                              ;
; 4:1                ; 32 bits   ; 64 LEs        ; 0 LEs                ; 64 LEs                 ; Yes        ; |riscv_aes_advancements|mem_stage:u_mem_stage|data_mem:u_data_mem|ram[228][16]                                                                                              ;
; 4:1                ; 32 bits   ; 64 LEs        ; 0 LEs                ; 64 LEs                 ; Yes        ; |riscv_aes_advancements|mem_stage:u_mem_stage|data_mem:u_data_mem|ram[229][16]                                                                                              ;
; 4:1                ; 32 bits   ; 64 LEs        ; 0 LEs                ; 64 LEs                 ; Yes        ; |riscv_aes_advancements|mem_stage:u_mem_stage|data_mem:u_data_mem|ram[230][16]                                                                                              ;
; 4:1                ; 32 bits   ; 64 LEs        ; 0 LEs                ; 64 LEs                 ; Yes        ; |riscv_aes_advancements|mem_stage:u_mem_stage|data_mem:u_data_mem|ram[231][17]                                                                                              ;
; 4:1                ; 32 bits   ; 64 LEs        ; 0 LEs                ; 64 LEs                 ; Yes        ; |riscv_aes_advancements|mem_stage:u_mem_stage|data_mem:u_data_mem|ram[232][16]                                                                                              ;
; 4:1                ; 32 bits   ; 64 LEs        ; 0 LEs                ; 64 LEs                 ; Yes        ; |riscv_aes_advancements|mem_stage:u_mem_stage|data_mem:u_data_mem|ram[233][16]                                                                                              ;
; 4:1                ; 32 bits   ; 64 LEs        ; 0 LEs                ; 64 LEs                 ; Yes        ; |riscv_aes_advancements|mem_stage:u_mem_stage|data_mem:u_data_mem|ram[234][16]                                                                                              ;
; 4:1                ; 32 bits   ; 64 LEs        ; 0 LEs                ; 64 LEs                 ; Yes        ; |riscv_aes_advancements|mem_stage:u_mem_stage|data_mem:u_data_mem|ram[235][31]                                                                                              ;
; 4:1                ; 32 bits   ; 64 LEs        ; 0 LEs                ; 64 LEs                 ; Yes        ; |riscv_aes_advancements|mem_stage:u_mem_stage|data_mem:u_data_mem|ram[236][16]                                                                                              ;
; 4:1                ; 32 bits   ; 64 LEs        ; 0 LEs                ; 64 LEs                 ; Yes        ; |riscv_aes_advancements|mem_stage:u_mem_stage|data_mem:u_data_mem|ram[237][17]                                                                                              ;
; 4:1                ; 32 bits   ; 64 LEs        ; 0 LEs                ; 64 LEs                 ; Yes        ; |riscv_aes_advancements|mem_stage:u_mem_stage|data_mem:u_data_mem|ram[238][16]                                                                                              ;
; 4:1                ; 32 bits   ; 64 LEs        ; 0 LEs                ; 64 LEs                 ; Yes        ; |riscv_aes_advancements|mem_stage:u_mem_stage|data_mem:u_data_mem|ram[239][17]                                                                                              ;
; 4:1                ; 32 bits   ; 64 LEs        ; 0 LEs                ; 64 LEs                 ; Yes        ; |riscv_aes_advancements|mem_stage:u_mem_stage|data_mem:u_data_mem|ram[240][16]                                                                                              ;
; 4:1                ; 32 bits   ; 64 LEs        ; 0 LEs                ; 64 LEs                 ; Yes        ; |riscv_aes_advancements|mem_stage:u_mem_stage|data_mem:u_data_mem|ram[241][16]                                                                                              ;
; 4:1                ; 32 bits   ; 64 LEs        ; 0 LEs                ; 64 LEs                 ; Yes        ; |riscv_aes_advancements|mem_stage:u_mem_stage|data_mem:u_data_mem|ram[242][16]                                                                                              ;
; 4:1                ; 32 bits   ; 64 LEs        ; 0 LEs                ; 64 LEs                 ; Yes        ; |riscv_aes_advancements|mem_stage:u_mem_stage|data_mem:u_data_mem|ram[243][31]                                                                                              ;
; 4:1                ; 32 bits   ; 64 LEs        ; 0 LEs                ; 64 LEs                 ; Yes        ; |riscv_aes_advancements|mem_stage:u_mem_stage|data_mem:u_data_mem|ram[244][16]                                                                                              ;
; 4:1                ; 32 bits   ; 64 LEs        ; 0 LEs                ; 64 LEs                 ; Yes        ; |riscv_aes_advancements|mem_stage:u_mem_stage|data_mem:u_data_mem|ram[245][16]                                                                                              ;
; 4:1                ; 32 bits   ; 64 LEs        ; 0 LEs                ; 64 LEs                 ; Yes        ; |riscv_aes_advancements|mem_stage:u_mem_stage|data_mem:u_data_mem|ram[246][16]                                                                                              ;
; 4:1                ; 32 bits   ; 64 LEs        ; 0 LEs                ; 64 LEs                 ; Yes        ; |riscv_aes_advancements|mem_stage:u_mem_stage|data_mem:u_data_mem|ram[247][17]                                                                                              ;
; 4:1                ; 32 bits   ; 64 LEs        ; 0 LEs                ; 64 LEs                 ; Yes        ; |riscv_aes_advancements|mem_stage:u_mem_stage|data_mem:u_data_mem|ram[248][16]                                                                                              ;
; 4:1                ; 32 bits   ; 64 LEs        ; 0 LEs                ; 64 LEs                 ; Yes        ; |riscv_aes_advancements|mem_stage:u_mem_stage|data_mem:u_data_mem|ram[249][16]                                                                                              ;
; 4:1                ; 32 bits   ; 64 LEs        ; 0 LEs                ; 64 LEs                 ; Yes        ; |riscv_aes_advancements|mem_stage:u_mem_stage|data_mem:u_data_mem|ram[250][16]                                                                                              ;
; 4:1                ; 32 bits   ; 64 LEs        ; 0 LEs                ; 64 LEs                 ; Yes        ; |riscv_aes_advancements|mem_stage:u_mem_stage|data_mem:u_data_mem|ram[251][31]                                                                                              ;
; 4:1                ; 32 bits   ; 64 LEs        ; 0 LEs                ; 64 LEs                 ; Yes        ; |riscv_aes_advancements|mem_stage:u_mem_stage|data_mem:u_data_mem|ram[252][16]                                                                                              ;
; 4:1                ; 32 bits   ; 64 LEs        ; 0 LEs                ; 64 LEs                 ; Yes        ; |riscv_aes_advancements|mem_stage:u_mem_stage|data_mem:u_data_mem|ram[253][16]                                                                                              ;
; 4:1                ; 32 bits   ; 64 LEs        ; 0 LEs                ; 64 LEs                 ; Yes        ; |riscv_aes_advancements|mem_stage:u_mem_stage|data_mem:u_data_mem|ram[254][16]                                                                                              ;
; 4:1                ; 32 bits   ; 64 LEs        ; 0 LEs                ; 64 LEs                 ; Yes        ; |riscv_aes_advancements|mem_stage:u_mem_stage|data_mem:u_data_mem|ram[255][16]                                                                                              ;
; 3:1                ; 30 bits   ; 60 LEs        ; 60 LEs               ; 0 LEs                  ; Yes        ; |riscv_aes_advancements|pc_reg:u_pc_reg|current_pc[8]                                                                                                                       ;
; 3:1                ; 48 bits   ; 96 LEs        ; 0 LEs                ; 96 LEs                 ; Yes        ; |riscv_aes_advancements|pc_ex[19]                                                                                                                                           ;
; 3:1                ; 43 bits   ; 86 LEs        ; 0 LEs                ; 86 LEs                 ; Yes        ; |riscv_aes_advancements|pc_id[28]                                                                                                                                           ;
; 9:1                ; 8 bits    ; 48 LEs        ; 0 LEs                ; 48 LEs                 ; Yes        ; |riscv_aes_advancements|mem_stage:u_mem_stage|canfd_secoc_mmio:u_canfd_secoc_mmio|stage_payload_reg[315]                                                                    ;
; 9:1                ; 8 bits    ; 48 LEs        ; 0 LEs                ; 48 LEs                 ; Yes        ; |riscv_aes_advancements|mem_stage:u_mem_stage|canfd_secoc_mmio:u_canfd_secoc_mmio|stage_payload_reg[382]                                                                    ;
; 9:1                ; 8 bits    ; 48 LEs        ; 0 LEs                ; 48 LEs                 ; Yes        ; |riscv_aes_advancements|mem_stage:u_mem_stage|canfd_secoc_mmio:u_canfd_secoc_mmio|stage_payload_reg[442]                                                                    ;
; 9:1                ; 8 bits    ; 48 LEs        ; 0 LEs                ; 48 LEs                 ; Yes        ; |riscv_aes_advancements|mem_stage:u_mem_stage|canfd_secoc_mmio:u_canfd_secoc_mmio|stage_payload_reg[510]                                                                    ;
; 9:1                ; 8 bits    ; 48 LEs        ; 0 LEs                ; 48 LEs                 ; Yes        ; |riscv_aes_advancements|mem_stage:u_mem_stage|canfd_secoc_mmio:u_canfd_secoc_mmio|stage_payload_reg[56]                                                                     ;
; 9:1                ; 8 bits    ; 48 LEs        ; 0 LEs                ; 48 LEs                 ; Yes        ; |riscv_aes_advancements|mem_stage:u_mem_stage|canfd_secoc_mmio:u_canfd_secoc_mmio|stage_payload_reg[126]                                                                    ;
; 9:1                ; 8 bits    ; 48 LEs        ; 0 LEs                ; 48 LEs                 ; Yes        ; |riscv_aes_advancements|mem_stage:u_mem_stage|canfd_secoc_mmio:u_canfd_secoc_mmio|stage_payload_reg[191]                                                                    ;
; 9:1                ; 8 bits    ; 48 LEs        ; 0 LEs                ; 48 LEs                 ; Yes        ; |riscv_aes_advancements|mem_stage:u_mem_stage|canfd_secoc_mmio:u_canfd_secoc_mmio|stage_payload_reg[254]                                                                    ;
; 9:1                ; 8 bits    ; 48 LEs        ; 0 LEs                ; 48 LEs                 ; Yes        ; |riscv_aes_advancements|mem_stage:u_mem_stage|canfd_secoc_mmio:u_canfd_secoc_mmio|stage_payload_reg[286]                                                                    ;
; 9:1                ; 8 bits    ; 48 LEs        ; 0 LEs                ; 48 LEs                 ; Yes        ; |riscv_aes_advancements|mem_stage:u_mem_stage|canfd_secoc_mmio:u_canfd_secoc_mmio|stage_payload_reg[348]                                                                    ;
; 9:1                ; 8 bits    ; 48 LEs        ; 0 LEs                ; 48 LEs                 ; Yes        ; |riscv_aes_advancements|mem_stage:u_mem_stage|canfd_secoc_mmio:u_canfd_secoc_mmio|stage_payload_reg[412]                                                                    ;
; 9:1                ; 8 bits    ; 48 LEs        ; 0 LEs                ; 48 LEs                 ; Yes        ; |riscv_aes_advancements|mem_stage:u_mem_stage|canfd_secoc_mmio:u_canfd_secoc_mmio|stage_payload_reg[478]                                                                    ;
; 9:1                ; 8 bits    ; 48 LEs        ; 0 LEs                ; 48 LEs                 ; Yes        ; |riscv_aes_advancements|mem_stage:u_mem_stage|canfd_secoc_mmio:u_canfd_secoc_mmio|stage_payload_reg[24]                                                                     ;
; 9:1                ; 8 bits    ; 48 LEs        ; 0 LEs                ; 48 LEs                 ; Yes        ; |riscv_aes_advancements|mem_stage:u_mem_stage|canfd_secoc_mmio:u_canfd_secoc_mmio|stage_payload_reg[91]                                                                     ;
; 9:1                ; 8 bits    ; 48 LEs        ; 0 LEs                ; 48 LEs                 ; Yes        ; |riscv_aes_advancements|mem_stage:u_mem_stage|canfd_secoc_mmio:u_canfd_secoc_mmio|stage_payload_reg[157]                                                                    ;
; 9:1                ; 8 bits    ; 48 LEs        ; 0 LEs                ; 48 LEs                 ; Yes        ; |riscv_aes_advancements|mem_stage:u_mem_stage|canfd_secoc_mmio:u_canfd_secoc_mmio|stage_payload_reg[216]                                                                    ;
; 17:1               ; 8 bits    ; 88 LEs        ; 0 LEs                ; 88 LEs                 ; Yes        ; |riscv_aes_advancements|mem_stage:u_mem_stage|canfd_secoc_mmio:u_canfd_secoc_mmio|stage_payload_reg[9]                                                                      ;
; 18:1               ; 8 bits    ; 96 LEs        ; 0 LEs                ; 96 LEs                 ; Yes        ; |riscv_aes_advancements|mem_stage:u_mem_stage|canfd_secoc_mmio:u_canfd_secoc_mmio|stage_payload_reg[296]                                                                    ;
; 18:1               ; 8 bits    ; 96 LEs        ; 0 LEs                ; 96 LEs                 ; Yes        ; |riscv_aes_advancements|mem_stage:u_mem_stage|canfd_secoc_mmio:u_canfd_secoc_mmio|stage_payload_reg[335]                                                                    ;
; 18:1               ; 8 bits    ; 96 LEs        ; 0 LEs                ; 96 LEs                 ; Yes        ; |riscv_aes_advancements|mem_stage:u_mem_stage|canfd_secoc_mmio:u_canfd_secoc_mmio|stage_payload_reg[362]                                                                    ;
; 18:1               ; 8 bits    ; 96 LEs        ; 0 LEs                ; 96 LEs                 ; Yes        ; |riscv_aes_advancements|mem_stage:u_mem_stage|canfd_secoc_mmio:u_canfd_secoc_mmio|stage_payload_reg[392]                                                                    ;
; 18:1               ; 8 bits    ; 96 LEs        ; 0 LEs                ; 96 LEs                 ; Yes        ; |riscv_aes_advancements|mem_stage:u_mem_stage|canfd_secoc_mmio:u_canfd_secoc_mmio|stage_payload_reg[430]                                                                    ;
; 18:1               ; 8 bits    ; 96 LEs        ; 0 LEs                ; 96 LEs                 ; Yes        ; |riscv_aes_advancements|mem_stage:u_mem_stage|canfd_secoc_mmio:u_canfd_secoc_mmio|stage_payload_reg[459]                                                                    ;
; 18:1               ; 8 bits    ; 96 LEs        ; 0 LEs                ; 96 LEs                 ; Yes        ; |riscv_aes_advancements|mem_stage:u_mem_stage|canfd_secoc_mmio:u_canfd_secoc_mmio|stage_payload_reg[488]                                                                    ;
; 18:1               ; 8 bits    ; 96 LEs        ; 0 LEs                ; 96 LEs                 ; Yes        ; |riscv_aes_advancements|mem_stage:u_mem_stage|canfd_secoc_mmio:u_canfd_secoc_mmio|stage_payload_reg[44]                                                                     ;
; 18:1               ; 8 bits    ; 96 LEs        ; 0 LEs                ; 96 LEs                 ; Yes        ; |riscv_aes_advancements|mem_stage:u_mem_stage|canfd_secoc_mmio:u_canfd_secoc_mmio|stage_payload_reg[79]                                                                     ;
; 18:1               ; 8 bits    ; 96 LEs        ; 0 LEs                ; 96 LEs                 ; Yes        ; |riscv_aes_advancements|mem_stage:u_mem_stage|canfd_secoc_mmio:u_canfd_secoc_mmio|stage_payload_reg[106]                                                                    ;
; 18:1               ; 8 bits    ; 96 LEs        ; 0 LEs                ; 96 LEs                 ; Yes        ; |riscv_aes_advancements|mem_stage:u_mem_stage|canfd_secoc_mmio:u_canfd_secoc_mmio|stage_payload_reg[136]                                                                    ;
; 18:1               ; 8 bits    ; 96 LEs        ; 0 LEs                ; 96 LEs                 ; Yes        ; |riscv_aes_advancements|mem_stage:u_mem_stage|canfd_secoc_mmio:u_canfd_secoc_mmio|stage_payload_reg[168]                                                                    ;
; 18:1               ; 8 bits    ; 96 LEs        ; 0 LEs                ; 96 LEs                 ; Yes        ; |riscv_aes_advancements|mem_stage:u_mem_stage|canfd_secoc_mmio:u_canfd_secoc_mmio|stage_payload_reg[206]                                                                    ;
; 18:1               ; 8 bits    ; 96 LEs        ; 0 LEs                ; 96 LEs                 ; Yes        ; |riscv_aes_advancements|mem_stage:u_mem_stage|canfd_secoc_mmio:u_canfd_secoc_mmio|stage_payload_reg[238]                                                                    ;
; 18:1               ; 8 bits    ; 96 LEs        ; 0 LEs                ; 96 LEs                 ; Yes        ; |riscv_aes_advancements|mem_stage:u_mem_stage|canfd_secoc_mmio:u_canfd_secoc_mmio|stage_payload_reg[265]                                                                    ;
; 19:1               ; 8 bits    ; 96 LEs        ; 16 LEs               ; 80 LEs                 ; Yes        ; |riscv_aes_advancements|mem_stage:u_mem_stage|canfd_secoc_mmio:u_canfd_secoc_mmio|stage_payload_reg[23]                                                                     ;
; 8:1                ; 32 bits   ; 160 LEs       ; 64 LEs               ; 96 LEs                 ; Yes        ; |riscv_aes_advancements|rs1_data_ex[26]                                                                                                                                     ;
; 18:1               ; 2 bits    ; 24 LEs        ; 12 LEs               ; 12 LEs                 ; Yes        ; |riscv_aes_advancements|imm_ex[1]                                                                                                                                           ;
; 21:1               ; 8 bits    ; 112 LEs       ; 16 LEs               ; 96 LEs                 ; Yes        ; |riscv_aes_advancements|mem_stage:u_mem_stage|canfd_secoc_mmio:u_canfd_secoc_mmio|stage_payload_reg[311]                                                                    ;
; 21:1               ; 8 bits    ; 112 LEs       ; 16 LEs               ; 96 LEs                 ; Yes        ; |riscv_aes_advancements|mem_stage:u_mem_stage|canfd_secoc_mmio:u_canfd_secoc_mmio|stage_payload_reg[342]                                                                    ;
; 21:1               ; 8 bits    ; 112 LEs       ; 16 LEs               ; 96 LEs                 ; Yes        ; |riscv_aes_advancements|mem_stage:u_mem_stage|canfd_secoc_mmio:u_canfd_secoc_mmio|stage_payload_reg[371]                                                                    ;
; 21:1               ; 8 bits    ; 112 LEs       ; 16 LEs               ; 96 LEs                 ; Yes        ; |riscv_aes_advancements|mem_stage:u_mem_stage|canfd_secoc_mmio:u_canfd_secoc_mmio|stage_payload_reg[407]                                                                    ;
; 21:1               ; 8 bits    ; 112 LEs       ; 16 LEs               ; 96 LEs                 ; Yes        ; |riscv_aes_advancements|mem_stage:u_mem_stage|canfd_secoc_mmio:u_canfd_secoc_mmio|stage_payload_reg[434]                                                                    ;
; 21:1               ; 8 bits    ; 112 LEs       ; 16 LEs               ; 96 LEs                 ; Yes        ; |riscv_aes_advancements|mem_stage:u_mem_stage|canfd_secoc_mmio:u_canfd_secoc_mmio|stage_payload_reg[471]                                                                    ;
; 21:1               ; 8 bits    ; 112 LEs       ; 16 LEs               ; 96 LEs                 ; Yes        ; |riscv_aes_advancements|mem_stage:u_mem_stage|canfd_secoc_mmio:u_canfd_secoc_mmio|stage_payload_reg[499]                                                                    ;
; 21:1               ; 8 bits    ; 112 LEs       ; 16 LEs               ; 96 LEs                 ; Yes        ; |riscv_aes_advancements|mem_stage:u_mem_stage|canfd_secoc_mmio:u_canfd_secoc_mmio|stage_payload_reg[55]                                                                     ;
; 21:1               ; 8 bits    ; 112 LEs       ; 16 LEs               ; 96 LEs                 ; Yes        ; |riscv_aes_advancements|mem_stage:u_mem_stage|canfd_secoc_mmio:u_canfd_secoc_mmio|stage_payload_reg[82]                                                                     ;
; 21:1               ; 8 bits    ; 112 LEs       ; 16 LEs               ; 96 LEs                 ; Yes        ; |riscv_aes_advancements|mem_stage:u_mem_stage|canfd_secoc_mmio:u_canfd_secoc_mmio|stage_payload_reg[118]                                                                    ;
; 21:1               ; 8 bits    ; 112 LEs       ; 16 LEs               ; 96 LEs                 ; Yes        ; |riscv_aes_advancements|mem_stage:u_mem_stage|canfd_secoc_mmio:u_canfd_secoc_mmio|stage_payload_reg[149]                                                                    ;
; 21:1               ; 8 bits    ; 112 LEs       ; 16 LEs               ; 96 LEs                 ; Yes        ; |riscv_aes_advancements|mem_stage:u_mem_stage|canfd_secoc_mmio:u_canfd_secoc_mmio|stage_payload_reg[183]                                                                    ;
; 21:1               ; 8 bits    ; 112 LEs       ; 16 LEs               ; 96 LEs                 ; Yes        ; |riscv_aes_advancements|mem_stage:u_mem_stage|canfd_secoc_mmio:u_canfd_secoc_mmio|stage_payload_reg[209]                                                                    ;
; 21:1               ; 8 bits    ; 112 LEs       ; 16 LEs               ; 96 LEs                 ; Yes        ; |riscv_aes_advancements|mem_stage:u_mem_stage|canfd_secoc_mmio:u_canfd_secoc_mmio|stage_payload_reg[246]                                                                    ;
; 21:1               ; 8 bits    ; 112 LEs       ; 16 LEs               ; 96 LEs                 ; Yes        ; |riscv_aes_advancements|mem_stage:u_mem_stage|canfd_secoc_mmio:u_canfd_secoc_mmio|stage_payload_reg[295]                                                                    ;
; 21:1               ; 8 bits    ; 112 LEs       ; 16 LEs               ; 96 LEs                 ; Yes        ; |riscv_aes_advancements|mem_stage:u_mem_stage|canfd_secoc_mmio:u_canfd_secoc_mmio|stage_payload_reg[320]                                                                    ;
; 21:1               ; 8 bits    ; 112 LEs       ; 16 LEs               ; 96 LEs                 ; Yes        ; |riscv_aes_advancements|mem_stage:u_mem_stage|canfd_secoc_mmio:u_canfd_secoc_mmio|stage_payload_reg[353]                                                                    ;
; 21:1               ; 8 bits    ; 112 LEs       ; 16 LEs               ; 96 LEs                 ; Yes        ; |riscv_aes_advancements|mem_stage:u_mem_stage|canfd_secoc_mmio:u_canfd_secoc_mmio|stage_payload_reg[384]                                                                    ;
; 21:1               ; 8 bits    ; 112 LEs       ; 16 LEs               ; 96 LEs                 ; Yes        ; |riscv_aes_advancements|mem_stage:u_mem_stage|canfd_secoc_mmio:u_canfd_secoc_mmio|stage_payload_reg[422]                                                                    ;
; 21:1               ; 8 bits    ; 112 LEs       ; 16 LEs               ; 96 LEs                 ; Yes        ; |riscv_aes_advancements|mem_stage:u_mem_stage|canfd_secoc_mmio:u_canfd_secoc_mmio|stage_payload_reg[449]                                                                    ;
; 21:1               ; 8 bits    ; 112 LEs       ; 16 LEs               ; 96 LEs                 ; Yes        ; |riscv_aes_advancements|mem_stage:u_mem_stage|canfd_secoc_mmio:u_canfd_secoc_mmio|stage_payload_reg[487]                                                                    ;
; 21:1               ; 8 bits    ; 112 LEs       ; 16 LEs               ; 96 LEs                 ; Yes        ; |riscv_aes_advancements|mem_stage:u_mem_stage|canfd_secoc_mmio:u_canfd_secoc_mmio|stage_payload_reg[34]                                                                     ;
; 21:1               ; 8 bits    ; 112 LEs       ; 16 LEs               ; 96 LEs                 ; Yes        ; |riscv_aes_advancements|mem_stage:u_mem_stage|canfd_secoc_mmio:u_canfd_secoc_mmio|stage_payload_reg[68]                                                                     ;
; 21:1               ; 8 bits    ; 112 LEs       ; 16 LEs               ; 96 LEs                 ; Yes        ; |riscv_aes_advancements|mem_stage:u_mem_stage|canfd_secoc_mmio:u_canfd_secoc_mmio|stage_payload_reg[97]                                                                     ;
; 21:1               ; 8 bits    ; 112 LEs       ; 16 LEs               ; 96 LEs                 ; Yes        ; |riscv_aes_advancements|mem_stage:u_mem_stage|canfd_secoc_mmio:u_canfd_secoc_mmio|stage_payload_reg[128]                                                                    ;
; 21:1               ; 8 bits    ; 112 LEs       ; 16 LEs               ; 96 LEs                 ; Yes        ; |riscv_aes_advancements|mem_stage:u_mem_stage|canfd_secoc_mmio:u_canfd_secoc_mmio|stage_payload_reg[160]                                                                    ;
; 21:1               ; 8 bits    ; 112 LEs       ; 16 LEs               ; 96 LEs                 ; Yes        ; |riscv_aes_advancements|mem_stage:u_mem_stage|canfd_secoc_mmio:u_canfd_secoc_mmio|stage_payload_reg[194]                                                                    ;
; 21:1               ; 8 bits    ; 112 LEs       ; 16 LEs               ; 96 LEs                 ; Yes        ; |riscv_aes_advancements|mem_stage:u_mem_stage|canfd_secoc_mmio:u_canfd_secoc_mmio|stage_payload_reg[229]                                                                    ;
; 21:1               ; 8 bits    ; 112 LEs       ; 16 LEs               ; 96 LEs                 ; Yes        ; |riscv_aes_advancements|mem_stage:u_mem_stage|canfd_secoc_mmio:u_canfd_secoc_mmio|stage_payload_reg[261]                                                                    ;
; 21:1               ; 8 bits    ; 112 LEs       ; 16 LEs               ; 96 LEs                 ; Yes        ; |riscv_aes_advancements|mem_stage:u_mem_stage|canfd_secoc_mmio:u_canfd_secoc_mmio|stage_payload_reg[275]                                                                    ;
; 20:1               ; 32 bits   ; 416 LEs       ; 320 LEs              ; 96 LEs                 ; Yes        ; |riscv_aes_advancements|rs2_data_ex[11]                                                                                                                                     ;
; 3:1                ; 2 bits    ; 4 LEs         ; 2 LEs                ; 2 LEs                  ; Yes        ; |riscv_aes_advancements|mem_stage:u_mem_stage|aes_mmio:u_aes_mmio|reuse_protect_reg                                                                                         ;
; 3:1                ; 32 bits   ; 64 LEs        ; 64 LEs               ; 0 LEs                  ; No         ; |riscv_aes_advancements|ex_stage:u_ex_stage|op_a[10]                                                                                                                        ;
; 4:1                ; 2 bits    ; 4 LEs         ; 4 LEs                ; 0 LEs                  ; No         ; |riscv_aes_advancements|ex_stage:u_ex_stage|alu:u_alu|ShiftLeft0                                                                                                            ;
; 4:1                ; 49 bits   ; 98 LEs        ; 98 LEs               ; 0 LEs                  ; No         ; |riscv_aes_advancements|ex_stage:u_ex_stage|alu:u_alu|ShiftRight1                                                                                                           ;
; 4:1                ; 4 bits    ; 8 LEs         ; 8 LEs                ; 0 LEs                  ; No         ; |riscv_aes_advancements|ex_stage:u_ex_stage|alu:u_alu|ShiftRight0                                                                                                           ;
; 4:1                ; 4 bits    ; 8 LEs         ; 8 LEs                ; 0 LEs                  ; No         ; |riscv_aes_advancements|ex_stage:u_ex_stage|alu:u_alu|ShiftRight1                                                                                                           ;
; 4:1                ; 4 bits    ; 8 LEs         ; 8 LEs                ; 0 LEs                  ; No         ; |riscv_aes_advancements|ex_stage:u_ex_stage|alu:u_alu|ShiftLeft0                                                                                                            ;
; 4:1                ; 4 bits    ; 8 LEs         ; 8 LEs                ; 0 LEs                  ; No         ; |riscv_aes_advancements|ex_stage:u_ex_stage|alu:u_alu|ShiftLeft0                                                                                                            ;
; 4:1                ; 4 bits    ; 8 LEs         ; 8 LEs                ; 0 LEs                  ; No         ; |riscv_aes_advancements|ex_stage:u_ex_stage|alu:u_alu|ShiftLeft0                                                                                                            ;
; 4:1                ; 27 bits   ; 54 LEs        ; 54 LEs               ; 0 LEs                  ; No         ; |riscv_aes_advancements|ex_stage:u_ex_stage|op_b[24]                                                                                                                        ;
; 4:1                ; 5 bits    ; 10 LEs        ; 10 LEs               ; 0 LEs                  ; No         ; |riscv_aes_advancements|ex_stage:u_ex_stage|op_b[1]                                                                                                                         ;
; 3:1                ; 32 bits   ; 64 LEs        ; 64 LEs               ; 0 LEs                  ; No         ; |riscv_aes_advancements|ex_stage:u_ex_stage|Selector25                                                                                                                      ;
; 3:1                ; 32 bits   ; 64 LEs        ; 64 LEs               ; 0 LEs                  ; No         ; |riscv_aes_advancements|ex_stage:u_ex_stage|Selector49                                                                                                                      ;
; 7:1                ; 31 bits   ; 124 LEs       ; 0 LEs                ; 124 LEs                ; No         ; |riscv_aes_advancements|ex_stage:u_ex_stage|alu:u_alu|Add0                                                                                                                  ;
; 257:1              ; 2 bits    ; 342 LEs       ; 342 LEs              ; 0 LEs                  ; No         ; |riscv_aes_advancements|mem_stage:u_mem_stage|data_mem:u_data_mem|read_data_o[15]                                                                                           ;
; 5:1                ; 32 bits   ; 96 LEs        ; 32 LEs               ; 64 LEs                 ; No         ; |riscv_aes_advancements|ex_stage:u_ex_stage|alu:u_alu|Add0                                                                                                                  ;
; 18:1               ; 11 bits   ; 132 LEs       ; 110 LEs              ; 22 LEs                 ; No         ; |riscv_aes_advancements|ex_stage:u_ex_stage|alu:u_alu|Mux11                                                                                                                 ;
; 16:1               ; 4 bits    ; 40 LEs        ; 32 LEs               ; 8 LEs                  ; No         ; |riscv_aes_advancements|ex_stage:u_ex_stage|alu:u_alu|Mux16                                                                                                                 ;
; 17:1               ; 5 bits    ; 55 LEs        ; 45 LEs               ; 10 LEs                 ; No         ; |riscv_aes_advancements|ex_stage:u_ex_stage|alu:u_alu|Mux23                                                                                                                 ;
; 17:1               ; 3 bits    ; 33 LEs        ; 27 LEs               ; 6 LEs                  ; No         ; |riscv_aes_advancements|ex_stage:u_ex_stage|alu:u_alu|Mux18                                                                                                                 ;
; 21:1               ; 3 bits    ; 42 LEs        ; 36 LEs               ; 6 LEs                  ; No         ; |riscv_aes_advancements|ex_stage:u_ex_stage|alu:u_alu|Mux2                                                                                                                  ;
; 20:1               ; 3 bits    ; 39 LEs        ; 33 LEs               ; 6 LEs                  ; No         ; |riscv_aes_advancements|ex_stage:u_ex_stage|alu:u_alu|Mux30                                                                                                                 ;
; 278:1              ; 3 bits    ; 555 LEs       ; 552 LEs              ; 3 LEs                  ; No         ; |riscv_aes_advancements|mem_stage:u_mem_stage|ram_dma_write_data[29]                                                                                                        ;
; 278:1              ; 22 bits   ; 4070 LEs      ; 4070 LEs             ; 0 LEs                  ; No         ; |riscv_aes_advancements|mem_stage:u_mem_stage|ram_dma_write_data[18]                                                                                                        ;
; 278:1              ; 7 bits    ; 1295 LEs      ; 1295 LEs             ; 0 LEs                  ; No         ; |riscv_aes_advancements|mem_stage:u_mem_stage|ram_dma_write_data[2]                                                                                                         ;
; 4:1                ; 132 bits  ; 264 LEs       ; 264 LEs              ; 0 LEs                  ; No         ; |riscv_aes_advancements|mem_stage:u_mem_stage|canfd_secoc_mmio:u_canfd_secoc_mmio|Mux1348                                                                                   ;
; 3:1                ; 2 bits    ; 4 LEs         ; 2 LEs                ; 2 LEs                  ; Yes        ; |riscv_aes_advancements|mem_stage:u_mem_stage|uart_mmio:u_uart_mmio|uart_tx:u_uart_tx|bit_count[3]                                                                          ;
; 3:1                ; 2 bits    ; 4 LEs         ; 2 LEs                ; 2 LEs                  ; Yes        ; |riscv_aes_advancements|mem_stage:u_mem_stage|uart_mmio:u_uart_mmio|uart_tx:u_uart_tx|bit_count[2]                                                                          ;
; 3:1                ; 4 bits    ; 8 LEs         ; 4 LEs                ; 4 LEs                  ; Yes        ; |riscv_aes_advancements|mem_stage:u_mem_stage|canfd_secoc_mmio:u_canfd_secoc_mmio|aes128_lowpower:u_secoc_aes|AES128_updated_new:u_reusable_aes|AES_SBOX_SEQ:u_sbox|idx[0]  ;
; 3:1                ; 2 bits    ; 4 LEs         ; 2 LEs                ; 2 LEs                  ; Yes        ; |riscv_aes_advancements|mem_stage:u_mem_stage|aes_mmio:u_aes_mmio|aes128_lowpower:u_aes128_lowpower|AES128_updated_new:u_reusable_aes|AES_MIXCOL_SEQ:u_mix|col[0]           ;
; 3:1                ; 4 bits    ; 8 LEs         ; 4 LEs                ; 4 LEs                  ; Yes        ; |riscv_aes_advancements|mem_stage:u_mem_stage|aes_mmio:u_aes_mmio|aes128_lowpower:u_aes128_lowpower|AES128_updated_new:u_reusable_aes|AES_SBOX_SEQ:u_sbox|idx[1]            ;
; 4:1                ; 16 bits   ; 32 LEs        ; 16 LEs               ; 16 LEs                 ; Yes        ; |riscv_aes_advancements|mem_stage:u_mem_stage|uart_mmio:u_uart_mmio|uart_tx:u_uart_tx|baud_count[10]                                                                        ;
; 3:1                ; 8 bits    ; 16 LEs        ; 8 LEs                ; 8 LEs                  ; Yes        ; |riscv_aes_advancements|mem_stage:u_mem_stage|uart_mmio:u_uart_mmio|uart_tx:u_uart_tx|shifter[1]                                                                            ;
; 4:1                ; 32 bits   ; 64 LEs        ; 64 LEs               ; 0 LEs                  ; No         ; |riscv_aes_advancements|mem_stage:u_mem_stage|aes_mmio:u_aes_mmio|aes128_lowpower:u_aes128_lowpower|AES128_updated_new:u_reusable_aes|AES_MIXCOL_SEQ:u_mix|Mux1             ;
; 16:1               ; 8 bits    ; 80 LEs        ; 80 LEs               ; 0 LEs                  ; No         ; |riscv_aes_advancements|mem_stage:u_mem_stage|canfd_secoc_mmio:u_canfd_secoc_mmio|aes128_lowpower:u_secoc_aes|AES128_updated_new:u_reusable_aes|AES_SBOX_SEQ:u_sbox|Mux5    ;
; 16:1               ; 8 bits    ; 80 LEs        ; 80 LEs               ; 0 LEs                  ; No         ; |riscv_aes_advancements|mem_stage:u_mem_stage|aes_mmio:u_aes_mmio|aes128_lowpower:u_aes128_lowpower|AES128_updated_new:u_reusable_aes|AES_SBOX_SEQ:u_sbox|Mux2              ;
; 5:1                ; 32 bits   ; 96 LEs        ; 0 LEs                ; 96 LEs                 ; Yes        ; |riscv_aes_advancements|mem_stage:u_mem_stage|aes_mmio:u_aes_mmio|key_reg[127]                                                                                              ;
; 5:1                ; 32 bits   ; 96 LEs        ; 0 LEs                ; 96 LEs                 ; Yes        ; |riscv_aes_advancements|mem_stage:u_mem_stage|aes_mmio:u_aes_mmio|key_reg[83]                                                                                               ;
; 5:1                ; 32 bits   ; 96 LEs        ; 0 LEs                ; 96 LEs                 ; Yes        ; |riscv_aes_advancements|mem_stage:u_mem_stage|aes_mmio:u_aes_mmio|key_reg[47]                                                                                               ;
; 5:1                ; 32 bits   ; 96 LEs        ; 0 LEs                ; 96 LEs                 ; Yes        ; |riscv_aes_advancements|mem_stage:u_mem_stage|aes_mmio:u_aes_mmio|key_reg[25]                                                                                               ;
; 18:1               ; 128 bits  ; 1536 LEs      ; 0 LEs                ; 1536 LEs               ; Yes        ; |riscv_aes_advancements|mem_stage:u_mem_stage|aes_mmio:u_aes_mmio|aes128_lowpower:u_aes128_lowpower|AES128_updated_new:u_reusable_aes|round_key[97]                         ;
; 18:1               ; 3 bits    ; 36 LEs        ; 3 LEs                ; 33 LEs                 ; Yes        ; |riscv_aes_advancements|mem_stage:u_mem_stage|aes_mmio:u_aes_mmio|aes128_lowpower:u_aes128_lowpower|AES128_updated_new:u_reusable_aes|round[3]                              ;
; 20:1               ; 2 bits    ; 26 LEs        ; 4 LEs                ; 22 LEs                 ; Yes        ; |riscv_aes_advancements|mem_stage:u_mem_stage|aes_mmio:u_aes_mmio|aes128_lowpower:u_aes128_lowpower|AES128_updated_new:u_reusable_aes|state[3]                              ;
; 20:1               ; 128 bits  ; 1664 LEs      ; 256 LEs              ; 1408 LEs               ; Yes        ; |riscv_aes_advancements|mem_stage:u_mem_stage|aes_mmio:u_aes_mmio|aes128_lowpower:u_aes128_lowpower|AES128_updated_new:u_reusable_aes|state_reg[127]                        ;
; 3:1                ; 32 bits   ; 64 LEs        ; 0 LEs                ; 64 LEs                 ; Yes        ; |riscv_aes_advancements|id_stage:u_id_stage|reg_file:u_reg_file|regs[16][22]                                                                                                ;
; 3:1                ; 32 bits   ; 64 LEs        ; 0 LEs                ; 64 LEs                 ; Yes        ; |riscv_aes_advancements|id_stage:u_id_stage|reg_file:u_reg_file|regs[8][13]                                                                                                 ;
; 3:1                ; 32 bits   ; 64 LEs        ; 0 LEs                ; 64 LEs                 ; Yes        ; |riscv_aes_advancements|id_stage:u_id_stage|reg_file:u_reg_file|regs[24][14]                                                                                                ;
; 3:1                ; 32 bits   ; 64 LEs        ; 0 LEs                ; 64 LEs                 ; Yes        ; |riscv_aes_advancements|id_stage:u_id_stage|reg_file:u_reg_file|regs[4][19]                                                                                                 ;
; 3:1                ; 32 bits   ; 64 LEs        ; 0 LEs                ; 64 LEs                 ; Yes        ; |riscv_aes_advancements|id_stage:u_id_stage|reg_file:u_reg_file|regs[20][1]                                                                                                 ;
; 3:1                ; 32 bits   ; 64 LEs        ; 0 LEs                ; 64 LEs                 ; Yes        ; |riscv_aes_advancements|id_stage:u_id_stage|reg_file:u_reg_file|regs[12][24]                                                                                                ;
; 3:1                ; 32 bits   ; 64 LEs        ; 0 LEs                ; 64 LEs                 ; Yes        ; |riscv_aes_advancements|id_stage:u_id_stage|reg_file:u_reg_file|regs[28][0]                                                                                                 ;
; 3:1                ; 32 bits   ; 64 LEs        ; 0 LEs                ; 64 LEs                 ; Yes        ; |riscv_aes_advancements|id_stage:u_id_stage|reg_file:u_reg_file|regs[2][16]                                                                                                 ;
; 3:1                ; 32 bits   ; 64 LEs        ; 0 LEs                ; 64 LEs                 ; Yes        ; |riscv_aes_advancements|id_stage:u_id_stage|reg_file:u_reg_file|regs[18][29]                                                                                                ;
; 3:1                ; 32 bits   ; 64 LEs        ; 0 LEs                ; 64 LEs                 ; Yes        ; |riscv_aes_advancements|id_stage:u_id_stage|reg_file:u_reg_file|regs[10][11]                                                                                                ;
; 3:1                ; 32 bits   ; 64 LEs        ; 0 LEs                ; 64 LEs                 ; Yes        ; |riscv_aes_advancements|id_stage:u_id_stage|reg_file:u_reg_file|regs[26][16]                                                                                                ;
; 3:1                ; 32 bits   ; 64 LEs        ; 0 LEs                ; 64 LEs                 ; Yes        ; |riscv_aes_advancements|id_stage:u_id_stage|reg_file:u_reg_file|regs[6][15]                                                                                                 ;
; 3:1                ; 32 bits   ; 64 LEs        ; 0 LEs                ; 64 LEs                 ; Yes        ; |riscv_aes_advancements|id_stage:u_id_stage|reg_file:u_reg_file|regs[22][3]                                                                                                 ;
; 3:1                ; 32 bits   ; 64 LEs        ; 0 LEs                ; 64 LEs                 ; Yes        ; |riscv_aes_advancements|id_stage:u_id_stage|reg_file:u_reg_file|regs[14][0]                                                                                                 ;
; 3:1                ; 32 bits   ; 64 LEs        ; 0 LEs                ; 64 LEs                 ; Yes        ; |riscv_aes_advancements|id_stage:u_id_stage|reg_file:u_reg_file|regs[30][18]                                                                                                ;
; 3:1                ; 32 bits   ; 64 LEs        ; 0 LEs                ; 64 LEs                 ; Yes        ; |riscv_aes_advancements|id_stage:u_id_stage|reg_file:u_reg_file|regs[1][26]                                                                                                 ;
; 3:1                ; 32 bits   ; 64 LEs        ; 0 LEs                ; 64 LEs                 ; Yes        ; |riscv_aes_advancements|id_stage:u_id_stage|reg_file:u_reg_file|regs[17][13]                                                                                                ;
; 3:1                ; 32 bits   ; 64 LEs        ; 0 LEs                ; 64 LEs                 ; Yes        ; |riscv_aes_advancements|id_stage:u_id_stage|reg_file:u_reg_file|regs[9][4]                                                                                                  ;
; 3:1                ; 32 bits   ; 64 LEs        ; 0 LEs                ; 64 LEs                 ; Yes        ; |riscv_aes_advancements|id_stage:u_id_stage|reg_file:u_reg_file|regs[25][16]                                                                                                ;
; 3:1                ; 32 bits   ; 64 LEs        ; 0 LEs                ; 64 LEs                 ; Yes        ; |riscv_aes_advancements|id_stage:u_id_stage|reg_file:u_reg_file|regs[5][3]                                                                                                  ;
; 3:1                ; 32 bits   ; 64 LEs        ; 0 LEs                ; 64 LEs                 ; Yes        ; |riscv_aes_advancements|id_stage:u_id_stage|reg_file:u_reg_file|regs[21][25]                                                                                                ;
; 3:1                ; 32 bits   ; 64 LEs        ; 0 LEs                ; 64 LEs                 ; Yes        ; |riscv_aes_advancements|id_stage:u_id_stage|reg_file:u_reg_file|regs[13][18]                                                                                                ;
; 3:1                ; 32 bits   ; 64 LEs        ; 0 LEs                ; 64 LEs                 ; Yes        ; |riscv_aes_advancements|id_stage:u_id_stage|reg_file:u_reg_file|regs[29][13]                                                                                                ;
; 3:1                ; 32 bits   ; 64 LEs        ; 0 LEs                ; 64 LEs                 ; Yes        ; |riscv_aes_advancements|id_stage:u_id_stage|reg_file:u_reg_file|regs[3][1]                                                                                                  ;
; 3:1                ; 32 bits   ; 64 LEs        ; 0 LEs                ; 64 LEs                 ; Yes        ; |riscv_aes_advancements|id_stage:u_id_stage|reg_file:u_reg_file|regs[19][17]                                                                                                ;
; 3:1                ; 32 bits   ; 64 LEs        ; 0 LEs                ; 64 LEs                 ; Yes        ; |riscv_aes_advancements|id_stage:u_id_stage|reg_file:u_reg_file|regs[11][23]                                                                                                ;
; 3:1                ; 32 bits   ; 64 LEs        ; 0 LEs                ; 64 LEs                 ; Yes        ; |riscv_aes_advancements|id_stage:u_id_stage|reg_file:u_reg_file|regs[27][4]                                                                                                 ;
; 3:1                ; 32 bits   ; 64 LEs        ; 0 LEs                ; 64 LEs                 ; Yes        ; |riscv_aes_advancements|id_stage:u_id_stage|reg_file:u_reg_file|regs[7][24]                                                                                                 ;
; 3:1                ; 32 bits   ; 64 LEs        ; 0 LEs                ; 64 LEs                 ; Yes        ; |riscv_aes_advancements|id_stage:u_id_stage|reg_file:u_reg_file|regs[23][30]                                                                                                ;
; 3:1                ; 32 bits   ; 64 LEs        ; 0 LEs                ; 64 LEs                 ; Yes        ; |riscv_aes_advancements|id_stage:u_id_stage|reg_file:u_reg_file|regs[15][30]                                                                                                ;
; 3:1                ; 32 bits   ; 64 LEs        ; 0 LEs                ; 64 LEs                 ; Yes        ; |riscv_aes_advancements|id_stage:u_id_stage|reg_file:u_reg_file|regs[31][31]                                                                                                ;
; 3:1                ; 2 bits    ; 4 LEs         ; 2 LEs                ; 2 LEs                  ; Yes        ; |riscv_aes_advancements|mem_stage:u_mem_stage|canfd_secoc_mmio:u_canfd_secoc_mmio|aes128_lowpower:u_secoc_aes|AES128_updated_new:u_reusable_aes|AES_MIXCOL_SEQ:u_mix|col[0] ;
; 18:1               ; 128 bits  ; 1536 LEs      ; 0 LEs                ; 1536 LEs               ; Yes        ; |riscv_aes_advancements|mem_stage:u_mem_stage|canfd_secoc_mmio:u_canfd_secoc_mmio|aes128_lowpower:u_secoc_aes|AES128_updated_new:u_reusable_aes|round_key[104]              ;
; 18:1               ; 3 bits    ; 36 LEs        ; 3 LEs                ; 33 LEs                 ; Yes        ; |riscv_aes_advancements|mem_stage:u_mem_stage|canfd_secoc_mmio:u_canfd_secoc_mmio|aes128_lowpower:u_secoc_aes|AES128_updated_new:u_reusable_aes|round[3]                    ;
; 20:1               ; 2 bits    ; 26 LEs        ; 4 LEs                ; 22 LEs                 ; Yes        ; |riscv_aes_advancements|mem_stage:u_mem_stage|canfd_secoc_mmio:u_canfd_secoc_mmio|aes128_lowpower:u_secoc_aes|AES128_updated_new:u_reusable_aes|state[0]                    ;
; 20:1               ; 128 bits  ; 1664 LEs      ; 256 LEs              ; 1408 LEs               ; Yes        ; |riscv_aes_advancements|mem_stage:u_mem_stage|canfd_secoc_mmio:u_canfd_secoc_mmio|aes128_lowpower:u_secoc_aes|AES128_updated_new:u_reusable_aes|state_reg[120]              ;
; 4:1                ; 32 bits   ; 64 LEs        ; 64 LEs               ; 0 LEs                  ; No         ; |riscv_aes_advancements|mem_stage:u_mem_stage|canfd_secoc_mmio:u_canfd_secoc_mmio|aes128_lowpower:u_secoc_aes|AES128_updated_new:u_reusable_aes|AES_MIXCOL_SEQ:u_mix|Mux26  ;
; 3:1                ; 32 bits   ; 64 LEs        ; 0 LEs                ; 64 LEs                 ; Yes        ; |riscv_aes_advancements|mem_stage:u_mem_stage|aes_mmio:u_aes_mmio|pt_reg[127]                                                                                               ;
; 3:1                ; 32 bits   ; 64 LEs        ; 0 LEs                ; 64 LEs                 ; Yes        ; |riscv_aes_advancements|mem_stage:u_mem_stage|aes_mmio:u_aes_mmio|pt_reg[95]                                                                                                ;
; 3:1                ; 32 bits   ; 64 LEs        ; 0 LEs                ; 64 LEs                 ; Yes        ; |riscv_aes_advancements|mem_stage:u_mem_stage|aes_mmio:u_aes_mmio|pt_reg[63]                                                                                                ;
; 3:1                ; 32 bits   ; 64 LEs        ; 0 LEs                ; 64 LEs                 ; Yes        ; |riscv_aes_advancements|mem_stage:u_mem_stage|aes_mmio:u_aes_mmio|pt_reg[31]                                                                                                ;
; 3:1                ; 32 bits   ; 64 LEs        ; 0 LEs                ; 64 LEs                 ; Yes        ; |riscv_aes_advancements|mem_stage:u_mem_stage|aes_mmio:u_aes_mmio|counter_reg[57]                                                                                           ;
; 3:1                ; 32 bits   ; 64 LEs        ; 0 LEs                ; 64 LEs                 ; Yes        ; |riscv_aes_advancements|mem_stage:u_mem_stage|aes_mmio:u_aes_mmio|counter_reg[1]                                                                                            ;
; 260:1              ; 256 bits  ; 44288 LEs     ; 0 LEs                ; 44288 LEs              ; Yes        ; |riscv_aes_advancements|mem_stage:u_mem_stage|aes_mmio:u_aes_mmio|last_ctr_key_reg[126]                                                                                     ;
+--------------------+-----------+---------------+----------------------+------------------------+------------+-----------------------------------------------------------------------------------------------------------------------------------------------------------------------------+


+--------------------------------------------------------------------------------------------------------------------------------------+
; Source assignments for mem_stage:u_mem_stage|aes_mmio:u_aes_mmio|aes128_lowpower:u_aes128_lowpower|AES128_updated_new:u_reusable_aes ;
+------------------------------+-------+------+----------------------------------------------------------------------------------------+
; Assignment                   ; Value ; From ; To                                                                                     ;
+------------------------------+-------+------+----------------------------------------------------------------------------------------+
; PRESERVE_REGISTER            ; on    ; -    ; state[3]                                                                               ;
; PRESERVE_REGISTER            ; on    ; -    ; state[2]                                                                               ;
; PRESERVE_REGISTER            ; on    ; -    ; state[1]                                                                               ;
; PRESERVE_REGISTER            ; on    ; -    ; state[0]                                                                               ;
; PRESERVE_REGISTER            ; on    ; -    ; round[3]                                                                               ;
; PRESERVE_REGISTER            ; on    ; -    ; round[2]                                                                               ;
; PRESERVE_REGISTER            ; on    ; -    ; round[1]                                                                               ;
; PRESERVE_REGISTER            ; on    ; -    ; round[0]                                                                               ;
; PRESERVE_REGISTER            ; on    ; -    ; state_reg[127]                                                                         ;
; PRESERVE_REGISTER            ; on    ; -    ; state_reg[126]                                                                         ;
; PRESERVE_REGISTER            ; on    ; -    ; state_reg[125]                                                                         ;
; PRESERVE_REGISTER            ; on    ; -    ; state_reg[124]                                                                         ;
; PRESERVE_REGISTER            ; on    ; -    ; state_reg[123]                                                                         ;
; PRESERVE_REGISTER            ; on    ; -    ; state_reg[122]                                                                         ;
; PRESERVE_REGISTER            ; on    ; -    ; state_reg[121]                                                                         ;
; PRESERVE_REGISTER            ; on    ; -    ; state_reg[120]                                                                         ;
; PRESERVE_REGISTER            ; on    ; -    ; state_reg[119]                                                                         ;
; PRESERVE_REGISTER            ; on    ; -    ; state_reg[118]                                                                         ;
; PRESERVE_REGISTER            ; on    ; -    ; state_reg[117]                                                                         ;
; PRESERVE_REGISTER            ; on    ; -    ; state_reg[116]                                                                         ;
; PRESERVE_REGISTER            ; on    ; -    ; state_reg[115]                                                                         ;
; PRESERVE_REGISTER            ; on    ; -    ; state_reg[114]                                                                         ;
; PRESERVE_REGISTER            ; on    ; -    ; state_reg[113]                                                                         ;
; PRESERVE_REGISTER            ; on    ; -    ; state_reg[112]                                                                         ;
; PRESERVE_REGISTER            ; on    ; -    ; state_reg[111]                                                                         ;
; PRESERVE_REGISTER            ; on    ; -    ; state_reg[110]                                                                         ;
; PRESERVE_REGISTER            ; on    ; -    ; state_reg[109]                                                                         ;
; PRESERVE_REGISTER            ; on    ; -    ; state_reg[108]                                                                         ;
; PRESERVE_REGISTER            ; on    ; -    ; state_reg[107]                                                                         ;
; PRESERVE_REGISTER            ; on    ; -    ; state_reg[106]                                                                         ;
; PRESERVE_REGISTER            ; on    ; -    ; state_reg[105]                                                                         ;
; PRESERVE_REGISTER            ; on    ; -    ; state_reg[104]                                                                         ;
; PRESERVE_REGISTER            ; on    ; -    ; state_reg[103]                                                                         ;
; PRESERVE_REGISTER            ; on    ; -    ; state_reg[102]                                                                         ;
; PRESERVE_REGISTER            ; on    ; -    ; state_reg[101]                                                                         ;
; PRESERVE_REGISTER            ; on    ; -    ; state_reg[100]                                                                         ;
; PRESERVE_REGISTER            ; on    ; -    ; state_reg[99]                                                                          ;
; PRESERVE_REGISTER            ; on    ; -    ; state_reg[98]                                                                          ;
; PRESERVE_REGISTER            ; on    ; -    ; state_reg[97]                                                                          ;
; PRESERVE_REGISTER            ; on    ; -    ; state_reg[96]                                                                          ;
; PRESERVE_REGISTER            ; on    ; -    ; state_reg[95]                                                                          ;
; PRESERVE_REGISTER            ; on    ; -    ; state_reg[94]                                                                          ;
; PRESERVE_REGISTER            ; on    ; -    ; state_reg[93]                                                                          ;
; PRESERVE_REGISTER            ; on    ; -    ; state_reg[92]                                                                          ;
; PRESERVE_REGISTER            ; on    ; -    ; state_reg[91]                                                                          ;
; PRESERVE_REGISTER            ; on    ; -    ; state_reg[90]                                                                          ;
; PRESERVE_REGISTER            ; on    ; -    ; state_reg[89]                                                                          ;
; PRESERVE_REGISTER            ; on    ; -    ; state_reg[88]                                                                          ;
; PRESERVE_REGISTER            ; on    ; -    ; state_reg[87]                                                                          ;
; PRESERVE_REGISTER            ; on    ; -    ; state_reg[86]                                                                          ;
; PRESERVE_REGISTER            ; on    ; -    ; state_reg[85]                                                                          ;
; PRESERVE_REGISTER            ; on    ; -    ; state_reg[84]                                                                          ;
; PRESERVE_REGISTER            ; on    ; -    ; state_reg[83]                                                                          ;
; PRESERVE_REGISTER            ; on    ; -    ; state_reg[82]                                                                          ;
; PRESERVE_REGISTER            ; on    ; -    ; state_reg[81]                                                                          ;
; PRESERVE_REGISTER            ; on    ; -    ; state_reg[80]                                                                          ;
; PRESERVE_REGISTER            ; on    ; -    ; state_reg[79]                                                                          ;
; PRESERVE_REGISTER            ; on    ; -    ; state_reg[78]                                                                          ;
; PRESERVE_REGISTER            ; on    ; -    ; state_reg[77]                                                                          ;
; PRESERVE_REGISTER            ; on    ; -    ; state_reg[76]                                                                          ;
; PRESERVE_REGISTER            ; on    ; -    ; state_reg[75]                                                                          ;
; PRESERVE_REGISTER            ; on    ; -    ; state_reg[74]                                                                          ;
; PRESERVE_REGISTER            ; on    ; -    ; state_reg[73]                                                                          ;
; PRESERVE_REGISTER            ; on    ; -    ; state_reg[72]                                                                          ;
; PRESERVE_REGISTER            ; on    ; -    ; state_reg[71]                                                                          ;
; PRESERVE_REGISTER            ; on    ; -    ; state_reg[70]                                                                          ;
; PRESERVE_REGISTER            ; on    ; -    ; state_reg[69]                                                                          ;
; PRESERVE_REGISTER            ; on    ; -    ; state_reg[68]                                                                          ;
; PRESERVE_REGISTER            ; on    ; -    ; state_reg[67]                                                                          ;
; PRESERVE_REGISTER            ; on    ; -    ; state_reg[66]                                                                          ;
; PRESERVE_REGISTER            ; on    ; -    ; state_reg[65]                                                                          ;
; PRESERVE_REGISTER            ; on    ; -    ; state_reg[64]                                                                          ;
; PRESERVE_REGISTER            ; on    ; -    ; state_reg[63]                                                                          ;
; PRESERVE_REGISTER            ; on    ; -    ; state_reg[62]                                                                          ;
; PRESERVE_REGISTER            ; on    ; -    ; state_reg[61]                                                                          ;
; PRESERVE_REGISTER            ; on    ; -    ; state_reg[60]                                                                          ;
; PRESERVE_REGISTER            ; on    ; -    ; state_reg[59]                                                                          ;
; PRESERVE_REGISTER            ; on    ; -    ; state_reg[58]                                                                          ;
; PRESERVE_REGISTER            ; on    ; -    ; state_reg[57]                                                                          ;
; PRESERVE_REGISTER            ; on    ; -    ; state_reg[56]                                                                          ;
; PRESERVE_REGISTER            ; on    ; -    ; state_reg[55]                                                                          ;
; PRESERVE_REGISTER            ; on    ; -    ; state_reg[54]                                                                          ;
; PRESERVE_REGISTER            ; on    ; -    ; state_reg[53]                                                                          ;
; PRESERVE_REGISTER            ; on    ; -    ; state_reg[52]                                                                          ;
; PRESERVE_REGISTER            ; on    ; -    ; state_reg[51]                                                                          ;
; PRESERVE_REGISTER            ; on    ; -    ; state_reg[50]                                                                          ;
; PRESERVE_REGISTER            ; on    ; -    ; state_reg[49]                                                                          ;
; PRESERVE_REGISTER            ; on    ; -    ; state_reg[48]                                                                          ;
; PRESERVE_REGISTER            ; on    ; -    ; state_reg[47]                                                                          ;
; PRESERVE_REGISTER            ; on    ; -    ; state_reg[46]                                                                          ;
; PRESERVE_REGISTER            ; on    ; -    ; state_reg[45]                                                                          ;
; PRESERVE_REGISTER            ; on    ; -    ; state_reg[44]                                                                          ;
; PRESERVE_REGISTER            ; on    ; -    ; state_reg[43]                                                                          ;
; PRESERVE_REGISTER            ; on    ; -    ; state_reg[42]                                                                          ;
; PRESERVE_REGISTER            ; on    ; -    ; state_reg[41]                                                                          ;
; PRESERVE_REGISTER            ; on    ; -    ; state_reg[40]                                                                          ;
; PRESERVE_REGISTER            ; on    ; -    ; state_reg[39]                                                                          ;
; PRESERVE_REGISTER            ; on    ; -    ; state_reg[38]                                                                          ;
; PRESERVE_REGISTER            ; on    ; -    ; state_reg[37]                                                                          ;
; PRESERVE_REGISTER            ; on    ; -    ; state_reg[36]                                                                          ;
; PRESERVE_REGISTER            ; on    ; -    ; state_reg[35]                                                                          ;
; PRESERVE_REGISTER            ; on    ; -    ; state_reg[34]                                                                          ;
; PRESERVE_REGISTER            ; on    ; -    ; state_reg[33]                                                                          ;
; PRESERVE_REGISTER            ; on    ; -    ; state_reg[32]                                                                          ;
; PRESERVE_REGISTER            ; on    ; -    ; state_reg[31]                                                                          ;
; PRESERVE_REGISTER            ; on    ; -    ; state_reg[30]                                                                          ;
; PRESERVE_REGISTER            ; on    ; -    ; state_reg[29]                                                                          ;
; PRESERVE_REGISTER            ; on    ; -    ; state_reg[28]                                                                          ;
; PRESERVE_REGISTER            ; on    ; -    ; state_reg[27]                                                                          ;
; PRESERVE_REGISTER            ; on    ; -    ; state_reg[26]                                                                          ;
; PRESERVE_REGISTER            ; on    ; -    ; state_reg[25]                                                                          ;
; PRESERVE_REGISTER            ; on    ; -    ; state_reg[24]                                                                          ;
; PRESERVE_REGISTER            ; on    ; -    ; state_reg[23]                                                                          ;
; PRESERVE_REGISTER            ; on    ; -    ; state_reg[22]                                                                          ;
; PRESERVE_REGISTER            ; on    ; -    ; state_reg[21]                                                                          ;
; PRESERVE_REGISTER            ; on    ; -    ; state_reg[20]                                                                          ;
; PRESERVE_REGISTER            ; on    ; -    ; state_reg[19]                                                                          ;
; PRESERVE_REGISTER            ; on    ; -    ; state_reg[18]                                                                          ;
; PRESERVE_REGISTER            ; on    ; -    ; state_reg[17]                                                                          ;
; PRESERVE_REGISTER            ; on    ; -    ; state_reg[16]                                                                          ;
; PRESERVE_REGISTER            ; on    ; -    ; state_reg[15]                                                                          ;
; PRESERVE_REGISTER            ; on    ; -    ; state_reg[14]                                                                          ;
; PRESERVE_REGISTER            ; on    ; -    ; state_reg[13]                                                                          ;
; PRESERVE_REGISTER            ; on    ; -    ; state_reg[12]                                                                          ;
; PRESERVE_REGISTER            ; on    ; -    ; state_reg[11]                                                                          ;
; PRESERVE_REGISTER            ; on    ; -    ; state_reg[10]                                                                          ;
; PRESERVE_REGISTER            ; on    ; -    ; state_reg[9]                                                                           ;
; PRESERVE_REGISTER            ; on    ; -    ; state_reg[8]                                                                           ;
; PRESERVE_REGISTER            ; on    ; -    ; state_reg[7]                                                                           ;
; PRESERVE_REGISTER            ; on    ; -    ; state_reg[6]                                                                           ;
; PRESERVE_REGISTER            ; on    ; -    ; state_reg[5]                                                                           ;
; PRESERVE_REGISTER            ; on    ; -    ; state_reg[4]                                                                           ;
; PRESERVE_REGISTER            ; on    ; -    ; state_reg[3]                                                                           ;
; PRESERVE_REGISTER            ; on    ; -    ; state_reg[2]                                                                           ;
; PRESERVE_REGISTER            ; on    ; -    ; state_reg[1]                                                                           ;
; PRESERVE_REGISTER            ; on    ; -    ; state_reg[0]                                                                           ;
; PRESERVE_REGISTER            ; on    ; -    ; round_key[127]                                                                         ;
; PRESERVE_REGISTER            ; on    ; -    ; round_key[126]                                                                         ;
; PRESERVE_REGISTER            ; on    ; -    ; round_key[125]                                                                         ;
; PRESERVE_REGISTER            ; on    ; -    ; round_key[124]                                                                         ;
; PRESERVE_REGISTER            ; on    ; -    ; round_key[123]                                                                         ;
; PRESERVE_REGISTER            ; on    ; -    ; round_key[122]                                                                         ;
; PRESERVE_REGISTER            ; on    ; -    ; round_key[121]                                                                         ;
; PRESERVE_REGISTER            ; on    ; -    ; round_key[120]                                                                         ;
; PRESERVE_REGISTER            ; on    ; -    ; round_key[119]                                                                         ;
; PRESERVE_REGISTER            ; on    ; -    ; round_key[118]                                                                         ;
; PRESERVE_REGISTER            ; on    ; -    ; round_key[117]                                                                         ;
; PRESERVE_REGISTER            ; on    ; -    ; round_key[116]                                                                         ;
; PRESERVE_REGISTER            ; on    ; -    ; round_key[115]                                                                         ;
; PRESERVE_REGISTER            ; on    ; -    ; round_key[114]                                                                         ;
; PRESERVE_REGISTER            ; on    ; -    ; round_key[113]                                                                         ;
; PRESERVE_REGISTER            ; on    ; -    ; round_key[112]                                                                         ;
; PRESERVE_REGISTER            ; on    ; -    ; round_key[111]                                                                         ;
; PRESERVE_REGISTER            ; on    ; -    ; round_key[110]                                                                         ;
; PRESERVE_REGISTER            ; on    ; -    ; round_key[109]                                                                         ;
; PRESERVE_REGISTER            ; on    ; -    ; round_key[108]                                                                         ;
; PRESERVE_REGISTER            ; on    ; -    ; round_key[107]                                                                         ;
; PRESERVE_REGISTER            ; on    ; -    ; round_key[106]                                                                         ;
; PRESERVE_REGISTER            ; on    ; -    ; round_key[105]                                                                         ;
; PRESERVE_REGISTER            ; on    ; -    ; round_key[104]                                                                         ;
; PRESERVE_REGISTER            ; on    ; -    ; round_key[103]                                                                         ;
; PRESERVE_REGISTER            ; on    ; -    ; round_key[102]                                                                         ;
; PRESERVE_REGISTER            ; on    ; -    ; round_key[101]                                                                         ;
; PRESERVE_REGISTER            ; on    ; -    ; round_key[100]                                                                         ;
; PRESERVE_REGISTER            ; on    ; -    ; round_key[99]                                                                          ;
; PRESERVE_REGISTER            ; on    ; -    ; round_key[98]                                                                          ;
; PRESERVE_REGISTER            ; on    ; -    ; round_key[97]                                                                          ;
; PRESERVE_REGISTER            ; on    ; -    ; round_key[96]                                                                          ;
; PRESERVE_REGISTER            ; on    ; -    ; round_key[95]                                                                          ;
; PRESERVE_REGISTER            ; on    ; -    ; round_key[94]                                                                          ;
; PRESERVE_REGISTER            ; on    ; -    ; round_key[93]                                                                          ;
; PRESERVE_REGISTER            ; on    ; -    ; round_key[92]                                                                          ;
; PRESERVE_REGISTER            ; on    ; -    ; round_key[91]                                                                          ;
; PRESERVE_REGISTER            ; on    ; -    ; round_key[90]                                                                          ;
; PRESERVE_REGISTER            ; on    ; -    ; round_key[89]                                                                          ;
; PRESERVE_REGISTER            ; on    ; -    ; round_key[88]                                                                          ;
; PRESERVE_REGISTER            ; on    ; -    ; round_key[87]                                                                          ;
; PRESERVE_REGISTER            ; on    ; -    ; round_key[86]                                                                          ;
; PRESERVE_REGISTER            ; on    ; -    ; round_key[85]                                                                          ;
; PRESERVE_REGISTER            ; on    ; -    ; round_key[84]                                                                          ;
; PRESERVE_REGISTER            ; on    ; -    ; round_key[83]                                                                          ;
; PRESERVE_REGISTER            ; on    ; -    ; round_key[82]                                                                          ;
; PRESERVE_REGISTER            ; on    ; -    ; round_key[81]                                                                          ;
; PRESERVE_REGISTER            ; on    ; -    ; round_key[80]                                                                          ;
; PRESERVE_REGISTER            ; on    ; -    ; round_key[79]                                                                          ;
; PRESERVE_REGISTER            ; on    ; -    ; round_key[78]                                                                          ;
; PRESERVE_REGISTER            ; on    ; -    ; round_key[77]                                                                          ;
; PRESERVE_REGISTER            ; on    ; -    ; round_key[76]                                                                          ;
; PRESERVE_REGISTER            ; on    ; -    ; round_key[75]                                                                          ;
; PRESERVE_REGISTER            ; on    ; -    ; round_key[74]                                                                          ;
; PRESERVE_REGISTER            ; on    ; -    ; round_key[73]                                                                          ;
; PRESERVE_REGISTER            ; on    ; -    ; round_key[72]                                                                          ;
; PRESERVE_REGISTER            ; on    ; -    ; round_key[71]                                                                          ;
; PRESERVE_REGISTER            ; on    ; -    ; round_key[70]                                                                          ;
; PRESERVE_REGISTER            ; on    ; -    ; round_key[69]                                                                          ;
; PRESERVE_REGISTER            ; on    ; -    ; round_key[68]                                                                          ;
; PRESERVE_REGISTER            ; on    ; -    ; round_key[67]                                                                          ;
; PRESERVE_REGISTER            ; on    ; -    ; round_key[66]                                                                          ;
; PRESERVE_REGISTER            ; on    ; -    ; round_key[65]                                                                          ;
; PRESERVE_REGISTER            ; on    ; -    ; round_key[64]                                                                          ;
; PRESERVE_REGISTER            ; on    ; -    ; round_key[63]                                                                          ;
; PRESERVE_REGISTER            ; on    ; -    ; round_key[62]                                                                          ;
; PRESERVE_REGISTER            ; on    ; -    ; round_key[61]                                                                          ;
; PRESERVE_REGISTER            ; on    ; -    ; round_key[60]                                                                          ;
; PRESERVE_REGISTER            ; on    ; -    ; round_key[59]                                                                          ;
; PRESERVE_REGISTER            ; on    ; -    ; round_key[58]                                                                          ;
; PRESERVE_REGISTER            ; on    ; -    ; round_key[57]                                                                          ;
; PRESERVE_REGISTER            ; on    ; -    ; round_key[56]                                                                          ;
; PRESERVE_REGISTER            ; on    ; -    ; round_key[55]                                                                          ;
; PRESERVE_REGISTER            ; on    ; -    ; round_key[54]                                                                          ;
; PRESERVE_REGISTER            ; on    ; -    ; round_key[53]                                                                          ;
; PRESERVE_REGISTER            ; on    ; -    ; round_key[52]                                                                          ;
; PRESERVE_REGISTER            ; on    ; -    ; round_key[51]                                                                          ;
; PRESERVE_REGISTER            ; on    ; -    ; round_key[50]                                                                          ;
; PRESERVE_REGISTER            ; on    ; -    ; round_key[49]                                                                          ;
; PRESERVE_REGISTER            ; on    ; -    ; round_key[48]                                                                          ;
; PRESERVE_REGISTER            ; on    ; -    ; round_key[47]                                                                          ;
; PRESERVE_REGISTER            ; on    ; -    ; round_key[46]                                                                          ;
; PRESERVE_REGISTER            ; on    ; -    ; round_key[45]                                                                          ;
; PRESERVE_REGISTER            ; on    ; -    ; round_key[44]                                                                          ;
; PRESERVE_REGISTER            ; on    ; -    ; round_key[43]                                                                          ;
; PRESERVE_REGISTER            ; on    ; -    ; round_key[42]                                                                          ;
; PRESERVE_REGISTER            ; on    ; -    ; round_key[41]                                                                          ;
; PRESERVE_REGISTER            ; on    ; -    ; round_key[40]                                                                          ;
; PRESERVE_REGISTER            ; on    ; -    ; round_key[39]                                                                          ;
; PRESERVE_REGISTER            ; on    ; -    ; round_key[38]                                                                          ;
; PRESERVE_REGISTER            ; on    ; -    ; round_key[37]                                                                          ;
; PRESERVE_REGISTER            ; on    ; -    ; round_key[36]                                                                          ;
; PRESERVE_REGISTER            ; on    ; -    ; round_key[35]                                                                          ;
; PRESERVE_REGISTER            ; on    ; -    ; round_key[34]                                                                          ;
; PRESERVE_REGISTER            ; on    ; -    ; round_key[33]                                                                          ;
; PRESERVE_REGISTER            ; on    ; -    ; round_key[32]                                                                          ;
; PRESERVE_REGISTER            ; on    ; -    ; round_key[31]                                                                          ;
; PRESERVE_REGISTER            ; on    ; -    ; round_key[30]                                                                          ;
; PRESERVE_REGISTER            ; on    ; -    ; round_key[29]                                                                          ;
; PRESERVE_REGISTER            ; on    ; -    ; round_key[28]                                                                          ;
; PRESERVE_REGISTER            ; on    ; -    ; round_key[27]                                                                          ;
; PRESERVE_REGISTER            ; on    ; -    ; round_key[26]                                                                          ;
; PRESERVE_REGISTER            ; on    ; -    ; round_key[25]                                                                          ;
; PRESERVE_REGISTER            ; on    ; -    ; round_key[24]                                                                          ;
; PRESERVE_REGISTER            ; on    ; -    ; round_key[23]                                                                          ;
; PRESERVE_REGISTER            ; on    ; -    ; round_key[22]                                                                          ;
; PRESERVE_REGISTER            ; on    ; -    ; round_key[21]                                                                          ;
; PRESERVE_REGISTER            ; on    ; -    ; round_key[20]                                                                          ;
; PRESERVE_REGISTER            ; on    ; -    ; round_key[19]                                                                          ;
; PRESERVE_REGISTER            ; on    ; -    ; round_key[18]                                                                          ;
; PRESERVE_REGISTER            ; on    ; -    ; round_key[17]                                                                          ;
; PRESERVE_REGISTER            ; on    ; -    ; round_key[16]                                                                          ;
; PRESERVE_REGISTER            ; on    ; -    ; round_key[15]                                                                          ;
; PRESERVE_REGISTER            ; on    ; -    ; round_key[14]                                                                          ;
; PRESERVE_REGISTER            ; on    ; -    ; round_key[13]                                                                          ;
; PRESERVE_REGISTER            ; on    ; -    ; round_key[12]                                                                          ;
; PRESERVE_REGISTER            ; on    ; -    ; round_key[11]                                                                          ;
; PRESERVE_REGISTER            ; on    ; -    ; round_key[10]                                                                          ;
; PRESERVE_REGISTER            ; on    ; -    ; round_key[9]                                                                           ;
; PRESERVE_REGISTER            ; on    ; -    ; round_key[8]                                                                           ;
; PRESERVE_REGISTER            ; on    ; -    ; round_key[7]                                                                           ;
; PRESERVE_REGISTER            ; on    ; -    ; round_key[6]                                                                           ;
; PRESERVE_REGISTER            ; on    ; -    ; round_key[5]                                                                           ;
; PRESERVE_REGISTER            ; on    ; -    ; round_key[4]                                                                           ;
; PRESERVE_REGISTER            ; on    ; -    ; round_key[3]                                                                           ;
; PRESERVE_REGISTER            ; on    ; -    ; round_key[2]                                                                           ;
; PRESERVE_REGISTER            ; on    ; -    ; round_key[1]                                                                           ;
; PRESERVE_REGISTER            ; on    ; -    ; round_key[0]                                                                           ;
; IGNORE_LCELL_BUFFERS         ; off   ; -    ; initial_addroundkey[127]                                                               ;
; REMOVE_REDUNDANT_LOGIC_CELLS ; off   ; -    ; initial_addroundkey[127]                                                               ;
; IGNORE_LCELL_BUFFERS         ; off   ; -    ; initial_addroundkey[126]                                                               ;
; REMOVE_REDUNDANT_LOGIC_CELLS ; off   ; -    ; initial_addroundkey[126]                                                               ;
; IGNORE_LCELL_BUFFERS         ; off   ; -    ; initial_addroundkey[125]                                                               ;
; REMOVE_REDUNDANT_LOGIC_CELLS ; off   ; -    ; initial_addroundkey[125]                                                               ;
; IGNORE_LCELL_BUFFERS         ; off   ; -    ; initial_addroundkey[124]                                                               ;
; REMOVE_REDUNDANT_LOGIC_CELLS ; off   ; -    ; initial_addroundkey[124]                                                               ;
; IGNORE_LCELL_BUFFERS         ; off   ; -    ; initial_addroundkey[123]                                                               ;
; REMOVE_REDUNDANT_LOGIC_CELLS ; off   ; -    ; initial_addroundkey[123]                                                               ;
; IGNORE_LCELL_BUFFERS         ; off   ; -    ; initial_addroundkey[122]                                                               ;
; REMOVE_REDUNDANT_LOGIC_CELLS ; off   ; -    ; initial_addroundkey[122]                                                               ;
; IGNORE_LCELL_BUFFERS         ; off   ; -    ; initial_addroundkey[121]                                                               ;
; REMOVE_REDUNDANT_LOGIC_CELLS ; off   ; -    ; initial_addroundkey[121]                                                               ;
; IGNORE_LCELL_BUFFERS         ; off   ; -    ; initial_addroundkey[120]                                                               ;
; REMOVE_REDUNDANT_LOGIC_CELLS ; off   ; -    ; initial_addroundkey[120]                                                               ;
; IGNORE_LCELL_BUFFERS         ; off   ; -    ; initial_addroundkey[119]                                                               ;
; REMOVE_REDUNDANT_LOGIC_CELLS ; off   ; -    ; initial_addroundkey[119]                                                               ;
; IGNORE_LCELL_BUFFERS         ; off   ; -    ; initial_addroundkey[118]                                                               ;
; REMOVE_REDUNDANT_LOGIC_CELLS ; off   ; -    ; initial_addroundkey[118]                                                               ;
; IGNORE_LCELL_BUFFERS         ; off   ; -    ; initial_addroundkey[117]                                                               ;
; REMOVE_REDUNDANT_LOGIC_CELLS ; off   ; -    ; initial_addroundkey[117]                                                               ;
; IGNORE_LCELL_BUFFERS         ; off   ; -    ; initial_addroundkey[116]                                                               ;
; REMOVE_REDUNDANT_LOGIC_CELLS ; off   ; -    ; initial_addroundkey[116]                                                               ;
; IGNORE_LCELL_BUFFERS         ; off   ; -    ; initial_addroundkey[115]                                                               ;
; REMOVE_REDUNDANT_LOGIC_CELLS ; off   ; -    ; initial_addroundkey[115]                                                               ;
; IGNORE_LCELL_BUFFERS         ; off   ; -    ; initial_addroundkey[114]                                                               ;
; REMOVE_REDUNDANT_LOGIC_CELLS ; off   ; -    ; initial_addroundkey[114]                                                               ;
; IGNORE_LCELL_BUFFERS         ; off   ; -    ; initial_addroundkey[113]                                                               ;
; REMOVE_REDUNDANT_LOGIC_CELLS ; off   ; -    ; initial_addroundkey[113]                                                               ;
; IGNORE_LCELL_BUFFERS         ; off   ; -    ; initial_addroundkey[112]                                                               ;
; REMOVE_REDUNDANT_LOGIC_CELLS ; off   ; -    ; initial_addroundkey[112]                                                               ;
; IGNORE_LCELL_BUFFERS         ; off   ; -    ; initial_addroundkey[111]                                                               ;
; REMOVE_REDUNDANT_LOGIC_CELLS ; off   ; -    ; initial_addroundkey[111]                                                               ;
; IGNORE_LCELL_BUFFERS         ; off   ; -    ; initial_addroundkey[110]                                                               ;
; REMOVE_REDUNDANT_LOGIC_CELLS ; off   ; -    ; initial_addroundkey[110]                                                               ;
; IGNORE_LCELL_BUFFERS         ; off   ; -    ; initial_addroundkey[109]                                                               ;
; REMOVE_REDUNDANT_LOGIC_CELLS ; off   ; -    ; initial_addroundkey[109]                                                               ;
; IGNORE_LCELL_BUFFERS         ; off   ; -    ; initial_addroundkey[108]                                                               ;
; REMOVE_REDUNDANT_LOGIC_CELLS ; off   ; -    ; initial_addroundkey[108]                                                               ;
; IGNORE_LCELL_BUFFERS         ; off   ; -    ; initial_addroundkey[107]                                                               ;
; REMOVE_REDUNDANT_LOGIC_CELLS ; off   ; -    ; initial_addroundkey[107]                                                               ;
; IGNORE_LCELL_BUFFERS         ; off   ; -    ; initial_addroundkey[106]                                                               ;
; REMOVE_REDUNDANT_LOGIC_CELLS ; off   ; -    ; initial_addroundkey[106]                                                               ;
; IGNORE_LCELL_BUFFERS         ; off   ; -    ; initial_addroundkey[105]                                                               ;
; REMOVE_REDUNDANT_LOGIC_CELLS ; off   ; -    ; initial_addroundkey[105]                                                               ;
; IGNORE_LCELL_BUFFERS         ; off   ; -    ; initial_addroundkey[104]                                                               ;
; REMOVE_REDUNDANT_LOGIC_CELLS ; off   ; -    ; initial_addroundkey[104]                                                               ;
; IGNORE_LCELL_BUFFERS         ; off   ; -    ; initial_addroundkey[103]                                                               ;
; REMOVE_REDUNDANT_LOGIC_CELLS ; off   ; -    ; initial_addroundkey[103]                                                               ;
; IGNORE_LCELL_BUFFERS         ; off   ; -    ; initial_addroundkey[102]                                                               ;
; REMOVE_REDUNDANT_LOGIC_CELLS ; off   ; -    ; initial_addroundkey[102]                                                               ;
; IGNORE_LCELL_BUFFERS         ; off   ; -    ; initial_addroundkey[101]                                                               ;
; REMOVE_REDUNDANT_LOGIC_CELLS ; off   ; -    ; initial_addroundkey[101]                                                               ;
; IGNORE_LCELL_BUFFERS         ; off   ; -    ; initial_addroundkey[100]                                                               ;
; REMOVE_REDUNDANT_LOGIC_CELLS ; off   ; -    ; initial_addroundkey[100]                                                               ;
; IGNORE_LCELL_BUFFERS         ; off   ; -    ; initial_addroundkey[99]                                                                ;
; REMOVE_REDUNDANT_LOGIC_CELLS ; off   ; -    ; initial_addroundkey[99]                                                                ;
; IGNORE_LCELL_BUFFERS         ; off   ; -    ; initial_addroundkey[98]                                                                ;
; REMOVE_REDUNDANT_LOGIC_CELLS ; off   ; -    ; initial_addroundkey[98]                                                                ;
; IGNORE_LCELL_BUFFERS         ; off   ; -    ; initial_addroundkey[97]                                                                ;
; REMOVE_REDUNDANT_LOGIC_CELLS ; off   ; -    ; initial_addroundkey[97]                                                                ;
; IGNORE_LCELL_BUFFERS         ; off   ; -    ; initial_addroundkey[96]                                                                ;
; REMOVE_REDUNDANT_LOGIC_CELLS ; off   ; -    ; initial_addroundkey[96]                                                                ;
; IGNORE_LCELL_BUFFERS         ; off   ; -    ; initial_addroundkey[95]                                                                ;
; REMOVE_REDUNDANT_LOGIC_CELLS ; off   ; -    ; initial_addroundkey[95]                                                                ;
; IGNORE_LCELL_BUFFERS         ; off   ; -    ; initial_addroundkey[94]                                                                ;
; REMOVE_REDUNDANT_LOGIC_CELLS ; off   ; -    ; initial_addroundkey[94]                                                                ;
; IGNORE_LCELL_BUFFERS         ; off   ; -    ; initial_addroundkey[93]                                                                ;
; REMOVE_REDUNDANT_LOGIC_CELLS ; off   ; -    ; initial_addroundkey[93]                                                                ;
; IGNORE_LCELL_BUFFERS         ; off   ; -    ; initial_addroundkey[92]                                                                ;
; REMOVE_REDUNDANT_LOGIC_CELLS ; off   ; -    ; initial_addroundkey[92]                                                                ;
; IGNORE_LCELL_BUFFERS         ; off   ; -    ; initial_addroundkey[91]                                                                ;
; REMOVE_REDUNDANT_LOGIC_CELLS ; off   ; -    ; initial_addroundkey[91]                                                                ;
; IGNORE_LCELL_BUFFERS         ; off   ; -    ; initial_addroundkey[90]                                                                ;
; REMOVE_REDUNDANT_LOGIC_CELLS ; off   ; -    ; initial_addroundkey[90]                                                                ;
; IGNORE_LCELL_BUFFERS         ; off   ; -    ; initial_addroundkey[89]                                                                ;
; REMOVE_REDUNDANT_LOGIC_CELLS ; off   ; -    ; initial_addroundkey[89]                                                                ;
; IGNORE_LCELL_BUFFERS         ; off   ; -    ; initial_addroundkey[88]                                                                ;
; REMOVE_REDUNDANT_LOGIC_CELLS ; off   ; -    ; initial_addroundkey[88]                                                                ;
; IGNORE_LCELL_BUFFERS         ; off   ; -    ; initial_addroundkey[87]                                                                ;
; REMOVE_REDUNDANT_LOGIC_CELLS ; off   ; -    ; initial_addroundkey[87]                                                                ;
; IGNORE_LCELL_BUFFERS         ; off   ; -    ; initial_addroundkey[86]                                                                ;
; REMOVE_REDUNDANT_LOGIC_CELLS ; off   ; -    ; initial_addroundkey[86]                                                                ;
; IGNORE_LCELL_BUFFERS         ; off   ; -    ; initial_addroundkey[85]                                                                ;
; REMOVE_REDUNDANT_LOGIC_CELLS ; off   ; -    ; initial_addroundkey[85]                                                                ;
; IGNORE_LCELL_BUFFERS         ; off   ; -    ; initial_addroundkey[84]                                                                ;
; REMOVE_REDUNDANT_LOGIC_CELLS ; off   ; -    ; initial_addroundkey[84]                                                                ;
; IGNORE_LCELL_BUFFERS         ; off   ; -    ; initial_addroundkey[83]                                                                ;
; REMOVE_REDUNDANT_LOGIC_CELLS ; off   ; -    ; initial_addroundkey[83]                                                                ;
; IGNORE_LCELL_BUFFERS         ; off   ; -    ; initial_addroundkey[82]                                                                ;
; REMOVE_REDUNDANT_LOGIC_CELLS ; off   ; -    ; initial_addroundkey[82]                                                                ;
; IGNORE_LCELL_BUFFERS         ; off   ; -    ; initial_addroundkey[81]                                                                ;
; REMOVE_REDUNDANT_LOGIC_CELLS ; off   ; -    ; initial_addroundkey[81]                                                                ;
; IGNORE_LCELL_BUFFERS         ; off   ; -    ; initial_addroundkey[80]                                                                ;
; REMOVE_REDUNDANT_LOGIC_CELLS ; off   ; -    ; initial_addroundkey[80]                                                                ;
; IGNORE_LCELL_BUFFERS         ; off   ; -    ; initial_addroundkey[79]                                                                ;
; REMOVE_REDUNDANT_LOGIC_CELLS ; off   ; -    ; initial_addroundkey[79]                                                                ;
; IGNORE_LCELL_BUFFERS         ; off   ; -    ; initial_addroundkey[78]                                                                ;
; REMOVE_REDUNDANT_LOGIC_CELLS ; off   ; -    ; initial_addroundkey[78]                                                                ;
; IGNORE_LCELL_BUFFERS         ; off   ; -    ; initial_addroundkey[77]                                                                ;
; REMOVE_REDUNDANT_LOGIC_CELLS ; off   ; -    ; initial_addroundkey[77]                                                                ;
; IGNORE_LCELL_BUFFERS         ; off   ; -    ; initial_addroundkey[76]                                                                ;
; REMOVE_REDUNDANT_LOGIC_CELLS ; off   ; -    ; initial_addroundkey[76]                                                                ;
; IGNORE_LCELL_BUFFERS         ; off   ; -    ; initial_addroundkey[75]                                                                ;
; REMOVE_REDUNDANT_LOGIC_CELLS ; off   ; -    ; initial_addroundkey[75]                                                                ;
; IGNORE_LCELL_BUFFERS         ; off   ; -    ; initial_addroundkey[74]                                                                ;
; REMOVE_REDUNDANT_LOGIC_CELLS ; off   ; -    ; initial_addroundkey[74]                                                                ;
; IGNORE_LCELL_BUFFERS         ; off   ; -    ; initial_addroundkey[73]                                                                ;
; REMOVE_REDUNDANT_LOGIC_CELLS ; off   ; -    ; initial_addroundkey[73]                                                                ;
; IGNORE_LCELL_BUFFERS         ; off   ; -    ; initial_addroundkey[72]                                                                ;
; REMOVE_REDUNDANT_LOGIC_CELLS ; off   ; -    ; initial_addroundkey[72]                                                                ;
; IGNORE_LCELL_BUFFERS         ; off   ; -    ; initial_addroundkey[71]                                                                ;
; REMOVE_REDUNDANT_LOGIC_CELLS ; off   ; -    ; initial_addroundkey[71]                                                                ;
; IGNORE_LCELL_BUFFERS         ; off   ; -    ; initial_addroundkey[70]                                                                ;
; REMOVE_REDUNDANT_LOGIC_CELLS ; off   ; -    ; initial_addroundkey[70]                                                                ;
; IGNORE_LCELL_BUFFERS         ; off   ; -    ; initial_addroundkey[69]                                                                ;
; REMOVE_REDUNDANT_LOGIC_CELLS ; off   ; -    ; initial_addroundkey[69]                                                                ;
; IGNORE_LCELL_BUFFERS         ; off   ; -    ; initial_addroundkey[68]                                                                ;
; REMOVE_REDUNDANT_LOGIC_CELLS ; off   ; -    ; initial_addroundkey[68]                                                                ;
; IGNORE_LCELL_BUFFERS         ; off   ; -    ; initial_addroundkey[67]                                                                ;
; REMOVE_REDUNDANT_LOGIC_CELLS ; off   ; -    ; initial_addroundkey[67]                                                                ;
; IGNORE_LCELL_BUFFERS         ; off   ; -    ; initial_addroundkey[66]                                                                ;
; REMOVE_REDUNDANT_LOGIC_CELLS ; off   ; -    ; initial_addroundkey[66]                                                                ;
; IGNORE_LCELL_BUFFERS         ; off   ; -    ; initial_addroundkey[65]                                                                ;
; REMOVE_REDUNDANT_LOGIC_CELLS ; off   ; -    ; initial_addroundkey[65]                                                                ;
; IGNORE_LCELL_BUFFERS         ; off   ; -    ; initial_addroundkey[64]                                                                ;
; REMOVE_REDUNDANT_LOGIC_CELLS ; off   ; -    ; initial_addroundkey[64]                                                                ;
; IGNORE_LCELL_BUFFERS         ; off   ; -    ; initial_addroundkey[63]                                                                ;
; REMOVE_REDUNDANT_LOGIC_CELLS ; off   ; -    ; initial_addroundkey[63]                                                                ;
; IGNORE_LCELL_BUFFERS         ; off   ; -    ; initial_addroundkey[62]                                                                ;
; REMOVE_REDUNDANT_LOGIC_CELLS ; off   ; -    ; initial_addroundkey[62]                                                                ;
; IGNORE_LCELL_BUFFERS         ; off   ; -    ; initial_addroundkey[61]                                                                ;
; REMOVE_REDUNDANT_LOGIC_CELLS ; off   ; -    ; initial_addroundkey[61]                                                                ;
; IGNORE_LCELL_BUFFERS         ; off   ; -    ; initial_addroundkey[60]                                                                ;
; REMOVE_REDUNDANT_LOGIC_CELLS ; off   ; -    ; initial_addroundkey[60]                                                                ;
; IGNORE_LCELL_BUFFERS         ; off   ; -    ; initial_addroundkey[59]                                                                ;
; REMOVE_REDUNDANT_LOGIC_CELLS ; off   ; -    ; initial_addroundkey[59]                                                                ;
; IGNORE_LCELL_BUFFERS         ; off   ; -    ; initial_addroundkey[58]                                                                ;
; REMOVE_REDUNDANT_LOGIC_CELLS ; off   ; -    ; initial_addroundkey[58]                                                                ;
; IGNORE_LCELL_BUFFERS         ; off   ; -    ; initial_addroundkey[57]                                                                ;
; REMOVE_REDUNDANT_LOGIC_CELLS ; off   ; -    ; initial_addroundkey[57]                                                                ;
; IGNORE_LCELL_BUFFERS         ; off   ; -    ; initial_addroundkey[56]                                                                ;
; REMOVE_REDUNDANT_LOGIC_CELLS ; off   ; -    ; initial_addroundkey[56]                                                                ;
; IGNORE_LCELL_BUFFERS         ; off   ; -    ; initial_addroundkey[55]                                                                ;
; REMOVE_REDUNDANT_LOGIC_CELLS ; off   ; -    ; initial_addroundkey[55]                                                                ;
; IGNORE_LCELL_BUFFERS         ; off   ; -    ; initial_addroundkey[54]                                                                ;
; REMOVE_REDUNDANT_LOGIC_CELLS ; off   ; -    ; initial_addroundkey[54]                                                                ;
; IGNORE_LCELL_BUFFERS         ; off   ; -    ; initial_addroundkey[53]                                                                ;
; REMOVE_REDUNDANT_LOGIC_CELLS ; off   ; -    ; initial_addroundkey[53]                                                                ;
; IGNORE_LCELL_BUFFERS         ; off   ; -    ; initial_addroundkey[52]                                                                ;
; REMOVE_REDUNDANT_LOGIC_CELLS ; off   ; -    ; initial_addroundkey[52]                                                                ;
; IGNORE_LCELL_BUFFERS         ; off   ; -    ; initial_addroundkey[51]                                                                ;
; REMOVE_REDUNDANT_LOGIC_CELLS ; off   ; -    ; initial_addroundkey[51]                                                                ;
; IGNORE_LCELL_BUFFERS         ; off   ; -    ; initial_addroundkey[50]                                                                ;
; REMOVE_REDUNDANT_LOGIC_CELLS ; off   ; -    ; initial_addroundkey[50]                                                                ;
; IGNORE_LCELL_BUFFERS         ; off   ; -    ; initial_addroundkey[49]                                                                ;
; REMOVE_REDUNDANT_LOGIC_CELLS ; off   ; -    ; initial_addroundkey[49]                                                                ;
; IGNORE_LCELL_BUFFERS         ; off   ; -    ; initial_addroundkey[48]                                                                ;
; REMOVE_REDUNDANT_LOGIC_CELLS ; off   ; -    ; initial_addroundkey[48]                                                                ;
; IGNORE_LCELL_BUFFERS         ; off   ; -    ; initial_addroundkey[47]                                                                ;
; REMOVE_REDUNDANT_LOGIC_CELLS ; off   ; -    ; initial_addroundkey[47]                                                                ;
; IGNORE_LCELL_BUFFERS         ; off   ; -    ; initial_addroundkey[46]                                                                ;
; REMOVE_REDUNDANT_LOGIC_CELLS ; off   ; -    ; initial_addroundkey[46]                                                                ;
; IGNORE_LCELL_BUFFERS         ; off   ; -    ; initial_addroundkey[45]                                                                ;
; REMOVE_REDUNDANT_LOGIC_CELLS ; off   ; -    ; initial_addroundkey[45]                                                                ;
; IGNORE_LCELL_BUFFERS         ; off   ; -    ; initial_addroundkey[44]                                                                ;
; REMOVE_REDUNDANT_LOGIC_CELLS ; off   ; -    ; initial_addroundkey[44]                                                                ;
; IGNORE_LCELL_BUFFERS         ; off   ; -    ; initial_addroundkey[43]                                                                ;
; REMOVE_REDUNDANT_LOGIC_CELLS ; off   ; -    ; initial_addroundkey[43]                                                                ;
; IGNORE_LCELL_BUFFERS         ; off   ; -    ; initial_addroundkey[42]                                                                ;
; REMOVE_REDUNDANT_LOGIC_CELLS ; off   ; -    ; initial_addroundkey[42]                                                                ;
; IGNORE_LCELL_BUFFERS         ; off   ; -    ; initial_addroundkey[41]                                                                ;
; REMOVE_REDUNDANT_LOGIC_CELLS ; off   ; -    ; initial_addroundkey[41]                                                                ;
; IGNORE_LCELL_BUFFERS         ; off   ; -    ; initial_addroundkey[40]                                                                ;
; REMOVE_REDUNDANT_LOGIC_CELLS ; off   ; -    ; initial_addroundkey[40]                                                                ;
; IGNORE_LCELL_BUFFERS         ; off   ; -    ; initial_addroundkey[39]                                                                ;
; REMOVE_REDUNDANT_LOGIC_CELLS ; off   ; -    ; initial_addroundkey[39]                                                                ;
; IGNORE_LCELL_BUFFERS         ; off   ; -    ; initial_addroundkey[38]                                                                ;
; REMOVE_REDUNDANT_LOGIC_CELLS ; off   ; -    ; initial_addroundkey[38]                                                                ;
; IGNORE_LCELL_BUFFERS         ; off   ; -    ; initial_addroundkey[37]                                                                ;
; REMOVE_REDUNDANT_LOGIC_CELLS ; off   ; -    ; initial_addroundkey[37]                                                                ;
; IGNORE_LCELL_BUFFERS         ; off   ; -    ; initial_addroundkey[36]                                                                ;
; REMOVE_REDUNDANT_LOGIC_CELLS ; off   ; -    ; initial_addroundkey[36]                                                                ;
; IGNORE_LCELL_BUFFERS         ; off   ; -    ; initial_addroundkey[35]                                                                ;
; REMOVE_REDUNDANT_LOGIC_CELLS ; off   ; -    ; initial_addroundkey[35]                                                                ;
; IGNORE_LCELL_BUFFERS         ; off   ; -    ; initial_addroundkey[34]                                                                ;
; REMOVE_REDUNDANT_LOGIC_CELLS ; off   ; -    ; initial_addroundkey[34]                                                                ;
; IGNORE_LCELL_BUFFERS         ; off   ; -    ; initial_addroundkey[33]                                                                ;
; REMOVE_REDUNDANT_LOGIC_CELLS ; off   ; -    ; initial_addroundkey[33]                                                                ;
; IGNORE_LCELL_BUFFERS         ; off   ; -    ; initial_addroundkey[32]                                                                ;
; REMOVE_REDUNDANT_LOGIC_CELLS ; off   ; -    ; initial_addroundkey[32]                                                                ;
; IGNORE_LCELL_BUFFERS         ; off   ; -    ; initial_addroundkey[31]                                                                ;
; REMOVE_REDUNDANT_LOGIC_CELLS ; off   ; -    ; initial_addroundkey[31]                                                                ;
; IGNORE_LCELL_BUFFERS         ; off   ; -    ; initial_addroundkey[30]                                                                ;
; REMOVE_REDUNDANT_LOGIC_CELLS ; off   ; -    ; initial_addroundkey[30]                                                                ;
; IGNORE_LCELL_BUFFERS         ; off   ; -    ; initial_addroundkey[29]                                                                ;
; REMOVE_REDUNDANT_LOGIC_CELLS ; off   ; -    ; initial_addroundkey[29]                                                                ;
; IGNORE_LCELL_BUFFERS         ; off   ; -    ; initial_addroundkey[28]                                                                ;
; REMOVE_REDUNDANT_LOGIC_CELLS ; off   ; -    ; initial_addroundkey[28]                                                                ;
; IGNORE_LCELL_BUFFERS         ; off   ; -    ; initial_addroundkey[27]                                                                ;
; REMOVE_REDUNDANT_LOGIC_CELLS ; off   ; -    ; initial_addroundkey[27]                                                                ;
; IGNORE_LCELL_BUFFERS         ; off   ; -    ; initial_addroundkey[26]                                                                ;
; REMOVE_REDUNDANT_LOGIC_CELLS ; off   ; -    ; initial_addroundkey[26]                                                                ;
; IGNORE_LCELL_BUFFERS         ; off   ; -    ; initial_addroundkey[25]                                                                ;
; REMOVE_REDUNDANT_LOGIC_CELLS ; off   ; -    ; initial_addroundkey[25]                                                                ;
; IGNORE_LCELL_BUFFERS         ; off   ; -    ; initial_addroundkey[24]                                                                ;
; REMOVE_REDUNDANT_LOGIC_CELLS ; off   ; -    ; initial_addroundkey[24]                                                                ;
; IGNORE_LCELL_BUFFERS         ; off   ; -    ; initial_addroundkey[23]                                                                ;
; REMOVE_REDUNDANT_LOGIC_CELLS ; off   ; -    ; initial_addroundkey[23]                                                                ;
; IGNORE_LCELL_BUFFERS         ; off   ; -    ; initial_addroundkey[22]                                                                ;
; REMOVE_REDUNDANT_LOGIC_CELLS ; off   ; -    ; initial_addroundkey[22]                                                                ;
; IGNORE_LCELL_BUFFERS         ; off   ; -    ; initial_addroundkey[21]                                                                ;
; REMOVE_REDUNDANT_LOGIC_CELLS ; off   ; -    ; initial_addroundkey[21]                                                                ;
; IGNORE_LCELL_BUFFERS         ; off   ; -    ; initial_addroundkey[20]                                                                ;
; REMOVE_REDUNDANT_LOGIC_CELLS ; off   ; -    ; initial_addroundkey[20]                                                                ;
; IGNORE_LCELL_BUFFERS         ; off   ; -    ; initial_addroundkey[19]                                                                ;
; REMOVE_REDUNDANT_LOGIC_CELLS ; off   ; -    ; initial_addroundkey[19]                                                                ;
; IGNORE_LCELL_BUFFERS         ; off   ; -    ; initial_addroundkey[18]                                                                ;
; REMOVE_REDUNDANT_LOGIC_CELLS ; off   ; -    ; initial_addroundkey[18]                                                                ;
; IGNORE_LCELL_BUFFERS         ; off   ; -    ; initial_addroundkey[17]                                                                ;
; REMOVE_REDUNDANT_LOGIC_CELLS ; off   ; -    ; initial_addroundkey[17]                                                                ;
; IGNORE_LCELL_BUFFERS         ; off   ; -    ; initial_addroundkey[16]                                                                ;
; REMOVE_REDUNDANT_LOGIC_CELLS ; off   ; -    ; initial_addroundkey[16]                                                                ;
; IGNORE_LCELL_BUFFERS         ; off   ; -    ; initial_addroundkey[15]                                                                ;
; REMOVE_REDUNDANT_LOGIC_CELLS ; off   ; -    ; initial_addroundkey[15]                                                                ;
; IGNORE_LCELL_BUFFERS         ; off   ; -    ; initial_addroundkey[14]                                                                ;
; REMOVE_REDUNDANT_LOGIC_CELLS ; off   ; -    ; initial_addroundkey[14]                                                                ;
; IGNORE_LCELL_BUFFERS         ; off   ; -    ; initial_addroundkey[13]                                                                ;
; REMOVE_REDUNDANT_LOGIC_CELLS ; off   ; -    ; initial_addroundkey[13]                                                                ;
; IGNORE_LCELL_BUFFERS         ; off   ; -    ; initial_addroundkey[12]                                                                ;
; REMOVE_REDUNDANT_LOGIC_CELLS ; off   ; -    ; initial_addroundkey[12]                                                                ;
; IGNORE_LCELL_BUFFERS         ; off   ; -    ; initial_addroundkey[11]                                                                ;
; REMOVE_REDUNDANT_LOGIC_CELLS ; off   ; -    ; initial_addroundkey[11]                                                                ;
; IGNORE_LCELL_BUFFERS         ; off   ; -    ; initial_addroundkey[10]                                                                ;
; REMOVE_REDUNDANT_LOGIC_CELLS ; off   ; -    ; initial_addroundkey[10]                                                                ;
; IGNORE_LCELL_BUFFERS         ; off   ; -    ; initial_addroundkey[9]                                                                 ;
; REMOVE_REDUNDANT_LOGIC_CELLS ; off   ; -    ; initial_addroundkey[9]                                                                 ;
; IGNORE_LCELL_BUFFERS         ; off   ; -    ; initial_addroundkey[8]                                                                 ;
; REMOVE_REDUNDANT_LOGIC_CELLS ; off   ; -    ; initial_addroundkey[8]                                                                 ;
; IGNORE_LCELL_BUFFERS         ; off   ; -    ; initial_addroundkey[7]                                                                 ;
; REMOVE_REDUNDANT_LOGIC_CELLS ; off   ; -    ; initial_addroundkey[7]                                                                 ;
; IGNORE_LCELL_BUFFERS         ; off   ; -    ; initial_addroundkey[6]                                                                 ;
; REMOVE_REDUNDANT_LOGIC_CELLS ; off   ; -    ; initial_addroundkey[6]                                                                 ;
; IGNORE_LCELL_BUFFERS         ; off   ; -    ; initial_addroundkey[5]                                                                 ;
; REMOVE_REDUNDANT_LOGIC_CELLS ; off   ; -    ; initial_addroundkey[5]                                                                 ;
; IGNORE_LCELL_BUFFERS         ; off   ; -    ; initial_addroundkey[4]                                                                 ;
; REMOVE_REDUNDANT_LOGIC_CELLS ; off   ; -    ; initial_addroundkey[4]                                                                 ;
; IGNORE_LCELL_BUFFERS         ; off   ; -    ; initial_addroundkey[3]                                                                 ;
; REMOVE_REDUNDANT_LOGIC_CELLS ; off   ; -    ; initial_addroundkey[3]                                                                 ;
; IGNORE_LCELL_BUFFERS         ; off   ; -    ; initial_addroundkey[2]                                                                 ;
; REMOVE_REDUNDANT_LOGIC_CELLS ; off   ; -    ; initial_addroundkey[2]                                                                 ;
; IGNORE_LCELL_BUFFERS         ; off   ; -    ; initial_addroundkey[1]                                                                 ;
; REMOVE_REDUNDANT_LOGIC_CELLS ; off   ; -    ; initial_addroundkey[1]                                                                 ;
; IGNORE_LCELL_BUFFERS         ; off   ; -    ; initial_addroundkey[0]                                                                 ;
; REMOVE_REDUNDANT_LOGIC_CELLS ; off   ; -    ; initial_addroundkey[0]                                                                 ;
; IGNORE_LCELL_BUFFERS         ; off   ; -    ; state_after_shiftrows[127]                                                             ;
; REMOVE_REDUNDANT_LOGIC_CELLS ; off   ; -    ; state_after_shiftrows[127]                                                             ;
; IGNORE_LCELL_BUFFERS         ; off   ; -    ; state_after_shiftrows[126]                                                             ;
; REMOVE_REDUNDANT_LOGIC_CELLS ; off   ; -    ; state_after_shiftrows[126]                                                             ;
; IGNORE_LCELL_BUFFERS         ; off   ; -    ; state_after_shiftrows[125]                                                             ;
; REMOVE_REDUNDANT_LOGIC_CELLS ; off   ; -    ; state_after_shiftrows[125]                                                             ;
; IGNORE_LCELL_BUFFERS         ; off   ; -    ; state_after_shiftrows[124]                                                             ;
; REMOVE_REDUNDANT_LOGIC_CELLS ; off   ; -    ; state_after_shiftrows[124]                                                             ;
; IGNORE_LCELL_BUFFERS         ; off   ; -    ; state_after_shiftrows[123]                                                             ;
; REMOVE_REDUNDANT_LOGIC_CELLS ; off   ; -    ; state_after_shiftrows[123]                                                             ;
; IGNORE_LCELL_BUFFERS         ; off   ; -    ; state_after_shiftrows[122]                                                             ;
; REMOVE_REDUNDANT_LOGIC_CELLS ; off   ; -    ; state_after_shiftrows[122]                                                             ;
; IGNORE_LCELL_BUFFERS         ; off   ; -    ; state_after_shiftrows[121]                                                             ;
; REMOVE_REDUNDANT_LOGIC_CELLS ; off   ; -    ; state_after_shiftrows[121]                                                             ;
; IGNORE_LCELL_BUFFERS         ; off   ; -    ; state_after_shiftrows[120]                                                             ;
; REMOVE_REDUNDANT_LOGIC_CELLS ; off   ; -    ; state_after_shiftrows[120]                                                             ;
; IGNORE_LCELL_BUFFERS         ; off   ; -    ; state_after_shiftrows[119]                                                             ;
; REMOVE_REDUNDANT_LOGIC_CELLS ; off   ; -    ; state_after_shiftrows[119]                                                             ;
; IGNORE_LCELL_BUFFERS         ; off   ; -    ; state_after_shiftrows[118]                                                             ;
; REMOVE_REDUNDANT_LOGIC_CELLS ; off   ; -    ; state_after_shiftrows[118]                                                             ;
; IGNORE_LCELL_BUFFERS         ; off   ; -    ; state_after_shiftrows[117]                                                             ;
; REMOVE_REDUNDANT_LOGIC_CELLS ; off   ; -    ; state_after_shiftrows[117]                                                             ;
; IGNORE_LCELL_BUFFERS         ; off   ; -    ; state_after_shiftrows[116]                                                             ;
; REMOVE_REDUNDANT_LOGIC_CELLS ; off   ; -    ; state_after_shiftrows[116]                                                             ;
; IGNORE_LCELL_BUFFERS         ; off   ; -    ; state_after_shiftrows[115]                                                             ;
; REMOVE_REDUNDANT_LOGIC_CELLS ; off   ; -    ; state_after_shiftrows[115]                                                             ;
; IGNORE_LCELL_BUFFERS         ; off   ; -    ; state_after_shiftrows[114]                                                             ;
; REMOVE_REDUNDANT_LOGIC_CELLS ; off   ; -    ; state_after_shiftrows[114]                                                             ;
; IGNORE_LCELL_BUFFERS         ; off   ; -    ; state_after_shiftrows[113]                                                             ;
; REMOVE_REDUNDANT_LOGIC_CELLS ; off   ; -    ; state_after_shiftrows[113]                                                             ;
; IGNORE_LCELL_BUFFERS         ; off   ; -    ; state_after_shiftrows[112]                                                             ;
; REMOVE_REDUNDANT_LOGIC_CELLS ; off   ; -    ; state_after_shiftrows[112]                                                             ;
; IGNORE_LCELL_BUFFERS         ; off   ; -    ; state_after_shiftrows[111]                                                             ;
; REMOVE_REDUNDANT_LOGIC_CELLS ; off   ; -    ; state_after_shiftrows[111]                                                             ;
; IGNORE_LCELL_BUFFERS         ; off   ; -    ; state_after_shiftrows[110]                                                             ;
; REMOVE_REDUNDANT_LOGIC_CELLS ; off   ; -    ; state_after_shiftrows[110]                                                             ;
; IGNORE_LCELL_BUFFERS         ; off   ; -    ; state_after_shiftrows[109]                                                             ;
; REMOVE_REDUNDANT_LOGIC_CELLS ; off   ; -    ; state_after_shiftrows[109]                                                             ;
; IGNORE_LCELL_BUFFERS         ; off   ; -    ; state_after_shiftrows[108]                                                             ;
; REMOVE_REDUNDANT_LOGIC_CELLS ; off   ; -    ; state_after_shiftrows[108]                                                             ;
; IGNORE_LCELL_BUFFERS         ; off   ; -    ; state_after_shiftrows[107]                                                             ;
; REMOVE_REDUNDANT_LOGIC_CELLS ; off   ; -    ; state_after_shiftrows[107]                                                             ;
; IGNORE_LCELL_BUFFERS         ; off   ; -    ; state_after_shiftrows[106]                                                             ;
; REMOVE_REDUNDANT_LOGIC_CELLS ; off   ; -    ; state_after_shiftrows[106]                                                             ;
; IGNORE_LCELL_BUFFERS         ; off   ; -    ; state_after_shiftrows[105]                                                             ;
; REMOVE_REDUNDANT_LOGIC_CELLS ; off   ; -    ; state_after_shiftrows[105]                                                             ;
; IGNORE_LCELL_BUFFERS         ; off   ; -    ; state_after_shiftrows[104]                                                             ;
; REMOVE_REDUNDANT_LOGIC_CELLS ; off   ; -    ; state_after_shiftrows[104]                                                             ;
; IGNORE_LCELL_BUFFERS         ; off   ; -    ; state_after_shiftrows[103]                                                             ;
; REMOVE_REDUNDANT_LOGIC_CELLS ; off   ; -    ; state_after_shiftrows[103]                                                             ;
; IGNORE_LCELL_BUFFERS         ; off   ; -    ; state_after_shiftrows[102]                                                             ;
; REMOVE_REDUNDANT_LOGIC_CELLS ; off   ; -    ; state_after_shiftrows[102]                                                             ;
; IGNORE_LCELL_BUFFERS         ; off   ; -    ; state_after_shiftrows[101]                                                             ;
; REMOVE_REDUNDANT_LOGIC_CELLS ; off   ; -    ; state_after_shiftrows[101]                                                             ;
; IGNORE_LCELL_BUFFERS         ; off   ; -    ; state_after_shiftrows[100]                                                             ;
; REMOVE_REDUNDANT_LOGIC_CELLS ; off   ; -    ; state_after_shiftrows[100]                                                             ;
; IGNORE_LCELL_BUFFERS         ; off   ; -    ; state_after_shiftrows[99]                                                              ;
; REMOVE_REDUNDANT_LOGIC_CELLS ; off   ; -    ; state_after_shiftrows[99]                                                              ;
; IGNORE_LCELL_BUFFERS         ; off   ; -    ; state_after_shiftrows[98]                                                              ;
; REMOVE_REDUNDANT_LOGIC_CELLS ; off   ; -    ; state_after_shiftrows[98]                                                              ;
; IGNORE_LCELL_BUFFERS         ; off   ; -    ; state_after_shiftrows[97]                                                              ;
; REMOVE_REDUNDANT_LOGIC_CELLS ; off   ; -    ; state_after_shiftrows[97]                                                              ;
; IGNORE_LCELL_BUFFERS         ; off   ; -    ; state_after_shiftrows[96]                                                              ;
; REMOVE_REDUNDANT_LOGIC_CELLS ; off   ; -    ; state_after_shiftrows[96]                                                              ;
; IGNORE_LCELL_BUFFERS         ; off   ; -    ; state_after_shiftrows[95]                                                              ;
; REMOVE_REDUNDANT_LOGIC_CELLS ; off   ; -    ; state_after_shiftrows[95]                                                              ;
; IGNORE_LCELL_BUFFERS         ; off   ; -    ; state_after_shiftrows[94]                                                              ;
; REMOVE_REDUNDANT_LOGIC_CELLS ; off   ; -    ; state_after_shiftrows[94]                                                              ;
; IGNORE_LCELL_BUFFERS         ; off   ; -    ; state_after_shiftrows[93]                                                              ;
; REMOVE_REDUNDANT_LOGIC_CELLS ; off   ; -    ; state_after_shiftrows[93]                                                              ;
; IGNORE_LCELL_BUFFERS         ; off   ; -    ; state_after_shiftrows[92]                                                              ;
; REMOVE_REDUNDANT_LOGIC_CELLS ; off   ; -    ; state_after_shiftrows[92]                                                              ;
; IGNORE_LCELL_BUFFERS         ; off   ; -    ; state_after_shiftrows[91]                                                              ;
; REMOVE_REDUNDANT_LOGIC_CELLS ; off   ; -    ; state_after_shiftrows[91]                                                              ;
; IGNORE_LCELL_BUFFERS         ; off   ; -    ; state_after_shiftrows[90]                                                              ;
; REMOVE_REDUNDANT_LOGIC_CELLS ; off   ; -    ; state_after_shiftrows[90]                                                              ;
; IGNORE_LCELL_BUFFERS         ; off   ; -    ; state_after_shiftrows[89]                                                              ;
; REMOVE_REDUNDANT_LOGIC_CELLS ; off   ; -    ; state_after_shiftrows[89]                                                              ;
; IGNORE_LCELL_BUFFERS         ; off   ; -    ; state_after_shiftrows[88]                                                              ;
; REMOVE_REDUNDANT_LOGIC_CELLS ; off   ; -    ; state_after_shiftrows[88]                                                              ;
; IGNORE_LCELL_BUFFERS         ; off   ; -    ; state_after_shiftrows[87]                                                              ;
; REMOVE_REDUNDANT_LOGIC_CELLS ; off   ; -    ; state_after_shiftrows[87]                                                              ;
; IGNORE_LCELL_BUFFERS         ; off   ; -    ; state_after_shiftrows[86]                                                              ;
; REMOVE_REDUNDANT_LOGIC_CELLS ; off   ; -    ; state_after_shiftrows[86]                                                              ;
; IGNORE_LCELL_BUFFERS         ; off   ; -    ; state_after_shiftrows[85]                                                              ;
; REMOVE_REDUNDANT_LOGIC_CELLS ; off   ; -    ; state_after_shiftrows[85]                                                              ;
; IGNORE_LCELL_BUFFERS         ; off   ; -    ; state_after_shiftrows[84]                                                              ;
; REMOVE_REDUNDANT_LOGIC_CELLS ; off   ; -    ; state_after_shiftrows[84]                                                              ;
; IGNORE_LCELL_BUFFERS         ; off   ; -    ; state_after_shiftrows[83]                                                              ;
; REMOVE_REDUNDANT_LOGIC_CELLS ; off   ; -    ; state_after_shiftrows[83]                                                              ;
; IGNORE_LCELL_BUFFERS         ; off   ; -    ; state_after_shiftrows[82]                                                              ;
; REMOVE_REDUNDANT_LOGIC_CELLS ; off   ; -    ; state_after_shiftrows[82]                                                              ;
; IGNORE_LCELL_BUFFERS         ; off   ; -    ; state_after_shiftrows[81]                                                              ;
; REMOVE_REDUNDANT_LOGIC_CELLS ; off   ; -    ; state_after_shiftrows[81]                                                              ;
; IGNORE_LCELL_BUFFERS         ; off   ; -    ; state_after_shiftrows[80]                                                              ;
; REMOVE_REDUNDANT_LOGIC_CELLS ; off   ; -    ; state_after_shiftrows[80]                                                              ;
; IGNORE_LCELL_BUFFERS         ; off   ; -    ; state_after_shiftrows[79]                                                              ;
; REMOVE_REDUNDANT_LOGIC_CELLS ; off   ; -    ; state_after_shiftrows[79]                                                              ;
; IGNORE_LCELL_BUFFERS         ; off   ; -    ; state_after_shiftrows[78]                                                              ;
; REMOVE_REDUNDANT_LOGIC_CELLS ; off   ; -    ; state_after_shiftrows[78]                                                              ;
; IGNORE_LCELL_BUFFERS         ; off   ; -    ; state_after_shiftrows[77]                                                              ;
; REMOVE_REDUNDANT_LOGIC_CELLS ; off   ; -    ; state_after_shiftrows[77]                                                              ;
; IGNORE_LCELL_BUFFERS         ; off   ; -    ; state_after_shiftrows[76]                                                              ;
; REMOVE_REDUNDANT_LOGIC_CELLS ; off   ; -    ; state_after_shiftrows[76]                                                              ;
; IGNORE_LCELL_BUFFERS         ; off   ; -    ; state_after_shiftrows[75]                                                              ;
; REMOVE_REDUNDANT_LOGIC_CELLS ; off   ; -    ; state_after_shiftrows[75]                                                              ;
; IGNORE_LCELL_BUFFERS         ; off   ; -    ; state_after_shiftrows[74]                                                              ;
; REMOVE_REDUNDANT_LOGIC_CELLS ; off   ; -    ; state_after_shiftrows[74]                                                              ;
; IGNORE_LCELL_BUFFERS         ; off   ; -    ; state_after_shiftrows[73]                                                              ;
; REMOVE_REDUNDANT_LOGIC_CELLS ; off   ; -    ; state_after_shiftrows[73]                                                              ;
; IGNORE_LCELL_BUFFERS         ; off   ; -    ; state_after_shiftrows[72]                                                              ;
; REMOVE_REDUNDANT_LOGIC_CELLS ; off   ; -    ; state_after_shiftrows[72]                                                              ;
; IGNORE_LCELL_BUFFERS         ; off   ; -    ; state_after_shiftrows[71]                                                              ;
; REMOVE_REDUNDANT_LOGIC_CELLS ; off   ; -    ; state_after_shiftrows[71]                                                              ;
; IGNORE_LCELL_BUFFERS         ; off   ; -    ; state_after_shiftrows[70]                                                              ;
; REMOVE_REDUNDANT_LOGIC_CELLS ; off   ; -    ; state_after_shiftrows[70]                                                              ;
; IGNORE_LCELL_BUFFERS         ; off   ; -    ; state_after_shiftrows[69]                                                              ;
; REMOVE_REDUNDANT_LOGIC_CELLS ; off   ; -    ; state_after_shiftrows[69]                                                              ;
; IGNORE_LCELL_BUFFERS         ; off   ; -    ; state_after_shiftrows[68]                                                              ;
; REMOVE_REDUNDANT_LOGIC_CELLS ; off   ; -    ; state_after_shiftrows[68]                                                              ;
; IGNORE_LCELL_BUFFERS         ; off   ; -    ; state_after_shiftrows[67]                                                              ;
; REMOVE_REDUNDANT_LOGIC_CELLS ; off   ; -    ; state_after_shiftrows[67]                                                              ;
; IGNORE_LCELL_BUFFERS         ; off   ; -    ; state_after_shiftrows[66]                                                              ;
; REMOVE_REDUNDANT_LOGIC_CELLS ; off   ; -    ; state_after_shiftrows[66]                                                              ;
; IGNORE_LCELL_BUFFERS         ; off   ; -    ; state_after_shiftrows[65]                                                              ;
; REMOVE_REDUNDANT_LOGIC_CELLS ; off   ; -    ; state_after_shiftrows[65]                                                              ;
; IGNORE_LCELL_BUFFERS         ; off   ; -    ; state_after_shiftrows[64]                                                              ;
; REMOVE_REDUNDANT_LOGIC_CELLS ; off   ; -    ; state_after_shiftrows[64]                                                              ;
; IGNORE_LCELL_BUFFERS         ; off   ; -    ; state_after_shiftrows[63]                                                              ;
; REMOVE_REDUNDANT_LOGIC_CELLS ; off   ; -    ; state_after_shiftrows[63]                                                              ;
; IGNORE_LCELL_BUFFERS         ; off   ; -    ; state_after_shiftrows[62]                                                              ;
; REMOVE_REDUNDANT_LOGIC_CELLS ; off   ; -    ; state_after_shiftrows[62]                                                              ;
; IGNORE_LCELL_BUFFERS         ; off   ; -    ; state_after_shiftrows[61]                                                              ;
; REMOVE_REDUNDANT_LOGIC_CELLS ; off   ; -    ; state_after_shiftrows[61]                                                              ;
; IGNORE_LCELL_BUFFERS         ; off   ; -    ; state_after_shiftrows[60]                                                              ;
; REMOVE_REDUNDANT_LOGIC_CELLS ; off   ; -    ; state_after_shiftrows[60]                                                              ;
; IGNORE_LCELL_BUFFERS         ; off   ; -    ; state_after_shiftrows[59]                                                              ;
; REMOVE_REDUNDANT_LOGIC_CELLS ; off   ; -    ; state_after_shiftrows[59]                                                              ;
; IGNORE_LCELL_BUFFERS         ; off   ; -    ; state_after_shiftrows[58]                                                              ;
; REMOVE_REDUNDANT_LOGIC_CELLS ; off   ; -    ; state_after_shiftrows[58]                                                              ;
; IGNORE_LCELL_BUFFERS         ; off   ; -    ; state_after_shiftrows[57]                                                              ;
; REMOVE_REDUNDANT_LOGIC_CELLS ; off   ; -    ; state_after_shiftrows[57]                                                              ;
; IGNORE_LCELL_BUFFERS         ; off   ; -    ; state_after_shiftrows[56]                                                              ;
; REMOVE_REDUNDANT_LOGIC_CELLS ; off   ; -    ; state_after_shiftrows[56]                                                              ;
; IGNORE_LCELL_BUFFERS         ; off   ; -    ; state_after_shiftrows[55]                                                              ;
; REMOVE_REDUNDANT_LOGIC_CELLS ; off   ; -    ; state_after_shiftrows[55]                                                              ;
; IGNORE_LCELL_BUFFERS         ; off   ; -    ; state_after_shiftrows[54]                                                              ;
; REMOVE_REDUNDANT_LOGIC_CELLS ; off   ; -    ; state_after_shiftrows[54]                                                              ;
; IGNORE_LCELL_BUFFERS         ; off   ; -    ; state_after_shiftrows[53]                                                              ;
; REMOVE_REDUNDANT_LOGIC_CELLS ; off   ; -    ; state_after_shiftrows[53]                                                              ;
; IGNORE_LCELL_BUFFERS         ; off   ; -    ; state_after_shiftrows[52]                                                              ;
; REMOVE_REDUNDANT_LOGIC_CELLS ; off   ; -    ; state_after_shiftrows[52]                                                              ;
; IGNORE_LCELL_BUFFERS         ; off   ; -    ; state_after_shiftrows[51]                                                              ;
; REMOVE_REDUNDANT_LOGIC_CELLS ; off   ; -    ; state_after_shiftrows[51]                                                              ;
; IGNORE_LCELL_BUFFERS         ; off   ; -    ; state_after_shiftrows[50]                                                              ;
; REMOVE_REDUNDANT_LOGIC_CELLS ; off   ; -    ; state_after_shiftrows[50]                                                              ;
; IGNORE_LCELL_BUFFERS         ; off   ; -    ; state_after_shiftrows[49]                                                              ;
; REMOVE_REDUNDANT_LOGIC_CELLS ; off   ; -    ; state_after_shiftrows[49]                                                              ;
; IGNORE_LCELL_BUFFERS         ; off   ; -    ; state_after_shiftrows[48]                                                              ;
; REMOVE_REDUNDANT_LOGIC_CELLS ; off   ; -    ; state_after_shiftrows[48]                                                              ;
; IGNORE_LCELL_BUFFERS         ; off   ; -    ; state_after_shiftrows[47]                                                              ;
; REMOVE_REDUNDANT_LOGIC_CELLS ; off   ; -    ; state_after_shiftrows[47]                                                              ;
; IGNORE_LCELL_BUFFERS         ; off   ; -    ; state_after_shiftrows[46]                                                              ;
; REMOVE_REDUNDANT_LOGIC_CELLS ; off   ; -    ; state_after_shiftrows[46]                                                              ;
; IGNORE_LCELL_BUFFERS         ; off   ; -    ; state_after_shiftrows[45]                                                              ;
; REMOVE_REDUNDANT_LOGIC_CELLS ; off   ; -    ; state_after_shiftrows[45]                                                              ;
; IGNORE_LCELL_BUFFERS         ; off   ; -    ; state_after_shiftrows[44]                                                              ;
; REMOVE_REDUNDANT_LOGIC_CELLS ; off   ; -    ; state_after_shiftrows[44]                                                              ;
; IGNORE_LCELL_BUFFERS         ; off   ; -    ; state_after_shiftrows[43]                                                              ;
; REMOVE_REDUNDANT_LOGIC_CELLS ; off   ; -    ; state_after_shiftrows[43]                                                              ;
; IGNORE_LCELL_BUFFERS         ; off   ; -    ; state_after_shiftrows[42]                                                              ;
; REMOVE_REDUNDANT_LOGIC_CELLS ; off   ; -    ; state_after_shiftrows[42]                                                              ;
; IGNORE_LCELL_BUFFERS         ; off   ; -    ; state_after_shiftrows[41]                                                              ;
; REMOVE_REDUNDANT_LOGIC_CELLS ; off   ; -    ; state_after_shiftrows[41]                                                              ;
; IGNORE_LCELL_BUFFERS         ; off   ; -    ; state_after_shiftrows[40]                                                              ;
; REMOVE_REDUNDANT_LOGIC_CELLS ; off   ; -    ; state_after_shiftrows[40]                                                              ;
; IGNORE_LCELL_BUFFERS         ; off   ; -    ; state_after_shiftrows[39]                                                              ;
; REMOVE_REDUNDANT_LOGIC_CELLS ; off   ; -    ; state_after_shiftrows[39]                                                              ;
; IGNORE_LCELL_BUFFERS         ; off   ; -    ; state_after_shiftrows[38]                                                              ;
; REMOVE_REDUNDANT_LOGIC_CELLS ; off   ; -    ; state_after_shiftrows[38]                                                              ;
; IGNORE_LCELL_BUFFERS         ; off   ; -    ; state_after_shiftrows[37]                                                              ;
; REMOVE_REDUNDANT_LOGIC_CELLS ; off   ; -    ; state_after_shiftrows[37]                                                              ;
; IGNORE_LCELL_BUFFERS         ; off   ; -    ; state_after_shiftrows[36]                                                              ;
; REMOVE_REDUNDANT_LOGIC_CELLS ; off   ; -    ; state_after_shiftrows[36]                                                              ;
; IGNORE_LCELL_BUFFERS         ; off   ; -    ; state_after_shiftrows[35]                                                              ;
; REMOVE_REDUNDANT_LOGIC_CELLS ; off   ; -    ; state_after_shiftrows[35]                                                              ;
; IGNORE_LCELL_BUFFERS         ; off   ; -    ; state_after_shiftrows[34]                                                              ;
; REMOVE_REDUNDANT_LOGIC_CELLS ; off   ; -    ; state_after_shiftrows[34]                                                              ;
; IGNORE_LCELL_BUFFERS         ; off   ; -    ; state_after_shiftrows[33]                                                              ;
; REMOVE_REDUNDANT_LOGIC_CELLS ; off   ; -    ; state_after_shiftrows[33]                                                              ;
; IGNORE_LCELL_BUFFERS         ; off   ; -    ; state_after_shiftrows[32]                                                              ;
; REMOVE_REDUNDANT_LOGIC_CELLS ; off   ; -    ; state_after_shiftrows[32]                                                              ;
; IGNORE_LCELL_BUFFERS         ; off   ; -    ; state_after_shiftrows[31]                                                              ;
; REMOVE_REDUNDANT_LOGIC_CELLS ; off   ; -    ; state_after_shiftrows[31]                                                              ;
; IGNORE_LCELL_BUFFERS         ; off   ; -    ; state_after_shiftrows[30]                                                              ;
; REMOVE_REDUNDANT_LOGIC_CELLS ; off   ; -    ; state_after_shiftrows[30]                                                              ;
; IGNORE_LCELL_BUFFERS         ; off   ; -    ; state_after_shiftrows[29]                                                              ;
; REMOVE_REDUNDANT_LOGIC_CELLS ; off   ; -    ; state_after_shiftrows[29]                                                              ;
; IGNORE_LCELL_BUFFERS         ; off   ; -    ; state_after_shiftrows[28]                                                              ;
; REMOVE_REDUNDANT_LOGIC_CELLS ; off   ; -    ; state_after_shiftrows[28]                                                              ;
; IGNORE_LCELL_BUFFERS         ; off   ; -    ; state_after_shiftrows[27]                                                              ;
; REMOVE_REDUNDANT_LOGIC_CELLS ; off   ; -    ; state_after_shiftrows[27]                                                              ;
; IGNORE_LCELL_BUFFERS         ; off   ; -    ; state_after_shiftrows[26]                                                              ;
; REMOVE_REDUNDANT_LOGIC_CELLS ; off   ; -    ; state_after_shiftrows[26]                                                              ;
; IGNORE_LCELL_BUFFERS         ; off   ; -    ; state_after_shiftrows[25]                                                              ;
; REMOVE_REDUNDANT_LOGIC_CELLS ; off   ; -    ; state_after_shiftrows[25]                                                              ;
; IGNORE_LCELL_BUFFERS         ; off   ; -    ; state_after_shiftrows[24]                                                              ;
; REMOVE_REDUNDANT_LOGIC_CELLS ; off   ; -    ; state_after_shiftrows[24]                                                              ;
; IGNORE_LCELL_BUFFERS         ; off   ; -    ; state_after_shiftrows[23]                                                              ;
; REMOVE_REDUNDANT_LOGIC_CELLS ; off   ; -    ; state_after_shiftrows[23]                                                              ;
; IGNORE_LCELL_BUFFERS         ; off   ; -    ; state_after_shiftrows[22]                                                              ;
; REMOVE_REDUNDANT_LOGIC_CELLS ; off   ; -    ; state_after_shiftrows[22]                                                              ;
; IGNORE_LCELL_BUFFERS         ; off   ; -    ; state_after_shiftrows[21]                                                              ;
; REMOVE_REDUNDANT_LOGIC_CELLS ; off   ; -    ; state_after_shiftrows[21]                                                              ;
; IGNORE_LCELL_BUFFERS         ; off   ; -    ; state_after_shiftrows[20]                                                              ;
; REMOVE_REDUNDANT_LOGIC_CELLS ; off   ; -    ; state_after_shiftrows[20]                                                              ;
; IGNORE_LCELL_BUFFERS         ; off   ; -    ; state_after_shiftrows[19]                                                              ;
; REMOVE_REDUNDANT_LOGIC_CELLS ; off   ; -    ; state_after_shiftrows[19]                                                              ;
; IGNORE_LCELL_BUFFERS         ; off   ; -    ; state_after_shiftrows[18]                                                              ;
; REMOVE_REDUNDANT_LOGIC_CELLS ; off   ; -    ; state_after_shiftrows[18]                                                              ;
; IGNORE_LCELL_BUFFERS         ; off   ; -    ; state_after_shiftrows[17]                                                              ;
; REMOVE_REDUNDANT_LOGIC_CELLS ; off   ; -    ; state_after_shiftrows[17]                                                              ;
; IGNORE_LCELL_BUFFERS         ; off   ; -    ; state_after_shiftrows[16]                                                              ;
; REMOVE_REDUNDANT_LOGIC_CELLS ; off   ; -    ; state_after_shiftrows[16]                                                              ;
; IGNORE_LCELL_BUFFERS         ; off   ; -    ; state_after_shiftrows[15]                                                              ;
; REMOVE_REDUNDANT_LOGIC_CELLS ; off   ; -    ; state_after_shiftrows[15]                                                              ;
; IGNORE_LCELL_BUFFERS         ; off   ; -    ; state_after_shiftrows[14]                                                              ;
; REMOVE_REDUNDANT_LOGIC_CELLS ; off   ; -    ; state_after_shiftrows[14]                                                              ;
; IGNORE_LCELL_BUFFERS         ; off   ; -    ; state_after_shiftrows[13]                                                              ;
; REMOVE_REDUNDANT_LOGIC_CELLS ; off   ; -    ; state_after_shiftrows[13]                                                              ;
; IGNORE_LCELL_BUFFERS         ; off   ; -    ; state_after_shiftrows[12]                                                              ;
; REMOVE_REDUNDANT_LOGIC_CELLS ; off   ; -    ; state_after_shiftrows[12]                                                              ;
; IGNORE_LCELL_BUFFERS         ; off   ; -    ; state_after_shiftrows[11]                                                              ;
; REMOVE_REDUNDANT_LOGIC_CELLS ; off   ; -    ; state_after_shiftrows[11]                                                              ;
; IGNORE_LCELL_BUFFERS         ; off   ; -    ; state_after_shiftrows[10]                                                              ;
; REMOVE_REDUNDANT_LOGIC_CELLS ; off   ; -    ; state_after_shiftrows[10]                                                              ;
; IGNORE_LCELL_BUFFERS         ; off   ; -    ; state_after_shiftrows[9]                                                               ;
; REMOVE_REDUNDANT_LOGIC_CELLS ; off   ; -    ; state_after_shiftrows[9]                                                               ;
; IGNORE_LCELL_BUFFERS         ; off   ; -    ; state_after_shiftrows[8]                                                               ;
; REMOVE_REDUNDANT_LOGIC_CELLS ; off   ; -    ; state_after_shiftrows[8]                                                               ;
; IGNORE_LCELL_BUFFERS         ; off   ; -    ; state_after_shiftrows[7]                                                               ;
; REMOVE_REDUNDANT_LOGIC_CELLS ; off   ; -    ; state_after_shiftrows[7]                                                               ;
; IGNORE_LCELL_BUFFERS         ; off   ; -    ; state_after_shiftrows[6]                                                               ;
; REMOVE_REDUNDANT_LOGIC_CELLS ; off   ; -    ; state_after_shiftrows[6]                                                               ;
; IGNORE_LCELL_BUFFERS         ; off   ; -    ; state_after_shiftrows[5]                                                               ;
; REMOVE_REDUNDANT_LOGIC_CELLS ; off   ; -    ; state_after_shiftrows[5]                                                               ;
; IGNORE_LCELL_BUFFERS         ; off   ; -    ; state_after_shiftrows[4]                                                               ;
; REMOVE_REDUNDANT_LOGIC_CELLS ; off   ; -    ; state_after_shiftrows[4]                                                               ;
; IGNORE_LCELL_BUFFERS         ; off   ; -    ; state_after_shiftrows[3]                                                               ;
; REMOVE_REDUNDANT_LOGIC_CELLS ; off   ; -    ; state_after_shiftrows[3]                                                               ;
; IGNORE_LCELL_BUFFERS         ; off   ; -    ; state_after_shiftrows[2]                                                               ;
; REMOVE_REDUNDANT_LOGIC_CELLS ; off   ; -    ; state_after_shiftrows[2]                                                               ;
; IGNORE_LCELL_BUFFERS         ; off   ; -    ; state_after_shiftrows[1]                                                               ;
; REMOVE_REDUNDANT_LOGIC_CELLS ; off   ; -    ; state_after_shiftrows[1]                                                               ;
; IGNORE_LCELL_BUFFERS         ; off   ; -    ; state_after_shiftrows[0]                                                               ;
; REMOVE_REDUNDANT_LOGIC_CELLS ; off   ; -    ; state_after_shiftrows[0]                                                               ;
; IGNORE_LCELL_BUFFERS         ; off   ; -    ; state_after_roundkey[127]                                                              ;
; REMOVE_REDUNDANT_LOGIC_CELLS ; off   ; -    ; state_after_roundkey[127]                                                              ;
; IGNORE_LCELL_BUFFERS         ; off   ; -    ; state_after_roundkey[126]                                                              ;
; REMOVE_REDUNDANT_LOGIC_CELLS ; off   ; -    ; state_after_roundkey[126]                                                              ;
; IGNORE_LCELL_BUFFERS         ; off   ; -    ; state_after_roundkey[125]                                                              ;
; REMOVE_REDUNDANT_LOGIC_CELLS ; off   ; -    ; state_after_roundkey[125]                                                              ;
; IGNORE_LCELL_BUFFERS         ; off   ; -    ; state_after_roundkey[124]                                                              ;
; REMOVE_REDUNDANT_LOGIC_CELLS ; off   ; -    ; state_after_roundkey[124]                                                              ;
; IGNORE_LCELL_BUFFERS         ; off   ; -    ; state_after_roundkey[123]                                                              ;
; REMOVE_REDUNDANT_LOGIC_CELLS ; off   ; -    ; state_after_roundkey[123]                                                              ;
; IGNORE_LCELL_BUFFERS         ; off   ; -    ; state_after_roundkey[122]                                                              ;
; REMOVE_REDUNDANT_LOGIC_CELLS ; off   ; -    ; state_after_roundkey[122]                                                              ;
; IGNORE_LCELL_BUFFERS         ; off   ; -    ; state_after_roundkey[121]                                                              ;
; REMOVE_REDUNDANT_LOGIC_CELLS ; off   ; -    ; state_after_roundkey[121]                                                              ;
; IGNORE_LCELL_BUFFERS         ; off   ; -    ; state_after_roundkey[120]                                                              ;
; REMOVE_REDUNDANT_LOGIC_CELLS ; off   ; -    ; state_after_roundkey[120]                                                              ;
; IGNORE_LCELL_BUFFERS         ; off   ; -    ; state_after_roundkey[119]                                                              ;
; REMOVE_REDUNDANT_LOGIC_CELLS ; off   ; -    ; state_after_roundkey[119]                                                              ;
; IGNORE_LCELL_BUFFERS         ; off   ; -    ; state_after_roundkey[118]                                                              ;
; REMOVE_REDUNDANT_LOGIC_CELLS ; off   ; -    ; state_after_roundkey[118]                                                              ;
; IGNORE_LCELL_BUFFERS         ; off   ; -    ; state_after_roundkey[117]                                                              ;
; REMOVE_REDUNDANT_LOGIC_CELLS ; off   ; -    ; state_after_roundkey[117]                                                              ;
; IGNORE_LCELL_BUFFERS         ; off   ; -    ; state_after_roundkey[116]                                                              ;
; REMOVE_REDUNDANT_LOGIC_CELLS ; off   ; -    ; state_after_roundkey[116]                                                              ;
; IGNORE_LCELL_BUFFERS         ; off   ; -    ; state_after_roundkey[115]                                                              ;
; REMOVE_REDUNDANT_LOGIC_CELLS ; off   ; -    ; state_after_roundkey[115]                                                              ;
; IGNORE_LCELL_BUFFERS         ; off   ; -    ; state_after_roundkey[114]                                                              ;
; REMOVE_REDUNDANT_LOGIC_CELLS ; off   ; -    ; state_after_roundkey[114]                                                              ;
; IGNORE_LCELL_BUFFERS         ; off   ; -    ; state_after_roundkey[113]                                                              ;
; REMOVE_REDUNDANT_LOGIC_CELLS ; off   ; -    ; state_after_roundkey[113]                                                              ;
; IGNORE_LCELL_BUFFERS         ; off   ; -    ; state_after_roundkey[112]                                                              ;
; REMOVE_REDUNDANT_LOGIC_CELLS ; off   ; -    ; state_after_roundkey[112]                                                              ;
; IGNORE_LCELL_BUFFERS         ; off   ; -    ; state_after_roundkey[111]                                                              ;
; REMOVE_REDUNDANT_LOGIC_CELLS ; off   ; -    ; state_after_roundkey[111]                                                              ;
; IGNORE_LCELL_BUFFERS         ; off   ; -    ; state_after_roundkey[110]                                                              ;
; REMOVE_REDUNDANT_LOGIC_CELLS ; off   ; -    ; state_after_roundkey[110]                                                              ;
; IGNORE_LCELL_BUFFERS         ; off   ; -    ; state_after_roundkey[109]                                                              ;
; REMOVE_REDUNDANT_LOGIC_CELLS ; off   ; -    ; state_after_roundkey[109]                                                              ;
; IGNORE_LCELL_BUFFERS         ; off   ; -    ; state_after_roundkey[108]                                                              ;
; REMOVE_REDUNDANT_LOGIC_CELLS ; off   ; -    ; state_after_roundkey[108]                                                              ;
; IGNORE_LCELL_BUFFERS         ; off   ; -    ; state_after_roundkey[107]                                                              ;
; REMOVE_REDUNDANT_LOGIC_CELLS ; off   ; -    ; state_after_roundkey[107]                                                              ;
; IGNORE_LCELL_BUFFERS         ; off   ; -    ; state_after_roundkey[106]                                                              ;
; REMOVE_REDUNDANT_LOGIC_CELLS ; off   ; -    ; state_after_roundkey[106]                                                              ;
; IGNORE_LCELL_BUFFERS         ; off   ; -    ; state_after_roundkey[105]                                                              ;
; REMOVE_REDUNDANT_LOGIC_CELLS ; off   ; -    ; state_after_roundkey[105]                                                              ;
; IGNORE_LCELL_BUFFERS         ; off   ; -    ; state_after_roundkey[104]                                                              ;
; REMOVE_REDUNDANT_LOGIC_CELLS ; off   ; -    ; state_after_roundkey[104]                                                              ;
; IGNORE_LCELL_BUFFERS         ; off   ; -    ; state_after_roundkey[103]                                                              ;
; REMOVE_REDUNDANT_LOGIC_CELLS ; off   ; -    ; state_after_roundkey[103]                                                              ;
; IGNORE_LCELL_BUFFERS         ; off   ; -    ; state_after_roundkey[102]                                                              ;
; REMOVE_REDUNDANT_LOGIC_CELLS ; off   ; -    ; state_after_roundkey[102]                                                              ;
; IGNORE_LCELL_BUFFERS         ; off   ; -    ; state_after_roundkey[101]                                                              ;
; REMOVE_REDUNDANT_LOGIC_CELLS ; off   ; -    ; state_after_roundkey[101]                                                              ;
; IGNORE_LCELL_BUFFERS         ; off   ; -    ; state_after_roundkey[100]                                                              ;
; REMOVE_REDUNDANT_LOGIC_CELLS ; off   ; -    ; state_after_roundkey[100]                                                              ;
; IGNORE_LCELL_BUFFERS         ; off   ; -    ; state_after_roundkey[99]                                                               ;
; REMOVE_REDUNDANT_LOGIC_CELLS ; off   ; -    ; state_after_roundkey[99]                                                               ;
; IGNORE_LCELL_BUFFERS         ; off   ; -    ; state_after_roundkey[98]                                                               ;
; REMOVE_REDUNDANT_LOGIC_CELLS ; off   ; -    ; state_after_roundkey[98]                                                               ;
; IGNORE_LCELL_BUFFERS         ; off   ; -    ; state_after_roundkey[97]                                                               ;
; REMOVE_REDUNDANT_LOGIC_CELLS ; off   ; -    ; state_after_roundkey[97]                                                               ;
; IGNORE_LCELL_BUFFERS         ; off   ; -    ; state_after_roundkey[96]                                                               ;
; REMOVE_REDUNDANT_LOGIC_CELLS ; off   ; -    ; state_after_roundkey[96]                                                               ;
; IGNORE_LCELL_BUFFERS         ; off   ; -    ; state_after_roundkey[95]                                                               ;
; REMOVE_REDUNDANT_LOGIC_CELLS ; off   ; -    ; state_after_roundkey[95]                                                               ;
; IGNORE_LCELL_BUFFERS         ; off   ; -    ; state_after_roundkey[94]                                                               ;
; REMOVE_REDUNDANT_LOGIC_CELLS ; off   ; -    ; state_after_roundkey[94]                                                               ;
; IGNORE_LCELL_BUFFERS         ; off   ; -    ; state_after_roundkey[93]                                                               ;
; REMOVE_REDUNDANT_LOGIC_CELLS ; off   ; -    ; state_after_roundkey[93]                                                               ;
; IGNORE_LCELL_BUFFERS         ; off   ; -    ; state_after_roundkey[92]                                                               ;
; REMOVE_REDUNDANT_LOGIC_CELLS ; off   ; -    ; state_after_roundkey[92]                                                               ;
; IGNORE_LCELL_BUFFERS         ; off   ; -    ; state_after_roundkey[91]                                                               ;
; REMOVE_REDUNDANT_LOGIC_CELLS ; off   ; -    ; state_after_roundkey[91]                                                               ;
; IGNORE_LCELL_BUFFERS         ; off   ; -    ; state_after_roundkey[90]                                                               ;
; REMOVE_REDUNDANT_LOGIC_CELLS ; off   ; -    ; state_after_roundkey[90]                                                               ;
; IGNORE_LCELL_BUFFERS         ; off   ; -    ; state_after_roundkey[89]                                                               ;
; REMOVE_REDUNDANT_LOGIC_CELLS ; off   ; -    ; state_after_roundkey[89]                                                               ;
; IGNORE_LCELL_BUFFERS         ; off   ; -    ; state_after_roundkey[88]                                                               ;
; REMOVE_REDUNDANT_LOGIC_CELLS ; off   ; -    ; state_after_roundkey[88]                                                               ;
; IGNORE_LCELL_BUFFERS         ; off   ; -    ; state_after_roundkey[87]                                                               ;
; REMOVE_REDUNDANT_LOGIC_CELLS ; off   ; -    ; state_after_roundkey[87]                                                               ;
; IGNORE_LCELL_BUFFERS         ; off   ; -    ; state_after_roundkey[86]                                                               ;
; REMOVE_REDUNDANT_LOGIC_CELLS ; off   ; -    ; state_after_roundkey[86]                                                               ;
; IGNORE_LCELL_BUFFERS         ; off   ; -    ; state_after_roundkey[85]                                                               ;
; REMOVE_REDUNDANT_LOGIC_CELLS ; off   ; -    ; state_after_roundkey[85]                                                               ;
; IGNORE_LCELL_BUFFERS         ; off   ; -    ; state_after_roundkey[84]                                                               ;
; REMOVE_REDUNDANT_LOGIC_CELLS ; off   ; -    ; state_after_roundkey[84]                                                               ;
; IGNORE_LCELL_BUFFERS         ; off   ; -    ; state_after_roundkey[83]                                                               ;
; REMOVE_REDUNDANT_LOGIC_CELLS ; off   ; -    ; state_after_roundkey[83]                                                               ;
; IGNORE_LCELL_BUFFERS         ; off   ; -    ; state_after_roundkey[82]                                                               ;
; REMOVE_REDUNDANT_LOGIC_CELLS ; off   ; -    ; state_after_roundkey[82]                                                               ;
; IGNORE_LCELL_BUFFERS         ; off   ; -    ; state_after_roundkey[81]                                                               ;
; REMOVE_REDUNDANT_LOGIC_CELLS ; off   ; -    ; state_after_roundkey[81]                                                               ;
; IGNORE_LCELL_BUFFERS         ; off   ; -    ; state_after_roundkey[80]                                                               ;
; REMOVE_REDUNDANT_LOGIC_CELLS ; off   ; -    ; state_after_roundkey[80]                                                               ;
; IGNORE_LCELL_BUFFERS         ; off   ; -    ; state_after_roundkey[79]                                                               ;
; REMOVE_REDUNDANT_LOGIC_CELLS ; off   ; -    ; state_after_roundkey[79]                                                               ;
; IGNORE_LCELL_BUFFERS         ; off   ; -    ; state_after_roundkey[78]                                                               ;
; REMOVE_REDUNDANT_LOGIC_CELLS ; off   ; -    ; state_after_roundkey[78]                                                               ;
; IGNORE_LCELL_BUFFERS         ; off   ; -    ; state_after_roundkey[77]                                                               ;
; REMOVE_REDUNDANT_LOGIC_CELLS ; off   ; -    ; state_after_roundkey[77]                                                               ;
; IGNORE_LCELL_BUFFERS         ; off   ; -    ; state_after_roundkey[76]                                                               ;
; REMOVE_REDUNDANT_LOGIC_CELLS ; off   ; -    ; state_after_roundkey[76]                                                               ;
; IGNORE_LCELL_BUFFERS         ; off   ; -    ; state_after_roundkey[75]                                                               ;
; REMOVE_REDUNDANT_LOGIC_CELLS ; off   ; -    ; state_after_roundkey[75]                                                               ;
; IGNORE_LCELL_BUFFERS         ; off   ; -    ; state_after_roundkey[74]                                                               ;
; REMOVE_REDUNDANT_LOGIC_CELLS ; off   ; -    ; state_after_roundkey[74]                                                               ;
; IGNORE_LCELL_BUFFERS         ; off   ; -    ; state_after_roundkey[73]                                                               ;
; REMOVE_REDUNDANT_LOGIC_CELLS ; off   ; -    ; state_after_roundkey[73]                                                               ;
; IGNORE_LCELL_BUFFERS         ; off   ; -    ; state_after_roundkey[72]                                                               ;
; REMOVE_REDUNDANT_LOGIC_CELLS ; off   ; -    ; state_after_roundkey[72]                                                               ;
; IGNORE_LCELL_BUFFERS         ; off   ; -    ; state_after_roundkey[71]                                                               ;
; REMOVE_REDUNDANT_LOGIC_CELLS ; off   ; -    ; state_after_roundkey[71]                                                               ;
; IGNORE_LCELL_BUFFERS         ; off   ; -    ; state_after_roundkey[70]                                                               ;
; REMOVE_REDUNDANT_LOGIC_CELLS ; off   ; -    ; state_after_roundkey[70]                                                               ;
; IGNORE_LCELL_BUFFERS         ; off   ; -    ; state_after_roundkey[69]                                                               ;
; REMOVE_REDUNDANT_LOGIC_CELLS ; off   ; -    ; state_after_roundkey[69]                                                               ;
; IGNORE_LCELL_BUFFERS         ; off   ; -    ; state_after_roundkey[68]                                                               ;
; REMOVE_REDUNDANT_LOGIC_CELLS ; off   ; -    ; state_after_roundkey[68]                                                               ;
; IGNORE_LCELL_BUFFERS         ; off   ; -    ; state_after_roundkey[67]                                                               ;
; REMOVE_REDUNDANT_LOGIC_CELLS ; off   ; -    ; state_after_roundkey[67]                                                               ;
; IGNORE_LCELL_BUFFERS         ; off   ; -    ; state_after_roundkey[66]                                                               ;
; REMOVE_REDUNDANT_LOGIC_CELLS ; off   ; -    ; state_after_roundkey[66]                                                               ;
; IGNORE_LCELL_BUFFERS         ; off   ; -    ; state_after_roundkey[65]                                                               ;
; REMOVE_REDUNDANT_LOGIC_CELLS ; off   ; -    ; state_after_roundkey[65]                                                               ;
; IGNORE_LCELL_BUFFERS         ; off   ; -    ; state_after_roundkey[64]                                                               ;
; REMOVE_REDUNDANT_LOGIC_CELLS ; off   ; -    ; state_after_roundkey[64]                                                               ;
; IGNORE_LCELL_BUFFERS         ; off   ; -    ; state_after_roundkey[63]                                                               ;
; REMOVE_REDUNDANT_LOGIC_CELLS ; off   ; -    ; state_after_roundkey[63]                                                               ;
; IGNORE_LCELL_BUFFERS         ; off   ; -    ; state_after_roundkey[62]                                                               ;
; REMOVE_REDUNDANT_LOGIC_CELLS ; off   ; -    ; state_after_roundkey[62]                                                               ;
; IGNORE_LCELL_BUFFERS         ; off   ; -    ; state_after_roundkey[61]                                                               ;
; REMOVE_REDUNDANT_LOGIC_CELLS ; off   ; -    ; state_after_roundkey[61]                                                               ;
; IGNORE_LCELL_BUFFERS         ; off   ; -    ; state_after_roundkey[60]                                                               ;
; REMOVE_REDUNDANT_LOGIC_CELLS ; off   ; -    ; state_after_roundkey[60]                                                               ;
; IGNORE_LCELL_BUFFERS         ; off   ; -    ; state_after_roundkey[59]                                                               ;
; REMOVE_REDUNDANT_LOGIC_CELLS ; off   ; -    ; state_after_roundkey[59]                                                               ;
; IGNORE_LCELL_BUFFERS         ; off   ; -    ; state_after_roundkey[58]                                                               ;
; REMOVE_REDUNDANT_LOGIC_CELLS ; off   ; -    ; state_after_roundkey[58]                                                               ;
; IGNORE_LCELL_BUFFERS         ; off   ; -    ; state_after_roundkey[57]                                                               ;
; REMOVE_REDUNDANT_LOGIC_CELLS ; off   ; -    ; state_after_roundkey[57]                                                               ;
; IGNORE_LCELL_BUFFERS         ; off   ; -    ; state_after_roundkey[56]                                                               ;
; REMOVE_REDUNDANT_LOGIC_CELLS ; off   ; -    ; state_after_roundkey[56]                                                               ;
; IGNORE_LCELL_BUFFERS         ; off   ; -    ; state_after_roundkey[55]                                                               ;
; REMOVE_REDUNDANT_LOGIC_CELLS ; off   ; -    ; state_after_roundkey[55]                                                               ;
; IGNORE_LCELL_BUFFERS         ; off   ; -    ; state_after_roundkey[54]                                                               ;
; REMOVE_REDUNDANT_LOGIC_CELLS ; off   ; -    ; state_after_roundkey[54]                                                               ;
; IGNORE_LCELL_BUFFERS         ; off   ; -    ; state_after_roundkey[53]                                                               ;
; REMOVE_REDUNDANT_LOGIC_CELLS ; off   ; -    ; state_after_roundkey[53]                                                               ;
; IGNORE_LCELL_BUFFERS         ; off   ; -    ; state_after_roundkey[52]                                                               ;
; REMOVE_REDUNDANT_LOGIC_CELLS ; off   ; -    ; state_after_roundkey[52]                                                               ;
; IGNORE_LCELL_BUFFERS         ; off   ; -    ; state_after_roundkey[51]                                                               ;
; REMOVE_REDUNDANT_LOGIC_CELLS ; off   ; -    ; state_after_roundkey[51]                                                               ;
; IGNORE_LCELL_BUFFERS         ; off   ; -    ; state_after_roundkey[50]                                                               ;
; REMOVE_REDUNDANT_LOGIC_CELLS ; off   ; -    ; state_after_roundkey[50]                                                               ;
; IGNORE_LCELL_BUFFERS         ; off   ; -    ; state_after_roundkey[49]                                                               ;
; REMOVE_REDUNDANT_LOGIC_CELLS ; off   ; -    ; state_after_roundkey[49]                                                               ;
; IGNORE_LCELL_BUFFERS         ; off   ; -    ; state_after_roundkey[48]                                                               ;
; REMOVE_REDUNDANT_LOGIC_CELLS ; off   ; -    ; state_after_roundkey[48]                                                               ;
; IGNORE_LCELL_BUFFERS         ; off   ; -    ; state_after_roundkey[47]                                                               ;
; REMOVE_REDUNDANT_LOGIC_CELLS ; off   ; -    ; state_after_roundkey[47]                                                               ;
; IGNORE_LCELL_BUFFERS         ; off   ; -    ; state_after_roundkey[46]                                                               ;
; REMOVE_REDUNDANT_LOGIC_CELLS ; off   ; -    ; state_after_roundkey[46]                                                               ;
; IGNORE_LCELL_BUFFERS         ; off   ; -    ; state_after_roundkey[45]                                                               ;
; REMOVE_REDUNDANT_LOGIC_CELLS ; off   ; -    ; state_after_roundkey[45]                                                               ;
; IGNORE_LCELL_BUFFERS         ; off   ; -    ; state_after_roundkey[44]                                                               ;
; REMOVE_REDUNDANT_LOGIC_CELLS ; off   ; -    ; state_after_roundkey[44]                                                               ;
; IGNORE_LCELL_BUFFERS         ; off   ; -    ; state_after_roundkey[43]                                                               ;
; REMOVE_REDUNDANT_LOGIC_CELLS ; off   ; -    ; state_after_roundkey[43]                                                               ;
; IGNORE_LCELL_BUFFERS         ; off   ; -    ; state_after_roundkey[42]                                                               ;
; REMOVE_REDUNDANT_LOGIC_CELLS ; off   ; -    ; state_after_roundkey[42]                                                               ;
; IGNORE_LCELL_BUFFERS         ; off   ; -    ; state_after_roundkey[41]                                                               ;
; REMOVE_REDUNDANT_LOGIC_CELLS ; off   ; -    ; state_after_roundkey[41]                                                               ;
; IGNORE_LCELL_BUFFERS         ; off   ; -    ; state_after_roundkey[40]                                                               ;
; REMOVE_REDUNDANT_LOGIC_CELLS ; off   ; -    ; state_after_roundkey[40]                                                               ;
; IGNORE_LCELL_BUFFERS         ; off   ; -    ; state_after_roundkey[39]                                                               ;
; REMOVE_REDUNDANT_LOGIC_CELLS ; off   ; -    ; state_after_roundkey[39]                                                               ;
; IGNORE_LCELL_BUFFERS         ; off   ; -    ; state_after_roundkey[38]                                                               ;
; REMOVE_REDUNDANT_LOGIC_CELLS ; off   ; -    ; state_after_roundkey[38]                                                               ;
; IGNORE_LCELL_BUFFERS         ; off   ; -    ; state_after_roundkey[37]                                                               ;
; REMOVE_REDUNDANT_LOGIC_CELLS ; off   ; -    ; state_after_roundkey[37]                                                               ;
; IGNORE_LCELL_BUFFERS         ; off   ; -    ; state_after_roundkey[36]                                                               ;
; REMOVE_REDUNDANT_LOGIC_CELLS ; off   ; -    ; state_after_roundkey[36]                                                               ;
; IGNORE_LCELL_BUFFERS         ; off   ; -    ; state_after_roundkey[35]                                                               ;
; REMOVE_REDUNDANT_LOGIC_CELLS ; off   ; -    ; state_after_roundkey[35]                                                               ;
; IGNORE_LCELL_BUFFERS         ; off   ; -    ; state_after_roundkey[34]                                                               ;
; REMOVE_REDUNDANT_LOGIC_CELLS ; off   ; -    ; state_after_roundkey[34]                                                               ;
; IGNORE_LCELL_BUFFERS         ; off   ; -    ; state_after_roundkey[33]                                                               ;
; REMOVE_REDUNDANT_LOGIC_CELLS ; off   ; -    ; state_after_roundkey[33]                                                               ;
; IGNORE_LCELL_BUFFERS         ; off   ; -    ; state_after_roundkey[32]                                                               ;
; REMOVE_REDUNDANT_LOGIC_CELLS ; off   ; -    ; state_after_roundkey[32]                                                               ;
; IGNORE_LCELL_BUFFERS         ; off   ; -    ; state_after_roundkey[31]                                                               ;
; REMOVE_REDUNDANT_LOGIC_CELLS ; off   ; -    ; state_after_roundkey[31]                                                               ;
; IGNORE_LCELL_BUFFERS         ; off   ; -    ; state_after_roundkey[30]                                                               ;
; REMOVE_REDUNDANT_LOGIC_CELLS ; off   ; -    ; state_after_roundkey[30]                                                               ;
; IGNORE_LCELL_BUFFERS         ; off   ; -    ; state_after_roundkey[29]                                                               ;
; REMOVE_REDUNDANT_LOGIC_CELLS ; off   ; -    ; state_after_roundkey[29]                                                               ;
; IGNORE_LCELL_BUFFERS         ; off   ; -    ; state_after_roundkey[28]                                                               ;
; REMOVE_REDUNDANT_LOGIC_CELLS ; off   ; -    ; state_after_roundkey[28]                                                               ;
; IGNORE_LCELL_BUFFERS         ; off   ; -    ; state_after_roundkey[27]                                                               ;
; REMOVE_REDUNDANT_LOGIC_CELLS ; off   ; -    ; state_after_roundkey[27]                                                               ;
; IGNORE_LCELL_BUFFERS         ; off   ; -    ; state_after_roundkey[26]                                                               ;
; REMOVE_REDUNDANT_LOGIC_CELLS ; off   ; -    ; state_after_roundkey[26]                                                               ;
; IGNORE_LCELL_BUFFERS         ; off   ; -    ; state_after_roundkey[25]                                                               ;
; REMOVE_REDUNDANT_LOGIC_CELLS ; off   ; -    ; state_after_roundkey[25]                                                               ;
; IGNORE_LCELL_BUFFERS         ; off   ; -    ; state_after_roundkey[24]                                                               ;
; REMOVE_REDUNDANT_LOGIC_CELLS ; off   ; -    ; state_after_roundkey[24]                                                               ;
; IGNORE_LCELL_BUFFERS         ; off   ; -    ; state_after_roundkey[23]                                                               ;
; REMOVE_REDUNDANT_LOGIC_CELLS ; off   ; -    ; state_after_roundkey[23]                                                               ;
; IGNORE_LCELL_BUFFERS         ; off   ; -    ; state_after_roundkey[22]                                                               ;
; REMOVE_REDUNDANT_LOGIC_CELLS ; off   ; -    ; state_after_roundkey[22]                                                               ;
; IGNORE_LCELL_BUFFERS         ; off   ; -    ; state_after_roundkey[21]                                                               ;
; REMOVE_REDUNDANT_LOGIC_CELLS ; off   ; -    ; state_after_roundkey[21]                                                               ;
; IGNORE_LCELL_BUFFERS         ; off   ; -    ; state_after_roundkey[20]                                                               ;
; REMOVE_REDUNDANT_LOGIC_CELLS ; off   ; -    ; state_after_roundkey[20]                                                               ;
; IGNORE_LCELL_BUFFERS         ; off   ; -    ; state_after_roundkey[19]                                                               ;
; REMOVE_REDUNDANT_LOGIC_CELLS ; off   ; -    ; state_after_roundkey[19]                                                               ;
; IGNORE_LCELL_BUFFERS         ; off   ; -    ; state_after_roundkey[18]                                                               ;
; REMOVE_REDUNDANT_LOGIC_CELLS ; off   ; -    ; state_after_roundkey[18]                                                               ;
; IGNORE_LCELL_BUFFERS         ; off   ; -    ; state_after_roundkey[17]                                                               ;
; REMOVE_REDUNDANT_LOGIC_CELLS ; off   ; -    ; state_after_roundkey[17]                                                               ;
; IGNORE_LCELL_BUFFERS         ; off   ; -    ; state_after_roundkey[16]                                                               ;
; REMOVE_REDUNDANT_LOGIC_CELLS ; off   ; -    ; state_after_roundkey[16]                                                               ;
; IGNORE_LCELL_BUFFERS         ; off   ; -    ; state_after_roundkey[15]                                                               ;
; REMOVE_REDUNDANT_LOGIC_CELLS ; off   ; -    ; state_after_roundkey[15]                                                               ;
; IGNORE_LCELL_BUFFERS         ; off   ; -    ; state_after_roundkey[14]                                                               ;
; REMOVE_REDUNDANT_LOGIC_CELLS ; off   ; -    ; state_after_roundkey[14]                                                               ;
; IGNORE_LCELL_BUFFERS         ; off   ; -    ; state_after_roundkey[13]                                                               ;
; REMOVE_REDUNDANT_LOGIC_CELLS ; off   ; -    ; state_after_roundkey[13]                                                               ;
; IGNORE_LCELL_BUFFERS         ; off   ; -    ; state_after_roundkey[12]                                                               ;
; REMOVE_REDUNDANT_LOGIC_CELLS ; off   ; -    ; state_after_roundkey[12]                                                               ;
; IGNORE_LCELL_BUFFERS         ; off   ; -    ; state_after_roundkey[11]                                                               ;
; REMOVE_REDUNDANT_LOGIC_CELLS ; off   ; -    ; state_after_roundkey[11]                                                               ;
; IGNORE_LCELL_BUFFERS         ; off   ; -    ; state_after_roundkey[10]                                                               ;
; REMOVE_REDUNDANT_LOGIC_CELLS ; off   ; -    ; state_after_roundkey[10]                                                               ;
; IGNORE_LCELL_BUFFERS         ; off   ; -    ; state_after_roundkey[9]                                                                ;
; REMOVE_REDUNDANT_LOGIC_CELLS ; off   ; -    ; state_after_roundkey[9]                                                                ;
; IGNORE_LCELL_BUFFERS         ; off   ; -    ; state_after_roundkey[8]                                                                ;
; REMOVE_REDUNDANT_LOGIC_CELLS ; off   ; -    ; state_after_roundkey[8]                                                                ;
; IGNORE_LCELL_BUFFERS         ; off   ; -    ; state_after_roundkey[7]                                                                ;
; REMOVE_REDUNDANT_LOGIC_CELLS ; off   ; -    ; state_after_roundkey[7]                                                                ;
; IGNORE_LCELL_BUFFERS         ; off   ; -    ; state_after_roundkey[6]                                                                ;
; REMOVE_REDUNDANT_LOGIC_CELLS ; off   ; -    ; state_after_roundkey[6]                                                                ;
; IGNORE_LCELL_BUFFERS         ; off   ; -    ; state_after_roundkey[5]                                                                ;
; REMOVE_REDUNDANT_LOGIC_CELLS ; off   ; -    ; state_after_roundkey[5]                                                                ;
; IGNORE_LCELL_BUFFERS         ; off   ; -    ; state_after_roundkey[4]                                                                ;
; REMOVE_REDUNDANT_LOGIC_CELLS ; off   ; -    ; state_after_roundkey[4]                                                                ;
; IGNORE_LCELL_BUFFERS         ; off   ; -    ; state_after_roundkey[3]                                                                ;
; REMOVE_REDUNDANT_LOGIC_CELLS ; off   ; -    ; state_after_roundkey[3]                                                                ;
; IGNORE_LCELL_BUFFERS         ; off   ; -    ; state_after_roundkey[2]                                                                ;
; REMOVE_REDUNDANT_LOGIC_CELLS ; off   ; -    ; state_after_roundkey[2]                                                                ;
; IGNORE_LCELL_BUFFERS         ; off   ; -    ; state_after_roundkey[1]                                                                ;
; REMOVE_REDUNDANT_LOGIC_CELLS ; off   ; -    ; state_after_roundkey[1]                                                                ;
; IGNORE_LCELL_BUFFERS         ; off   ; -    ; state_after_roundkey[0]                                                                ;
; REMOVE_REDUNDANT_LOGIC_CELLS ; off   ; -    ; state_after_roundkey[0]                                                                ;
; IGNORE_LCELL_BUFFERS         ; off   ; -    ; final_round                                                                            ;
; REMOVE_REDUNDANT_LOGIC_CELLS ; off   ; -    ; final_round                                                                            ;
+------------------------------+-------+------+----------------------------------------------------------------------------------------+


+----------------------------------------------------------------------------------------------------------------------------------------------------------+
; Source assignments for mem_stage:u_mem_stage|aes_mmio:u_aes_mmio|aes128_lowpower:u_aes128_lowpower|AES128_updated_new:u_reusable_aes|AES_SBOX_SEQ:u_sbox ;
+------------------------------+-------+------+------------------------------------------------------------------------------------------------------------+
; Assignment                   ; Value ; From ; To                                                                                                         ;
+------------------------------+-------+------+------------------------------------------------------------------------------------------------------------+
; PRESERVE_REGISTER            ; on    ; -    ; idx[3]                                                                                                     ;
; PRESERVE_REGISTER            ; on    ; -    ; idx[2]                                                                                                     ;
; PRESERVE_REGISTER            ; on    ; -    ; idx[1]                                                                                                     ;
; PRESERVE_REGISTER            ; on    ; -    ; idx[0]                                                                                                     ;
; PRESERVE_REGISTER            ; on    ; -    ; running                                                                                                    ;
; IGNORE_LCELL_BUFFERS         ; off   ; -    ; s_in[7]                                                                                                    ;
; REMOVE_REDUNDANT_LOGIC_CELLS ; off   ; -    ; s_in[7]                                                                                                    ;
; IGNORE_LCELL_BUFFERS         ; off   ; -    ; s_in[6]                                                                                                    ;
; REMOVE_REDUNDANT_LOGIC_CELLS ; off   ; -    ; s_in[6]                                                                                                    ;
; IGNORE_LCELL_BUFFERS         ; off   ; -    ; s_in[5]                                                                                                    ;
; REMOVE_REDUNDANT_LOGIC_CELLS ; off   ; -    ; s_in[5]                                                                                                    ;
; IGNORE_LCELL_BUFFERS         ; off   ; -    ; s_in[4]                                                                                                    ;
; REMOVE_REDUNDANT_LOGIC_CELLS ; off   ; -    ; s_in[4]                                                                                                    ;
; IGNORE_LCELL_BUFFERS         ; off   ; -    ; s_in[3]                                                                                                    ;
; REMOVE_REDUNDANT_LOGIC_CELLS ; off   ; -    ; s_in[3]                                                                                                    ;
; IGNORE_LCELL_BUFFERS         ; off   ; -    ; s_in[2]                                                                                                    ;
; REMOVE_REDUNDANT_LOGIC_CELLS ; off   ; -    ; s_in[2]                                                                                                    ;
; IGNORE_LCELL_BUFFERS         ; off   ; -    ; s_in[1]                                                                                                    ;
; REMOVE_REDUNDANT_LOGIC_CELLS ; off   ; -    ; s_in[1]                                                                                                    ;
; IGNORE_LCELL_BUFFERS         ; off   ; -    ; s_in[0]                                                                                                    ;
; REMOVE_REDUNDANT_LOGIC_CELLS ; off   ; -    ; s_in[0]                                                                                                    ;
+------------------------------+-------+------+------------------------------------------------------------------------------------------------------------+


+-----------------------------------------------------------------------------------------------------------------------------------------------------------+
; Source assignments for mem_stage:u_mem_stage|aes_mmio:u_aes_mmio|aes128_lowpower:u_aes128_lowpower|AES128_updated_new:u_reusable_aes|AES_MIXCOL_SEQ:u_mix ;
+------------------------------+-------+------+-------------------------------------------------------------------------------------------------------------+
; Assignment                   ; Value ; From ; To                                                                                                          ;
+------------------------------+-------+------+-------------------------------------------------------------------------------------------------------------+
; PRESERVE_REGISTER            ; on    ; -    ; running                                                                                                     ;
; PRESERVE_REGISTER            ; on    ; -    ; col[1]                                                                                                      ;
; PRESERVE_REGISTER            ; on    ; -    ; col[0]                                                                                                      ;
; IGNORE_LCELL_BUFFERS         ; off   ; -    ; mc[31]                                                                                                      ;
; REMOVE_REDUNDANT_LOGIC_CELLS ; off   ; -    ; mc[31]                                                                                                      ;
; IGNORE_LCELL_BUFFERS         ; off   ; -    ; mc[30]                                                                                                      ;
; REMOVE_REDUNDANT_LOGIC_CELLS ; off   ; -    ; mc[30]                                                                                                      ;
; IGNORE_LCELL_BUFFERS         ; off   ; -    ; mc[29]                                                                                                      ;
; REMOVE_REDUNDANT_LOGIC_CELLS ; off   ; -    ; mc[29]                                                                                                      ;
; IGNORE_LCELL_BUFFERS         ; off   ; -    ; mc[28]                                                                                                      ;
; REMOVE_REDUNDANT_LOGIC_CELLS ; off   ; -    ; mc[28]                                                                                                      ;
; IGNORE_LCELL_BUFFERS         ; off   ; -    ; mc[27]                                                                                                      ;
; REMOVE_REDUNDANT_LOGIC_CELLS ; off   ; -    ; mc[27]                                                                                                      ;
; IGNORE_LCELL_BUFFERS         ; off   ; -    ; mc[26]                                                                                                      ;
; REMOVE_REDUNDANT_LOGIC_CELLS ; off   ; -    ; mc[26]                                                                                                      ;
; IGNORE_LCELL_BUFFERS         ; off   ; -    ; mc[25]                                                                                                      ;
; REMOVE_REDUNDANT_LOGIC_CELLS ; off   ; -    ; mc[25]                                                                                                      ;
; IGNORE_LCELL_BUFFERS         ; off   ; -    ; mc[24]                                                                                                      ;
; REMOVE_REDUNDANT_LOGIC_CELLS ; off   ; -    ; mc[24]                                                                                                      ;
; IGNORE_LCELL_BUFFERS         ; off   ; -    ; mc[23]                                                                                                      ;
; REMOVE_REDUNDANT_LOGIC_CELLS ; off   ; -    ; mc[23]                                                                                                      ;
; IGNORE_LCELL_BUFFERS         ; off   ; -    ; mc[22]                                                                                                      ;
; REMOVE_REDUNDANT_LOGIC_CELLS ; off   ; -    ; mc[22]                                                                                                      ;
; IGNORE_LCELL_BUFFERS         ; off   ; -    ; mc[21]                                                                                                      ;
; REMOVE_REDUNDANT_LOGIC_CELLS ; off   ; -    ; mc[21]                                                                                                      ;
; IGNORE_LCELL_BUFFERS         ; off   ; -    ; mc[20]                                                                                                      ;
; REMOVE_REDUNDANT_LOGIC_CELLS ; off   ; -    ; mc[20]                                                                                                      ;
; IGNORE_LCELL_BUFFERS         ; off   ; -    ; mc[19]                                                                                                      ;
; REMOVE_REDUNDANT_LOGIC_CELLS ; off   ; -    ; mc[19]                                                                                                      ;
; IGNORE_LCELL_BUFFERS         ; off   ; -    ; mc[18]                                                                                                      ;
; REMOVE_REDUNDANT_LOGIC_CELLS ; off   ; -    ; mc[18]                                                                                                      ;
; IGNORE_LCELL_BUFFERS         ; off   ; -    ; mc[17]                                                                                                      ;
; REMOVE_REDUNDANT_LOGIC_CELLS ; off   ; -    ; mc[17]                                                                                                      ;
; IGNORE_LCELL_BUFFERS         ; off   ; -    ; mc[16]                                                                                                      ;
; REMOVE_REDUNDANT_LOGIC_CELLS ; off   ; -    ; mc[16]                                                                                                      ;
; IGNORE_LCELL_BUFFERS         ; off   ; -    ; mc[15]                                                                                                      ;
; REMOVE_REDUNDANT_LOGIC_CELLS ; off   ; -    ; mc[15]                                                                                                      ;
; IGNORE_LCELL_BUFFERS         ; off   ; -    ; mc[14]                                                                                                      ;
; REMOVE_REDUNDANT_LOGIC_CELLS ; off   ; -    ; mc[14]                                                                                                      ;
; IGNORE_LCELL_BUFFERS         ; off   ; -    ; mc[13]                                                                                                      ;
; REMOVE_REDUNDANT_LOGIC_CELLS ; off   ; -    ; mc[13]                                                                                                      ;
; IGNORE_LCELL_BUFFERS         ; off   ; -    ; mc[12]                                                                                                      ;
; REMOVE_REDUNDANT_LOGIC_CELLS ; off   ; -    ; mc[12]                                                                                                      ;
; IGNORE_LCELL_BUFFERS         ; off   ; -    ; mc[11]                                                                                                      ;
; REMOVE_REDUNDANT_LOGIC_CELLS ; off   ; -    ; mc[11]                                                                                                      ;
; IGNORE_LCELL_BUFFERS         ; off   ; -    ; mc[10]                                                                                                      ;
; REMOVE_REDUNDANT_LOGIC_CELLS ; off   ; -    ; mc[10]                                                                                                      ;
; IGNORE_LCELL_BUFFERS         ; off   ; -    ; mc[9]                                                                                                       ;
; REMOVE_REDUNDANT_LOGIC_CELLS ; off   ; -    ; mc[9]                                                                                                       ;
; IGNORE_LCELL_BUFFERS         ; off   ; -    ; mc[8]                                                                                                       ;
; REMOVE_REDUNDANT_LOGIC_CELLS ; off   ; -    ; mc[8]                                                                                                       ;
; IGNORE_LCELL_BUFFERS         ; off   ; -    ; mc[7]                                                                                                       ;
; REMOVE_REDUNDANT_LOGIC_CELLS ; off   ; -    ; mc[7]                                                                                                       ;
; IGNORE_LCELL_BUFFERS         ; off   ; -    ; mc[6]                                                                                                       ;
; REMOVE_REDUNDANT_LOGIC_CELLS ; off   ; -    ; mc[6]                                                                                                       ;
; IGNORE_LCELL_BUFFERS         ; off   ; -    ; mc[5]                                                                                                       ;
; REMOVE_REDUNDANT_LOGIC_CELLS ; off   ; -    ; mc[5]                                                                                                       ;
; IGNORE_LCELL_BUFFERS         ; off   ; -    ; mc[4]                                                                                                       ;
; REMOVE_REDUNDANT_LOGIC_CELLS ; off   ; -    ; mc[4]                                                                                                       ;
; IGNORE_LCELL_BUFFERS         ; off   ; -    ; mc[3]                                                                                                       ;
; REMOVE_REDUNDANT_LOGIC_CELLS ; off   ; -    ; mc[3]                                                                                                       ;
; IGNORE_LCELL_BUFFERS         ; off   ; -    ; mc[2]                                                                                                       ;
; REMOVE_REDUNDANT_LOGIC_CELLS ; off   ; -    ; mc[2]                                                                                                       ;
; IGNORE_LCELL_BUFFERS         ; off   ; -    ; mc[1]                                                                                                       ;
; REMOVE_REDUNDANT_LOGIC_CELLS ; off   ; -    ; mc[1]                                                                                                       ;
; IGNORE_LCELL_BUFFERS         ; off   ; -    ; mc[0]                                                                                                       ;
; REMOVE_REDUNDANT_LOGIC_CELLS ; off   ; -    ; mc[0]                                                                                                       ;
+------------------------------+-------+------+-------------------------------------------------------------------------------------------------------------+


+-----------------------------------------------------------------------------------------------------------------------------------------------------------+
; Source assignments for mem_stage:u_mem_stage|aes_mmio:u_aes_mmio|aes128_lowpower:u_aes128_lowpower|AES128_updated_new:u_reusable_aes|AES_KEYEXP_SEQ:u_key ;
+-------------------+-------+------+------------------------------------------------------------------------------------------------------------------------+
; Assignment        ; Value ; From ; To                                                                                                                     ;
+-------------------+-------+------+------------------------------------------------------------------------------------------------------------------------+
; PRESERVE_REGISTER ; on    ; -    ; running                                                                                                                ;
+-------------------+-------+------+------------------------------------------------------------------------------------------------------------------------+


+------------------------------------------------------------------------------------------------------------------------------------------------+
; Source assignments for mem_stage:u_mem_stage|canfd_secoc_mmio:u_canfd_secoc_mmio|aes128_lowpower:u_secoc_aes|AES128_updated_new:u_reusable_aes ;
+------------------------------+-------+------+--------------------------------------------------------------------------------------------------+
; Assignment                   ; Value ; From ; To                                                                                               ;
+------------------------------+-------+------+--------------------------------------------------------------------------------------------------+
; PRESERVE_REGISTER            ; on    ; -    ; state[3]                                                                                         ;
; PRESERVE_REGISTER            ; on    ; -    ; state[2]                                                                                         ;
; PRESERVE_REGISTER            ; on    ; -    ; state[1]                                                                                         ;
; PRESERVE_REGISTER            ; on    ; -    ; state[0]                                                                                         ;
; PRESERVE_REGISTER            ; on    ; -    ; round[3]                                                                                         ;
; PRESERVE_REGISTER            ; on    ; -    ; round[2]                                                                                         ;
; PRESERVE_REGISTER            ; on    ; -    ; round[1]                                                                                         ;
; PRESERVE_REGISTER            ; on    ; -    ; round[0]                                                                                         ;
; PRESERVE_REGISTER            ; on    ; -    ; state_reg[127]                                                                                   ;
; PRESERVE_REGISTER            ; on    ; -    ; state_reg[126]                                                                                   ;
; PRESERVE_REGISTER            ; on    ; -    ; state_reg[125]                                                                                   ;
; PRESERVE_REGISTER            ; on    ; -    ; state_reg[124]                                                                                   ;
; PRESERVE_REGISTER            ; on    ; -    ; state_reg[123]                                                                                   ;
; PRESERVE_REGISTER            ; on    ; -    ; state_reg[122]                                                                                   ;
; PRESERVE_REGISTER            ; on    ; -    ; state_reg[121]                                                                                   ;
; PRESERVE_REGISTER            ; on    ; -    ; state_reg[120]                                                                                   ;
; PRESERVE_REGISTER            ; on    ; -    ; state_reg[119]                                                                                   ;
; PRESERVE_REGISTER            ; on    ; -    ; state_reg[118]                                                                                   ;
; PRESERVE_REGISTER            ; on    ; -    ; state_reg[117]                                                                                   ;
; PRESERVE_REGISTER            ; on    ; -    ; state_reg[116]                                                                                   ;
; PRESERVE_REGISTER            ; on    ; -    ; state_reg[115]                                                                                   ;
; PRESERVE_REGISTER            ; on    ; -    ; state_reg[114]                                                                                   ;
; PRESERVE_REGISTER            ; on    ; -    ; state_reg[113]                                                                                   ;
; PRESERVE_REGISTER            ; on    ; -    ; state_reg[112]                                                                                   ;
; PRESERVE_REGISTER            ; on    ; -    ; state_reg[111]                                                                                   ;
; PRESERVE_REGISTER            ; on    ; -    ; state_reg[110]                                                                                   ;
; PRESERVE_REGISTER            ; on    ; -    ; state_reg[109]                                                                                   ;
; PRESERVE_REGISTER            ; on    ; -    ; state_reg[108]                                                                                   ;
; PRESERVE_REGISTER            ; on    ; -    ; state_reg[107]                                                                                   ;
; PRESERVE_REGISTER            ; on    ; -    ; state_reg[106]                                                                                   ;
; PRESERVE_REGISTER            ; on    ; -    ; state_reg[105]                                                                                   ;
; PRESERVE_REGISTER            ; on    ; -    ; state_reg[104]                                                                                   ;
; PRESERVE_REGISTER            ; on    ; -    ; state_reg[103]                                                                                   ;
; PRESERVE_REGISTER            ; on    ; -    ; state_reg[102]                                                                                   ;
; PRESERVE_REGISTER            ; on    ; -    ; state_reg[101]                                                                                   ;
; PRESERVE_REGISTER            ; on    ; -    ; state_reg[100]                                                                                   ;
; PRESERVE_REGISTER            ; on    ; -    ; state_reg[99]                                                                                    ;
; PRESERVE_REGISTER            ; on    ; -    ; state_reg[98]                                                                                    ;
; PRESERVE_REGISTER            ; on    ; -    ; state_reg[97]                                                                                    ;
; PRESERVE_REGISTER            ; on    ; -    ; state_reg[96]                                                                                    ;
; PRESERVE_REGISTER            ; on    ; -    ; state_reg[95]                                                                                    ;
; PRESERVE_REGISTER            ; on    ; -    ; state_reg[94]                                                                                    ;
; PRESERVE_REGISTER            ; on    ; -    ; state_reg[93]                                                                                    ;
; PRESERVE_REGISTER            ; on    ; -    ; state_reg[92]                                                                                    ;
; PRESERVE_REGISTER            ; on    ; -    ; state_reg[91]                                                                                    ;
; PRESERVE_REGISTER            ; on    ; -    ; state_reg[90]                                                                                    ;
; PRESERVE_REGISTER            ; on    ; -    ; state_reg[89]                                                                                    ;
; PRESERVE_REGISTER            ; on    ; -    ; state_reg[88]                                                                                    ;
; PRESERVE_REGISTER            ; on    ; -    ; state_reg[87]                                                                                    ;
; PRESERVE_REGISTER            ; on    ; -    ; state_reg[86]                                                                                    ;
; PRESERVE_REGISTER            ; on    ; -    ; state_reg[85]                                                                                    ;
; PRESERVE_REGISTER            ; on    ; -    ; state_reg[84]                                                                                    ;
; PRESERVE_REGISTER            ; on    ; -    ; state_reg[83]                                                                                    ;
; PRESERVE_REGISTER            ; on    ; -    ; state_reg[82]                                                                                    ;
; PRESERVE_REGISTER            ; on    ; -    ; state_reg[81]                                                                                    ;
; PRESERVE_REGISTER            ; on    ; -    ; state_reg[80]                                                                                    ;
; PRESERVE_REGISTER            ; on    ; -    ; state_reg[79]                                                                                    ;
; PRESERVE_REGISTER            ; on    ; -    ; state_reg[78]                                                                                    ;
; PRESERVE_REGISTER            ; on    ; -    ; state_reg[77]                                                                                    ;
; PRESERVE_REGISTER            ; on    ; -    ; state_reg[76]                                                                                    ;
; PRESERVE_REGISTER            ; on    ; -    ; state_reg[75]                                                                                    ;
; PRESERVE_REGISTER            ; on    ; -    ; state_reg[74]                                                                                    ;
; PRESERVE_REGISTER            ; on    ; -    ; state_reg[73]                                                                                    ;
; PRESERVE_REGISTER            ; on    ; -    ; state_reg[72]                                                                                    ;
; PRESERVE_REGISTER            ; on    ; -    ; state_reg[71]                                                                                    ;
; PRESERVE_REGISTER            ; on    ; -    ; state_reg[70]                                                                                    ;
; PRESERVE_REGISTER            ; on    ; -    ; state_reg[69]                                                                                    ;
; PRESERVE_REGISTER            ; on    ; -    ; state_reg[68]                                                                                    ;
; PRESERVE_REGISTER            ; on    ; -    ; state_reg[67]                                                                                    ;
; PRESERVE_REGISTER            ; on    ; -    ; state_reg[66]                                                                                    ;
; PRESERVE_REGISTER            ; on    ; -    ; state_reg[65]                                                                                    ;
; PRESERVE_REGISTER            ; on    ; -    ; state_reg[64]                                                                                    ;
; PRESERVE_REGISTER            ; on    ; -    ; state_reg[63]                                                                                    ;
; PRESERVE_REGISTER            ; on    ; -    ; state_reg[62]                                                                                    ;
; PRESERVE_REGISTER            ; on    ; -    ; state_reg[61]                                                                                    ;
; PRESERVE_REGISTER            ; on    ; -    ; state_reg[60]                                                                                    ;
; PRESERVE_REGISTER            ; on    ; -    ; state_reg[59]                                                                                    ;
; PRESERVE_REGISTER            ; on    ; -    ; state_reg[58]                                                                                    ;
; PRESERVE_REGISTER            ; on    ; -    ; state_reg[57]                                                                                    ;
; PRESERVE_REGISTER            ; on    ; -    ; state_reg[56]                                                                                    ;
; PRESERVE_REGISTER            ; on    ; -    ; state_reg[55]                                                                                    ;
; PRESERVE_REGISTER            ; on    ; -    ; state_reg[54]                                                                                    ;
; PRESERVE_REGISTER            ; on    ; -    ; state_reg[53]                                                                                    ;
; PRESERVE_REGISTER            ; on    ; -    ; state_reg[52]                                                                                    ;
; PRESERVE_REGISTER            ; on    ; -    ; state_reg[51]                                                                                    ;
; PRESERVE_REGISTER            ; on    ; -    ; state_reg[50]                                                                                    ;
; PRESERVE_REGISTER            ; on    ; -    ; state_reg[49]                                                                                    ;
; PRESERVE_REGISTER            ; on    ; -    ; state_reg[48]                                                                                    ;
; PRESERVE_REGISTER            ; on    ; -    ; state_reg[47]                                                                                    ;
; PRESERVE_REGISTER            ; on    ; -    ; state_reg[46]                                                                                    ;
; PRESERVE_REGISTER            ; on    ; -    ; state_reg[45]                                                                                    ;
; PRESERVE_REGISTER            ; on    ; -    ; state_reg[44]                                                                                    ;
; PRESERVE_REGISTER            ; on    ; -    ; state_reg[43]                                                                                    ;
; PRESERVE_REGISTER            ; on    ; -    ; state_reg[42]                                                                                    ;
; PRESERVE_REGISTER            ; on    ; -    ; state_reg[41]                                                                                    ;
; PRESERVE_REGISTER            ; on    ; -    ; state_reg[40]                                                                                    ;
; PRESERVE_REGISTER            ; on    ; -    ; state_reg[39]                                                                                    ;
; PRESERVE_REGISTER            ; on    ; -    ; state_reg[38]                                                                                    ;
; PRESERVE_REGISTER            ; on    ; -    ; state_reg[37]                                                                                    ;
; PRESERVE_REGISTER            ; on    ; -    ; state_reg[36]                                                                                    ;
; PRESERVE_REGISTER            ; on    ; -    ; state_reg[35]                                                                                    ;
; PRESERVE_REGISTER            ; on    ; -    ; state_reg[34]                                                                                    ;
; PRESERVE_REGISTER            ; on    ; -    ; state_reg[33]                                                                                    ;
; PRESERVE_REGISTER            ; on    ; -    ; state_reg[32]                                                                                    ;
; PRESERVE_REGISTER            ; on    ; -    ; state_reg[31]                                                                                    ;
; PRESERVE_REGISTER            ; on    ; -    ; state_reg[30]                                                                                    ;
; PRESERVE_REGISTER            ; on    ; -    ; state_reg[29]                                                                                    ;
; PRESERVE_REGISTER            ; on    ; -    ; state_reg[28]                                                                                    ;
; PRESERVE_REGISTER            ; on    ; -    ; state_reg[27]                                                                                    ;
; PRESERVE_REGISTER            ; on    ; -    ; state_reg[26]                                                                                    ;
; PRESERVE_REGISTER            ; on    ; -    ; state_reg[25]                                                                                    ;
; PRESERVE_REGISTER            ; on    ; -    ; state_reg[24]                                                                                    ;
; PRESERVE_REGISTER            ; on    ; -    ; state_reg[23]                                                                                    ;
; PRESERVE_REGISTER            ; on    ; -    ; state_reg[22]                                                                                    ;
; PRESERVE_REGISTER            ; on    ; -    ; state_reg[21]                                                                                    ;
; PRESERVE_REGISTER            ; on    ; -    ; state_reg[20]                                                                                    ;
; PRESERVE_REGISTER            ; on    ; -    ; state_reg[19]                                                                                    ;
; PRESERVE_REGISTER            ; on    ; -    ; state_reg[18]                                                                                    ;
; PRESERVE_REGISTER            ; on    ; -    ; state_reg[17]                                                                                    ;
; PRESERVE_REGISTER            ; on    ; -    ; state_reg[16]                                                                                    ;
; PRESERVE_REGISTER            ; on    ; -    ; state_reg[15]                                                                                    ;
; PRESERVE_REGISTER            ; on    ; -    ; state_reg[14]                                                                                    ;
; PRESERVE_REGISTER            ; on    ; -    ; state_reg[13]                                                                                    ;
; PRESERVE_REGISTER            ; on    ; -    ; state_reg[12]                                                                                    ;
; PRESERVE_REGISTER            ; on    ; -    ; state_reg[11]                                                                                    ;
; PRESERVE_REGISTER            ; on    ; -    ; state_reg[10]                                                                                    ;
; PRESERVE_REGISTER            ; on    ; -    ; state_reg[9]                                                                                     ;
; PRESERVE_REGISTER            ; on    ; -    ; state_reg[8]                                                                                     ;
; PRESERVE_REGISTER            ; on    ; -    ; state_reg[7]                                                                                     ;
; PRESERVE_REGISTER            ; on    ; -    ; state_reg[6]                                                                                     ;
; PRESERVE_REGISTER            ; on    ; -    ; state_reg[5]                                                                                     ;
; PRESERVE_REGISTER            ; on    ; -    ; state_reg[4]                                                                                     ;
; PRESERVE_REGISTER            ; on    ; -    ; state_reg[3]                                                                                     ;
; PRESERVE_REGISTER            ; on    ; -    ; state_reg[2]                                                                                     ;
; PRESERVE_REGISTER            ; on    ; -    ; state_reg[1]                                                                                     ;
; PRESERVE_REGISTER            ; on    ; -    ; state_reg[0]                                                                                     ;
; PRESERVE_REGISTER            ; on    ; -    ; round_key[127]                                                                                   ;
; PRESERVE_REGISTER            ; on    ; -    ; round_key[126]                                                                                   ;
; PRESERVE_REGISTER            ; on    ; -    ; round_key[125]                                                                                   ;
; PRESERVE_REGISTER            ; on    ; -    ; round_key[124]                                                                                   ;
; PRESERVE_REGISTER            ; on    ; -    ; round_key[123]                                                                                   ;
; PRESERVE_REGISTER            ; on    ; -    ; round_key[122]                                                                                   ;
; PRESERVE_REGISTER            ; on    ; -    ; round_key[121]                                                                                   ;
; PRESERVE_REGISTER            ; on    ; -    ; round_key[120]                                                                                   ;
; PRESERVE_REGISTER            ; on    ; -    ; round_key[119]                                                                                   ;
; PRESERVE_REGISTER            ; on    ; -    ; round_key[118]                                                                                   ;
; PRESERVE_REGISTER            ; on    ; -    ; round_key[117]                                                                                   ;
; PRESERVE_REGISTER            ; on    ; -    ; round_key[116]                                                                                   ;
; PRESERVE_REGISTER            ; on    ; -    ; round_key[115]                                                                                   ;
; PRESERVE_REGISTER            ; on    ; -    ; round_key[114]                                                                                   ;
; PRESERVE_REGISTER            ; on    ; -    ; round_key[113]                                                                                   ;
; PRESERVE_REGISTER            ; on    ; -    ; round_key[112]                                                                                   ;
; PRESERVE_REGISTER            ; on    ; -    ; round_key[111]                                                                                   ;
; PRESERVE_REGISTER            ; on    ; -    ; round_key[110]                                                                                   ;
; PRESERVE_REGISTER            ; on    ; -    ; round_key[109]                                                                                   ;
; PRESERVE_REGISTER            ; on    ; -    ; round_key[108]                                                                                   ;
; PRESERVE_REGISTER            ; on    ; -    ; round_key[107]                                                                                   ;
; PRESERVE_REGISTER            ; on    ; -    ; round_key[106]                                                                                   ;
; PRESERVE_REGISTER            ; on    ; -    ; round_key[105]                                                                                   ;
; PRESERVE_REGISTER            ; on    ; -    ; round_key[104]                                                                                   ;
; PRESERVE_REGISTER            ; on    ; -    ; round_key[103]                                                                                   ;
; PRESERVE_REGISTER            ; on    ; -    ; round_key[102]                                                                                   ;
; PRESERVE_REGISTER            ; on    ; -    ; round_key[101]                                                                                   ;
; PRESERVE_REGISTER            ; on    ; -    ; round_key[100]                                                                                   ;
; PRESERVE_REGISTER            ; on    ; -    ; round_key[99]                                                                                    ;
; PRESERVE_REGISTER            ; on    ; -    ; round_key[98]                                                                                    ;
; PRESERVE_REGISTER            ; on    ; -    ; round_key[97]                                                                                    ;
; PRESERVE_REGISTER            ; on    ; -    ; round_key[96]                                                                                    ;
; PRESERVE_REGISTER            ; on    ; -    ; round_key[95]                                                                                    ;
; PRESERVE_REGISTER            ; on    ; -    ; round_key[94]                                                                                    ;
; PRESERVE_REGISTER            ; on    ; -    ; round_key[93]                                                                                    ;
; PRESERVE_REGISTER            ; on    ; -    ; round_key[92]                                                                                    ;
; PRESERVE_REGISTER            ; on    ; -    ; round_key[91]                                                                                    ;
; PRESERVE_REGISTER            ; on    ; -    ; round_key[90]                                                                                    ;
; PRESERVE_REGISTER            ; on    ; -    ; round_key[89]                                                                                    ;
; PRESERVE_REGISTER            ; on    ; -    ; round_key[88]                                                                                    ;
; PRESERVE_REGISTER            ; on    ; -    ; round_key[87]                                                                                    ;
; PRESERVE_REGISTER            ; on    ; -    ; round_key[86]                                                                                    ;
; PRESERVE_REGISTER            ; on    ; -    ; round_key[85]                                                                                    ;
; PRESERVE_REGISTER            ; on    ; -    ; round_key[84]                                                                                    ;
; PRESERVE_REGISTER            ; on    ; -    ; round_key[83]                                                                                    ;
; PRESERVE_REGISTER            ; on    ; -    ; round_key[82]                                                                                    ;
; PRESERVE_REGISTER            ; on    ; -    ; round_key[81]                                                                                    ;
; PRESERVE_REGISTER            ; on    ; -    ; round_key[80]                                                                                    ;
; PRESERVE_REGISTER            ; on    ; -    ; round_key[79]                                                                                    ;
; PRESERVE_REGISTER            ; on    ; -    ; round_key[78]                                                                                    ;
; PRESERVE_REGISTER            ; on    ; -    ; round_key[77]                                                                                    ;
; PRESERVE_REGISTER            ; on    ; -    ; round_key[76]                                                                                    ;
; PRESERVE_REGISTER            ; on    ; -    ; round_key[75]                                                                                    ;
; PRESERVE_REGISTER            ; on    ; -    ; round_key[74]                                                                                    ;
; PRESERVE_REGISTER            ; on    ; -    ; round_key[73]                                                                                    ;
; PRESERVE_REGISTER            ; on    ; -    ; round_key[72]                                                                                    ;
; PRESERVE_REGISTER            ; on    ; -    ; round_key[71]                                                                                    ;
; PRESERVE_REGISTER            ; on    ; -    ; round_key[70]                                                                                    ;
; PRESERVE_REGISTER            ; on    ; -    ; round_key[69]                                                                                    ;
; PRESERVE_REGISTER            ; on    ; -    ; round_key[68]                                                                                    ;
; PRESERVE_REGISTER            ; on    ; -    ; round_key[67]                                                                                    ;
; PRESERVE_REGISTER            ; on    ; -    ; round_key[66]                                                                                    ;
; PRESERVE_REGISTER            ; on    ; -    ; round_key[65]                                                                                    ;
; PRESERVE_REGISTER            ; on    ; -    ; round_key[64]                                                                                    ;
; PRESERVE_REGISTER            ; on    ; -    ; round_key[63]                                                                                    ;
; PRESERVE_REGISTER            ; on    ; -    ; round_key[62]                                                                                    ;
; PRESERVE_REGISTER            ; on    ; -    ; round_key[61]                                                                                    ;
; PRESERVE_REGISTER            ; on    ; -    ; round_key[60]                                                                                    ;
; PRESERVE_REGISTER            ; on    ; -    ; round_key[59]                                                                                    ;
; PRESERVE_REGISTER            ; on    ; -    ; round_key[58]                                                                                    ;
; PRESERVE_REGISTER            ; on    ; -    ; round_key[57]                                                                                    ;
; PRESERVE_REGISTER            ; on    ; -    ; round_key[56]                                                                                    ;
; PRESERVE_REGISTER            ; on    ; -    ; round_key[55]                                                                                    ;
; PRESERVE_REGISTER            ; on    ; -    ; round_key[54]                                                                                    ;
; PRESERVE_REGISTER            ; on    ; -    ; round_key[53]                                                                                    ;
; PRESERVE_REGISTER            ; on    ; -    ; round_key[52]                                                                                    ;
; PRESERVE_REGISTER            ; on    ; -    ; round_key[51]                                                                                    ;
; PRESERVE_REGISTER            ; on    ; -    ; round_key[50]                                                                                    ;
; PRESERVE_REGISTER            ; on    ; -    ; round_key[49]                                                                                    ;
; PRESERVE_REGISTER            ; on    ; -    ; round_key[48]                                                                                    ;
; PRESERVE_REGISTER            ; on    ; -    ; round_key[47]                                                                                    ;
; PRESERVE_REGISTER            ; on    ; -    ; round_key[46]                                                                                    ;
; PRESERVE_REGISTER            ; on    ; -    ; round_key[45]                                                                                    ;
; PRESERVE_REGISTER            ; on    ; -    ; round_key[44]                                                                                    ;
; PRESERVE_REGISTER            ; on    ; -    ; round_key[43]                                                                                    ;
; PRESERVE_REGISTER            ; on    ; -    ; round_key[42]                                                                                    ;
; PRESERVE_REGISTER            ; on    ; -    ; round_key[41]                                                                                    ;
; PRESERVE_REGISTER            ; on    ; -    ; round_key[40]                                                                                    ;
; PRESERVE_REGISTER            ; on    ; -    ; round_key[39]                                                                                    ;
; PRESERVE_REGISTER            ; on    ; -    ; round_key[38]                                                                                    ;
; PRESERVE_REGISTER            ; on    ; -    ; round_key[37]                                                                                    ;
; PRESERVE_REGISTER            ; on    ; -    ; round_key[36]                                                                                    ;
; PRESERVE_REGISTER            ; on    ; -    ; round_key[35]                                                                                    ;
; PRESERVE_REGISTER            ; on    ; -    ; round_key[34]                                                                                    ;
; PRESERVE_REGISTER            ; on    ; -    ; round_key[33]                                                                                    ;
; PRESERVE_REGISTER            ; on    ; -    ; round_key[32]                                                                                    ;
; PRESERVE_REGISTER            ; on    ; -    ; round_key[31]                                                                                    ;
; PRESERVE_REGISTER            ; on    ; -    ; round_key[30]                                                                                    ;
; PRESERVE_REGISTER            ; on    ; -    ; round_key[29]                                                                                    ;
; PRESERVE_REGISTER            ; on    ; -    ; round_key[28]                                                                                    ;
; PRESERVE_REGISTER            ; on    ; -    ; round_key[27]                                                                                    ;
; PRESERVE_REGISTER            ; on    ; -    ; round_key[26]                                                                                    ;
; PRESERVE_REGISTER            ; on    ; -    ; round_key[25]                                                                                    ;
; PRESERVE_REGISTER            ; on    ; -    ; round_key[24]                                                                                    ;
; PRESERVE_REGISTER            ; on    ; -    ; round_key[23]                                                                                    ;
; PRESERVE_REGISTER            ; on    ; -    ; round_key[22]                                                                                    ;
; PRESERVE_REGISTER            ; on    ; -    ; round_key[21]                                                                                    ;
; PRESERVE_REGISTER            ; on    ; -    ; round_key[20]                                                                                    ;
; PRESERVE_REGISTER            ; on    ; -    ; round_key[19]                                                                                    ;
; PRESERVE_REGISTER            ; on    ; -    ; round_key[18]                                                                                    ;
; PRESERVE_REGISTER            ; on    ; -    ; round_key[17]                                                                                    ;
; PRESERVE_REGISTER            ; on    ; -    ; round_key[16]                                                                                    ;
; PRESERVE_REGISTER            ; on    ; -    ; round_key[15]                                                                                    ;
; PRESERVE_REGISTER            ; on    ; -    ; round_key[14]                                                                                    ;
; PRESERVE_REGISTER            ; on    ; -    ; round_key[13]                                                                                    ;
; PRESERVE_REGISTER            ; on    ; -    ; round_key[12]                                                                                    ;
; PRESERVE_REGISTER            ; on    ; -    ; round_key[11]                                                                                    ;
; PRESERVE_REGISTER            ; on    ; -    ; round_key[10]                                                                                    ;
; PRESERVE_REGISTER            ; on    ; -    ; round_key[9]                                                                                     ;
; PRESERVE_REGISTER            ; on    ; -    ; round_key[8]                                                                                     ;
; PRESERVE_REGISTER            ; on    ; -    ; round_key[7]                                                                                     ;
; PRESERVE_REGISTER            ; on    ; -    ; round_key[6]                                                                                     ;
; PRESERVE_REGISTER            ; on    ; -    ; round_key[5]                                                                                     ;
; PRESERVE_REGISTER            ; on    ; -    ; round_key[4]                                                                                     ;
; PRESERVE_REGISTER            ; on    ; -    ; round_key[3]                                                                                     ;
; PRESERVE_REGISTER            ; on    ; -    ; round_key[2]                                                                                     ;
; PRESERVE_REGISTER            ; on    ; -    ; round_key[1]                                                                                     ;
; PRESERVE_REGISTER            ; on    ; -    ; round_key[0]                                                                                     ;
; IGNORE_LCELL_BUFFERS         ; off   ; -    ; initial_addroundkey[127]                                                                         ;
; REMOVE_REDUNDANT_LOGIC_CELLS ; off   ; -    ; initial_addroundkey[127]                                                                         ;
; IGNORE_LCELL_BUFFERS         ; off   ; -    ; initial_addroundkey[126]                                                                         ;
; REMOVE_REDUNDANT_LOGIC_CELLS ; off   ; -    ; initial_addroundkey[126]                                                                         ;
; IGNORE_LCELL_BUFFERS         ; off   ; -    ; initial_addroundkey[125]                                                                         ;
; REMOVE_REDUNDANT_LOGIC_CELLS ; off   ; -    ; initial_addroundkey[125]                                                                         ;
; IGNORE_LCELL_BUFFERS         ; off   ; -    ; initial_addroundkey[124]                                                                         ;
; REMOVE_REDUNDANT_LOGIC_CELLS ; off   ; -    ; initial_addroundkey[124]                                                                         ;
; IGNORE_LCELL_BUFFERS         ; off   ; -    ; initial_addroundkey[123]                                                                         ;
; REMOVE_REDUNDANT_LOGIC_CELLS ; off   ; -    ; initial_addroundkey[123]                                                                         ;
; IGNORE_LCELL_BUFFERS         ; off   ; -    ; initial_addroundkey[122]                                                                         ;
; REMOVE_REDUNDANT_LOGIC_CELLS ; off   ; -    ; initial_addroundkey[122]                                                                         ;
; IGNORE_LCELL_BUFFERS         ; off   ; -    ; initial_addroundkey[121]                                                                         ;
; REMOVE_REDUNDANT_LOGIC_CELLS ; off   ; -    ; initial_addroundkey[121]                                                                         ;
; IGNORE_LCELL_BUFFERS         ; off   ; -    ; initial_addroundkey[120]                                                                         ;
; REMOVE_REDUNDANT_LOGIC_CELLS ; off   ; -    ; initial_addroundkey[120]                                                                         ;
; IGNORE_LCELL_BUFFERS         ; off   ; -    ; initial_addroundkey[119]                                                                         ;
; REMOVE_REDUNDANT_LOGIC_CELLS ; off   ; -    ; initial_addroundkey[119]                                                                         ;
; IGNORE_LCELL_BUFFERS         ; off   ; -    ; initial_addroundkey[118]                                                                         ;
; REMOVE_REDUNDANT_LOGIC_CELLS ; off   ; -    ; initial_addroundkey[118]                                                                         ;
; IGNORE_LCELL_BUFFERS         ; off   ; -    ; initial_addroundkey[117]                                                                         ;
; REMOVE_REDUNDANT_LOGIC_CELLS ; off   ; -    ; initial_addroundkey[117]                                                                         ;
; IGNORE_LCELL_BUFFERS         ; off   ; -    ; initial_addroundkey[116]                                                                         ;
; REMOVE_REDUNDANT_LOGIC_CELLS ; off   ; -    ; initial_addroundkey[116]                                                                         ;
; IGNORE_LCELL_BUFFERS         ; off   ; -    ; initial_addroundkey[115]                                                                         ;
; REMOVE_REDUNDANT_LOGIC_CELLS ; off   ; -    ; initial_addroundkey[115]                                                                         ;
; IGNORE_LCELL_BUFFERS         ; off   ; -    ; initial_addroundkey[114]                                                                         ;
; REMOVE_REDUNDANT_LOGIC_CELLS ; off   ; -    ; initial_addroundkey[114]                                                                         ;
; IGNORE_LCELL_BUFFERS         ; off   ; -    ; initial_addroundkey[113]                                                                         ;
; REMOVE_REDUNDANT_LOGIC_CELLS ; off   ; -    ; initial_addroundkey[113]                                                                         ;
; IGNORE_LCELL_BUFFERS         ; off   ; -    ; initial_addroundkey[112]                                                                         ;
; REMOVE_REDUNDANT_LOGIC_CELLS ; off   ; -    ; initial_addroundkey[112]                                                                         ;
; IGNORE_LCELL_BUFFERS         ; off   ; -    ; initial_addroundkey[111]                                                                         ;
; REMOVE_REDUNDANT_LOGIC_CELLS ; off   ; -    ; initial_addroundkey[111]                                                                         ;
; IGNORE_LCELL_BUFFERS         ; off   ; -    ; initial_addroundkey[110]                                                                         ;
; REMOVE_REDUNDANT_LOGIC_CELLS ; off   ; -    ; initial_addroundkey[110]                                                                         ;
; IGNORE_LCELL_BUFFERS         ; off   ; -    ; initial_addroundkey[109]                                                                         ;
; REMOVE_REDUNDANT_LOGIC_CELLS ; off   ; -    ; initial_addroundkey[109]                                                                         ;
; IGNORE_LCELL_BUFFERS         ; off   ; -    ; initial_addroundkey[108]                                                                         ;
; REMOVE_REDUNDANT_LOGIC_CELLS ; off   ; -    ; initial_addroundkey[108]                                                                         ;
; IGNORE_LCELL_BUFFERS         ; off   ; -    ; initial_addroundkey[107]                                                                         ;
; REMOVE_REDUNDANT_LOGIC_CELLS ; off   ; -    ; initial_addroundkey[107]                                                                         ;
; IGNORE_LCELL_BUFFERS         ; off   ; -    ; initial_addroundkey[106]                                                                         ;
; REMOVE_REDUNDANT_LOGIC_CELLS ; off   ; -    ; initial_addroundkey[106]                                                                         ;
; IGNORE_LCELL_BUFFERS         ; off   ; -    ; initial_addroundkey[105]                                                                         ;
; REMOVE_REDUNDANT_LOGIC_CELLS ; off   ; -    ; initial_addroundkey[105]                                                                         ;
; IGNORE_LCELL_BUFFERS         ; off   ; -    ; initial_addroundkey[104]                                                                         ;
; REMOVE_REDUNDANT_LOGIC_CELLS ; off   ; -    ; initial_addroundkey[104]                                                                         ;
; IGNORE_LCELL_BUFFERS         ; off   ; -    ; initial_addroundkey[103]                                                                         ;
; REMOVE_REDUNDANT_LOGIC_CELLS ; off   ; -    ; initial_addroundkey[103]                                                                         ;
; IGNORE_LCELL_BUFFERS         ; off   ; -    ; initial_addroundkey[102]                                                                         ;
; REMOVE_REDUNDANT_LOGIC_CELLS ; off   ; -    ; initial_addroundkey[102]                                                                         ;
; IGNORE_LCELL_BUFFERS         ; off   ; -    ; initial_addroundkey[101]                                                                         ;
; REMOVE_REDUNDANT_LOGIC_CELLS ; off   ; -    ; initial_addroundkey[101]                                                                         ;
; IGNORE_LCELL_BUFFERS         ; off   ; -    ; initial_addroundkey[100]                                                                         ;
; REMOVE_REDUNDANT_LOGIC_CELLS ; off   ; -    ; initial_addroundkey[100]                                                                         ;
; IGNORE_LCELL_BUFFERS         ; off   ; -    ; initial_addroundkey[99]                                                                          ;
; REMOVE_REDUNDANT_LOGIC_CELLS ; off   ; -    ; initial_addroundkey[99]                                                                          ;
; IGNORE_LCELL_BUFFERS         ; off   ; -    ; initial_addroundkey[98]                                                                          ;
; REMOVE_REDUNDANT_LOGIC_CELLS ; off   ; -    ; initial_addroundkey[98]                                                                          ;
; IGNORE_LCELL_BUFFERS         ; off   ; -    ; initial_addroundkey[97]                                                                          ;
; REMOVE_REDUNDANT_LOGIC_CELLS ; off   ; -    ; initial_addroundkey[97]                                                                          ;
; IGNORE_LCELL_BUFFERS         ; off   ; -    ; initial_addroundkey[96]                                                                          ;
; REMOVE_REDUNDANT_LOGIC_CELLS ; off   ; -    ; initial_addroundkey[96]                                                                          ;
; IGNORE_LCELL_BUFFERS         ; off   ; -    ; initial_addroundkey[95]                                                                          ;
; REMOVE_REDUNDANT_LOGIC_CELLS ; off   ; -    ; initial_addroundkey[95]                                                                          ;
; IGNORE_LCELL_BUFFERS         ; off   ; -    ; initial_addroundkey[94]                                                                          ;
; REMOVE_REDUNDANT_LOGIC_CELLS ; off   ; -    ; initial_addroundkey[94]                                                                          ;
; IGNORE_LCELL_BUFFERS         ; off   ; -    ; initial_addroundkey[93]                                                                          ;
; REMOVE_REDUNDANT_LOGIC_CELLS ; off   ; -    ; initial_addroundkey[93]                                                                          ;
; IGNORE_LCELL_BUFFERS         ; off   ; -    ; initial_addroundkey[92]                                                                          ;
; REMOVE_REDUNDANT_LOGIC_CELLS ; off   ; -    ; initial_addroundkey[92]                                                                          ;
; IGNORE_LCELL_BUFFERS         ; off   ; -    ; initial_addroundkey[91]                                                                          ;
; REMOVE_REDUNDANT_LOGIC_CELLS ; off   ; -    ; initial_addroundkey[91]                                                                          ;
; IGNORE_LCELL_BUFFERS         ; off   ; -    ; initial_addroundkey[90]                                                                          ;
; REMOVE_REDUNDANT_LOGIC_CELLS ; off   ; -    ; initial_addroundkey[90]                                                                          ;
; IGNORE_LCELL_BUFFERS         ; off   ; -    ; initial_addroundkey[89]                                                                          ;
; REMOVE_REDUNDANT_LOGIC_CELLS ; off   ; -    ; initial_addroundkey[89]                                                                          ;
; IGNORE_LCELL_BUFFERS         ; off   ; -    ; initial_addroundkey[88]                                                                          ;
; REMOVE_REDUNDANT_LOGIC_CELLS ; off   ; -    ; initial_addroundkey[88]                                                                          ;
; IGNORE_LCELL_BUFFERS         ; off   ; -    ; initial_addroundkey[87]                                                                          ;
; REMOVE_REDUNDANT_LOGIC_CELLS ; off   ; -    ; initial_addroundkey[87]                                                                          ;
; IGNORE_LCELL_BUFFERS         ; off   ; -    ; initial_addroundkey[86]                                                                          ;
; REMOVE_REDUNDANT_LOGIC_CELLS ; off   ; -    ; initial_addroundkey[86]                                                                          ;
; IGNORE_LCELL_BUFFERS         ; off   ; -    ; initial_addroundkey[85]                                                                          ;
; REMOVE_REDUNDANT_LOGIC_CELLS ; off   ; -    ; initial_addroundkey[85]                                                                          ;
; IGNORE_LCELL_BUFFERS         ; off   ; -    ; initial_addroundkey[84]                                                                          ;
; REMOVE_REDUNDANT_LOGIC_CELLS ; off   ; -    ; initial_addroundkey[84]                                                                          ;
; IGNORE_LCELL_BUFFERS         ; off   ; -    ; initial_addroundkey[83]                                                                          ;
; REMOVE_REDUNDANT_LOGIC_CELLS ; off   ; -    ; initial_addroundkey[83]                                                                          ;
; IGNORE_LCELL_BUFFERS         ; off   ; -    ; initial_addroundkey[82]                                                                          ;
; REMOVE_REDUNDANT_LOGIC_CELLS ; off   ; -    ; initial_addroundkey[82]                                                                          ;
; IGNORE_LCELL_BUFFERS         ; off   ; -    ; initial_addroundkey[81]                                                                          ;
; REMOVE_REDUNDANT_LOGIC_CELLS ; off   ; -    ; initial_addroundkey[81]                                                                          ;
; IGNORE_LCELL_BUFFERS         ; off   ; -    ; initial_addroundkey[80]                                                                          ;
; REMOVE_REDUNDANT_LOGIC_CELLS ; off   ; -    ; initial_addroundkey[80]                                                                          ;
; IGNORE_LCELL_BUFFERS         ; off   ; -    ; initial_addroundkey[79]                                                                          ;
; REMOVE_REDUNDANT_LOGIC_CELLS ; off   ; -    ; initial_addroundkey[79]                                                                          ;
; IGNORE_LCELL_BUFFERS         ; off   ; -    ; initial_addroundkey[78]                                                                          ;
; REMOVE_REDUNDANT_LOGIC_CELLS ; off   ; -    ; initial_addroundkey[78]                                                                          ;
; IGNORE_LCELL_BUFFERS         ; off   ; -    ; initial_addroundkey[77]                                                                          ;
; REMOVE_REDUNDANT_LOGIC_CELLS ; off   ; -    ; initial_addroundkey[77]                                                                          ;
; IGNORE_LCELL_BUFFERS         ; off   ; -    ; initial_addroundkey[76]                                                                          ;
; REMOVE_REDUNDANT_LOGIC_CELLS ; off   ; -    ; initial_addroundkey[76]                                                                          ;
; IGNORE_LCELL_BUFFERS         ; off   ; -    ; initial_addroundkey[75]                                                                          ;
; REMOVE_REDUNDANT_LOGIC_CELLS ; off   ; -    ; initial_addroundkey[75]                                                                          ;
; IGNORE_LCELL_BUFFERS         ; off   ; -    ; initial_addroundkey[74]                                                                          ;
; REMOVE_REDUNDANT_LOGIC_CELLS ; off   ; -    ; initial_addroundkey[74]                                                                          ;
; IGNORE_LCELL_BUFFERS         ; off   ; -    ; initial_addroundkey[73]                                                                          ;
; REMOVE_REDUNDANT_LOGIC_CELLS ; off   ; -    ; initial_addroundkey[73]                                                                          ;
; IGNORE_LCELL_BUFFERS         ; off   ; -    ; initial_addroundkey[72]                                                                          ;
; REMOVE_REDUNDANT_LOGIC_CELLS ; off   ; -    ; initial_addroundkey[72]                                                                          ;
; IGNORE_LCELL_BUFFERS         ; off   ; -    ; initial_addroundkey[71]                                                                          ;
; REMOVE_REDUNDANT_LOGIC_CELLS ; off   ; -    ; initial_addroundkey[71]                                                                          ;
; IGNORE_LCELL_BUFFERS         ; off   ; -    ; initial_addroundkey[70]                                                                          ;
; REMOVE_REDUNDANT_LOGIC_CELLS ; off   ; -    ; initial_addroundkey[70]                                                                          ;
; IGNORE_LCELL_BUFFERS         ; off   ; -    ; initial_addroundkey[69]                                                                          ;
; REMOVE_REDUNDANT_LOGIC_CELLS ; off   ; -    ; initial_addroundkey[69]                                                                          ;
; IGNORE_LCELL_BUFFERS         ; off   ; -    ; initial_addroundkey[68]                                                                          ;
; REMOVE_REDUNDANT_LOGIC_CELLS ; off   ; -    ; initial_addroundkey[68]                                                                          ;
; IGNORE_LCELL_BUFFERS         ; off   ; -    ; initial_addroundkey[67]                                                                          ;
; REMOVE_REDUNDANT_LOGIC_CELLS ; off   ; -    ; initial_addroundkey[67]                                                                          ;
; IGNORE_LCELL_BUFFERS         ; off   ; -    ; initial_addroundkey[66]                                                                          ;
; REMOVE_REDUNDANT_LOGIC_CELLS ; off   ; -    ; initial_addroundkey[66]                                                                          ;
; IGNORE_LCELL_BUFFERS         ; off   ; -    ; initial_addroundkey[65]                                                                          ;
; REMOVE_REDUNDANT_LOGIC_CELLS ; off   ; -    ; initial_addroundkey[65]                                                                          ;
; IGNORE_LCELL_BUFFERS         ; off   ; -    ; initial_addroundkey[64]                                                                          ;
; REMOVE_REDUNDANT_LOGIC_CELLS ; off   ; -    ; initial_addroundkey[64]                                                                          ;
; IGNORE_LCELL_BUFFERS         ; off   ; -    ; initial_addroundkey[63]                                                                          ;
; REMOVE_REDUNDANT_LOGIC_CELLS ; off   ; -    ; initial_addroundkey[63]                                                                          ;
; IGNORE_LCELL_BUFFERS         ; off   ; -    ; initial_addroundkey[62]                                                                          ;
; REMOVE_REDUNDANT_LOGIC_CELLS ; off   ; -    ; initial_addroundkey[62]                                                                          ;
; IGNORE_LCELL_BUFFERS         ; off   ; -    ; initial_addroundkey[61]                                                                          ;
; REMOVE_REDUNDANT_LOGIC_CELLS ; off   ; -    ; initial_addroundkey[61]                                                                          ;
; IGNORE_LCELL_BUFFERS         ; off   ; -    ; initial_addroundkey[60]                                                                          ;
; REMOVE_REDUNDANT_LOGIC_CELLS ; off   ; -    ; initial_addroundkey[60]                                                                          ;
; IGNORE_LCELL_BUFFERS         ; off   ; -    ; initial_addroundkey[59]                                                                          ;
; REMOVE_REDUNDANT_LOGIC_CELLS ; off   ; -    ; initial_addroundkey[59]                                                                          ;
; IGNORE_LCELL_BUFFERS         ; off   ; -    ; initial_addroundkey[58]                                                                          ;
; REMOVE_REDUNDANT_LOGIC_CELLS ; off   ; -    ; initial_addroundkey[58]                                                                          ;
; IGNORE_LCELL_BUFFERS         ; off   ; -    ; initial_addroundkey[57]                                                                          ;
; REMOVE_REDUNDANT_LOGIC_CELLS ; off   ; -    ; initial_addroundkey[57]                                                                          ;
; IGNORE_LCELL_BUFFERS         ; off   ; -    ; initial_addroundkey[56]                                                                          ;
; REMOVE_REDUNDANT_LOGIC_CELLS ; off   ; -    ; initial_addroundkey[56]                                                                          ;
; IGNORE_LCELL_BUFFERS         ; off   ; -    ; initial_addroundkey[55]                                                                          ;
; REMOVE_REDUNDANT_LOGIC_CELLS ; off   ; -    ; initial_addroundkey[55]                                                                          ;
; IGNORE_LCELL_BUFFERS         ; off   ; -    ; initial_addroundkey[54]                                                                          ;
; REMOVE_REDUNDANT_LOGIC_CELLS ; off   ; -    ; initial_addroundkey[54]                                                                          ;
; IGNORE_LCELL_BUFFERS         ; off   ; -    ; initial_addroundkey[53]                                                                          ;
; REMOVE_REDUNDANT_LOGIC_CELLS ; off   ; -    ; initial_addroundkey[53]                                                                          ;
; IGNORE_LCELL_BUFFERS         ; off   ; -    ; initial_addroundkey[52]                                                                          ;
; REMOVE_REDUNDANT_LOGIC_CELLS ; off   ; -    ; initial_addroundkey[52]                                                                          ;
; IGNORE_LCELL_BUFFERS         ; off   ; -    ; initial_addroundkey[51]                                                                          ;
; REMOVE_REDUNDANT_LOGIC_CELLS ; off   ; -    ; initial_addroundkey[51]                                                                          ;
; IGNORE_LCELL_BUFFERS         ; off   ; -    ; initial_addroundkey[50]                                                                          ;
; REMOVE_REDUNDANT_LOGIC_CELLS ; off   ; -    ; initial_addroundkey[50]                                                                          ;
; IGNORE_LCELL_BUFFERS         ; off   ; -    ; initial_addroundkey[49]                                                                          ;
; REMOVE_REDUNDANT_LOGIC_CELLS ; off   ; -    ; initial_addroundkey[49]                                                                          ;
; IGNORE_LCELL_BUFFERS         ; off   ; -    ; initial_addroundkey[48]                                                                          ;
; REMOVE_REDUNDANT_LOGIC_CELLS ; off   ; -    ; initial_addroundkey[48]                                                                          ;
; IGNORE_LCELL_BUFFERS         ; off   ; -    ; initial_addroundkey[47]                                                                          ;
; REMOVE_REDUNDANT_LOGIC_CELLS ; off   ; -    ; initial_addroundkey[47]                                                                          ;
; IGNORE_LCELL_BUFFERS         ; off   ; -    ; initial_addroundkey[46]                                                                          ;
; REMOVE_REDUNDANT_LOGIC_CELLS ; off   ; -    ; initial_addroundkey[46]                                                                          ;
; IGNORE_LCELL_BUFFERS         ; off   ; -    ; initial_addroundkey[45]                                                                          ;
; REMOVE_REDUNDANT_LOGIC_CELLS ; off   ; -    ; initial_addroundkey[45]                                                                          ;
; IGNORE_LCELL_BUFFERS         ; off   ; -    ; initial_addroundkey[44]                                                                          ;
; REMOVE_REDUNDANT_LOGIC_CELLS ; off   ; -    ; initial_addroundkey[44]                                                                          ;
; IGNORE_LCELL_BUFFERS         ; off   ; -    ; initial_addroundkey[43]                                                                          ;
; REMOVE_REDUNDANT_LOGIC_CELLS ; off   ; -    ; initial_addroundkey[43]                                                                          ;
; IGNORE_LCELL_BUFFERS         ; off   ; -    ; initial_addroundkey[42]                                                                          ;
; REMOVE_REDUNDANT_LOGIC_CELLS ; off   ; -    ; initial_addroundkey[42]                                                                          ;
; IGNORE_LCELL_BUFFERS         ; off   ; -    ; initial_addroundkey[41]                                                                          ;
; REMOVE_REDUNDANT_LOGIC_CELLS ; off   ; -    ; initial_addroundkey[41]                                                                          ;
; IGNORE_LCELL_BUFFERS         ; off   ; -    ; initial_addroundkey[40]                                                                          ;
; REMOVE_REDUNDANT_LOGIC_CELLS ; off   ; -    ; initial_addroundkey[40]                                                                          ;
; IGNORE_LCELL_BUFFERS         ; off   ; -    ; initial_addroundkey[39]                                                                          ;
; REMOVE_REDUNDANT_LOGIC_CELLS ; off   ; -    ; initial_addroundkey[39]                                                                          ;
; IGNORE_LCELL_BUFFERS         ; off   ; -    ; initial_addroundkey[38]                                                                          ;
; REMOVE_REDUNDANT_LOGIC_CELLS ; off   ; -    ; initial_addroundkey[38]                                                                          ;
; IGNORE_LCELL_BUFFERS         ; off   ; -    ; initial_addroundkey[37]                                                                          ;
; REMOVE_REDUNDANT_LOGIC_CELLS ; off   ; -    ; initial_addroundkey[37]                                                                          ;
; IGNORE_LCELL_BUFFERS         ; off   ; -    ; initial_addroundkey[36]                                                                          ;
; REMOVE_REDUNDANT_LOGIC_CELLS ; off   ; -    ; initial_addroundkey[36]                                                                          ;
; IGNORE_LCELL_BUFFERS         ; off   ; -    ; initial_addroundkey[35]                                                                          ;
; REMOVE_REDUNDANT_LOGIC_CELLS ; off   ; -    ; initial_addroundkey[35]                                                                          ;
; IGNORE_LCELL_BUFFERS         ; off   ; -    ; initial_addroundkey[34]                                                                          ;
; REMOVE_REDUNDANT_LOGIC_CELLS ; off   ; -    ; initial_addroundkey[34]                                                                          ;
; IGNORE_LCELL_BUFFERS         ; off   ; -    ; initial_addroundkey[33]                                                                          ;
; REMOVE_REDUNDANT_LOGIC_CELLS ; off   ; -    ; initial_addroundkey[33]                                                                          ;
; IGNORE_LCELL_BUFFERS         ; off   ; -    ; initial_addroundkey[32]                                                                          ;
; REMOVE_REDUNDANT_LOGIC_CELLS ; off   ; -    ; initial_addroundkey[32]                                                                          ;
; IGNORE_LCELL_BUFFERS         ; off   ; -    ; initial_addroundkey[31]                                                                          ;
; REMOVE_REDUNDANT_LOGIC_CELLS ; off   ; -    ; initial_addroundkey[31]                                                                          ;
; IGNORE_LCELL_BUFFERS         ; off   ; -    ; initial_addroundkey[30]                                                                          ;
; REMOVE_REDUNDANT_LOGIC_CELLS ; off   ; -    ; initial_addroundkey[30]                                                                          ;
; IGNORE_LCELL_BUFFERS         ; off   ; -    ; initial_addroundkey[29]                                                                          ;
; REMOVE_REDUNDANT_LOGIC_CELLS ; off   ; -    ; initial_addroundkey[29]                                                                          ;
; IGNORE_LCELL_BUFFERS         ; off   ; -    ; initial_addroundkey[28]                                                                          ;
; REMOVE_REDUNDANT_LOGIC_CELLS ; off   ; -    ; initial_addroundkey[28]                                                                          ;
; IGNORE_LCELL_BUFFERS         ; off   ; -    ; initial_addroundkey[27]                                                                          ;
; REMOVE_REDUNDANT_LOGIC_CELLS ; off   ; -    ; initial_addroundkey[27]                                                                          ;
; IGNORE_LCELL_BUFFERS         ; off   ; -    ; initial_addroundkey[26]                                                                          ;
; REMOVE_REDUNDANT_LOGIC_CELLS ; off   ; -    ; initial_addroundkey[26]                                                                          ;
; IGNORE_LCELL_BUFFERS         ; off   ; -    ; initial_addroundkey[25]                                                                          ;
; REMOVE_REDUNDANT_LOGIC_CELLS ; off   ; -    ; initial_addroundkey[25]                                                                          ;
; IGNORE_LCELL_BUFFERS         ; off   ; -    ; initial_addroundkey[24]                                                                          ;
; REMOVE_REDUNDANT_LOGIC_CELLS ; off   ; -    ; initial_addroundkey[24]                                                                          ;
; IGNORE_LCELL_BUFFERS         ; off   ; -    ; initial_addroundkey[23]                                                                          ;
; REMOVE_REDUNDANT_LOGIC_CELLS ; off   ; -    ; initial_addroundkey[23]                                                                          ;
; IGNORE_LCELL_BUFFERS         ; off   ; -    ; initial_addroundkey[22]                                                                          ;
; REMOVE_REDUNDANT_LOGIC_CELLS ; off   ; -    ; initial_addroundkey[22]                                                                          ;
; IGNORE_LCELL_BUFFERS         ; off   ; -    ; initial_addroundkey[21]                                                                          ;
; REMOVE_REDUNDANT_LOGIC_CELLS ; off   ; -    ; initial_addroundkey[21]                                                                          ;
; IGNORE_LCELL_BUFFERS         ; off   ; -    ; initial_addroundkey[20]                                                                          ;
; REMOVE_REDUNDANT_LOGIC_CELLS ; off   ; -    ; initial_addroundkey[20]                                                                          ;
; IGNORE_LCELL_BUFFERS         ; off   ; -    ; initial_addroundkey[19]                                                                          ;
; REMOVE_REDUNDANT_LOGIC_CELLS ; off   ; -    ; initial_addroundkey[19]                                                                          ;
; IGNORE_LCELL_BUFFERS         ; off   ; -    ; initial_addroundkey[18]                                                                          ;
; REMOVE_REDUNDANT_LOGIC_CELLS ; off   ; -    ; initial_addroundkey[18]                                                                          ;
; IGNORE_LCELL_BUFFERS         ; off   ; -    ; initial_addroundkey[17]                                                                          ;
; REMOVE_REDUNDANT_LOGIC_CELLS ; off   ; -    ; initial_addroundkey[17]                                                                          ;
; IGNORE_LCELL_BUFFERS         ; off   ; -    ; initial_addroundkey[16]                                                                          ;
; REMOVE_REDUNDANT_LOGIC_CELLS ; off   ; -    ; initial_addroundkey[16]                                                                          ;
; IGNORE_LCELL_BUFFERS         ; off   ; -    ; initial_addroundkey[15]                                                                          ;
; REMOVE_REDUNDANT_LOGIC_CELLS ; off   ; -    ; initial_addroundkey[15]                                                                          ;
; IGNORE_LCELL_BUFFERS         ; off   ; -    ; initial_addroundkey[14]                                                                          ;
; REMOVE_REDUNDANT_LOGIC_CELLS ; off   ; -    ; initial_addroundkey[14]                                                                          ;
; IGNORE_LCELL_BUFFERS         ; off   ; -    ; initial_addroundkey[13]                                                                          ;
; REMOVE_REDUNDANT_LOGIC_CELLS ; off   ; -    ; initial_addroundkey[13]                                                                          ;
; IGNORE_LCELL_BUFFERS         ; off   ; -    ; initial_addroundkey[12]                                                                          ;
; REMOVE_REDUNDANT_LOGIC_CELLS ; off   ; -    ; initial_addroundkey[12]                                                                          ;
; IGNORE_LCELL_BUFFERS         ; off   ; -    ; initial_addroundkey[11]                                                                          ;
; REMOVE_REDUNDANT_LOGIC_CELLS ; off   ; -    ; initial_addroundkey[11]                                                                          ;
; IGNORE_LCELL_BUFFERS         ; off   ; -    ; initial_addroundkey[10]                                                                          ;
; REMOVE_REDUNDANT_LOGIC_CELLS ; off   ; -    ; initial_addroundkey[10]                                                                          ;
; IGNORE_LCELL_BUFFERS         ; off   ; -    ; initial_addroundkey[9]                                                                           ;
; REMOVE_REDUNDANT_LOGIC_CELLS ; off   ; -    ; initial_addroundkey[9]                                                                           ;
; IGNORE_LCELL_BUFFERS         ; off   ; -    ; initial_addroundkey[8]                                                                           ;
; REMOVE_REDUNDANT_LOGIC_CELLS ; off   ; -    ; initial_addroundkey[8]                                                                           ;
; IGNORE_LCELL_BUFFERS         ; off   ; -    ; initial_addroundkey[7]                                                                           ;
; REMOVE_REDUNDANT_LOGIC_CELLS ; off   ; -    ; initial_addroundkey[7]                                                                           ;
; IGNORE_LCELL_BUFFERS         ; off   ; -    ; initial_addroundkey[6]                                                                           ;
; REMOVE_REDUNDANT_LOGIC_CELLS ; off   ; -    ; initial_addroundkey[6]                                                                           ;
; IGNORE_LCELL_BUFFERS         ; off   ; -    ; initial_addroundkey[5]                                                                           ;
; REMOVE_REDUNDANT_LOGIC_CELLS ; off   ; -    ; initial_addroundkey[5]                                                                           ;
; IGNORE_LCELL_BUFFERS         ; off   ; -    ; initial_addroundkey[4]                                                                           ;
; REMOVE_REDUNDANT_LOGIC_CELLS ; off   ; -    ; initial_addroundkey[4]                                                                           ;
; IGNORE_LCELL_BUFFERS         ; off   ; -    ; initial_addroundkey[3]                                                                           ;
; REMOVE_REDUNDANT_LOGIC_CELLS ; off   ; -    ; initial_addroundkey[3]                                                                           ;
; IGNORE_LCELL_BUFFERS         ; off   ; -    ; initial_addroundkey[2]                                                                           ;
; REMOVE_REDUNDANT_LOGIC_CELLS ; off   ; -    ; initial_addroundkey[2]                                                                           ;
; IGNORE_LCELL_BUFFERS         ; off   ; -    ; initial_addroundkey[1]                                                                           ;
; REMOVE_REDUNDANT_LOGIC_CELLS ; off   ; -    ; initial_addroundkey[1]                                                                           ;
; IGNORE_LCELL_BUFFERS         ; off   ; -    ; initial_addroundkey[0]                                                                           ;
; REMOVE_REDUNDANT_LOGIC_CELLS ; off   ; -    ; initial_addroundkey[0]                                                                           ;
; IGNORE_LCELL_BUFFERS         ; off   ; -    ; state_after_shiftrows[127]                                                                       ;
; REMOVE_REDUNDANT_LOGIC_CELLS ; off   ; -    ; state_after_shiftrows[127]                                                                       ;
; IGNORE_LCELL_BUFFERS         ; off   ; -    ; state_after_shiftrows[126]                                                                       ;
; REMOVE_REDUNDANT_LOGIC_CELLS ; off   ; -    ; state_after_shiftrows[126]                                                                       ;
; IGNORE_LCELL_BUFFERS         ; off   ; -    ; state_after_shiftrows[125]                                                                       ;
; REMOVE_REDUNDANT_LOGIC_CELLS ; off   ; -    ; state_after_shiftrows[125]                                                                       ;
; IGNORE_LCELL_BUFFERS         ; off   ; -    ; state_after_shiftrows[124]                                                                       ;
; REMOVE_REDUNDANT_LOGIC_CELLS ; off   ; -    ; state_after_shiftrows[124]                                                                       ;
; IGNORE_LCELL_BUFFERS         ; off   ; -    ; state_after_shiftrows[123]                                                                       ;
; REMOVE_REDUNDANT_LOGIC_CELLS ; off   ; -    ; state_after_shiftrows[123]                                                                       ;
; IGNORE_LCELL_BUFFERS         ; off   ; -    ; state_after_shiftrows[122]                                                                       ;
; REMOVE_REDUNDANT_LOGIC_CELLS ; off   ; -    ; state_after_shiftrows[122]                                                                       ;
; IGNORE_LCELL_BUFFERS         ; off   ; -    ; state_after_shiftrows[121]                                                                       ;
; REMOVE_REDUNDANT_LOGIC_CELLS ; off   ; -    ; state_after_shiftrows[121]                                                                       ;
; IGNORE_LCELL_BUFFERS         ; off   ; -    ; state_after_shiftrows[120]                                                                       ;
; REMOVE_REDUNDANT_LOGIC_CELLS ; off   ; -    ; state_after_shiftrows[120]                                                                       ;
; IGNORE_LCELL_BUFFERS         ; off   ; -    ; state_after_shiftrows[119]                                                                       ;
; REMOVE_REDUNDANT_LOGIC_CELLS ; off   ; -    ; state_after_shiftrows[119]                                                                       ;
; IGNORE_LCELL_BUFFERS         ; off   ; -    ; state_after_shiftrows[118]                                                                       ;
; REMOVE_REDUNDANT_LOGIC_CELLS ; off   ; -    ; state_after_shiftrows[118]                                                                       ;
; IGNORE_LCELL_BUFFERS         ; off   ; -    ; state_after_shiftrows[117]                                                                       ;
; REMOVE_REDUNDANT_LOGIC_CELLS ; off   ; -    ; state_after_shiftrows[117]                                                                       ;
; IGNORE_LCELL_BUFFERS         ; off   ; -    ; state_after_shiftrows[116]                                                                       ;
; REMOVE_REDUNDANT_LOGIC_CELLS ; off   ; -    ; state_after_shiftrows[116]                                                                       ;
; IGNORE_LCELL_BUFFERS         ; off   ; -    ; state_after_shiftrows[115]                                                                       ;
; REMOVE_REDUNDANT_LOGIC_CELLS ; off   ; -    ; state_after_shiftrows[115]                                                                       ;
; IGNORE_LCELL_BUFFERS         ; off   ; -    ; state_after_shiftrows[114]                                                                       ;
; REMOVE_REDUNDANT_LOGIC_CELLS ; off   ; -    ; state_after_shiftrows[114]                                                                       ;
; IGNORE_LCELL_BUFFERS         ; off   ; -    ; state_after_shiftrows[113]                                                                       ;
; REMOVE_REDUNDANT_LOGIC_CELLS ; off   ; -    ; state_after_shiftrows[113]                                                                       ;
; IGNORE_LCELL_BUFFERS         ; off   ; -    ; state_after_shiftrows[112]                                                                       ;
; REMOVE_REDUNDANT_LOGIC_CELLS ; off   ; -    ; state_after_shiftrows[112]                                                                       ;
; IGNORE_LCELL_BUFFERS         ; off   ; -    ; state_after_shiftrows[111]                                                                       ;
; REMOVE_REDUNDANT_LOGIC_CELLS ; off   ; -    ; state_after_shiftrows[111]                                                                       ;
; IGNORE_LCELL_BUFFERS         ; off   ; -    ; state_after_shiftrows[110]                                                                       ;
; REMOVE_REDUNDANT_LOGIC_CELLS ; off   ; -    ; state_after_shiftrows[110]                                                                       ;
; IGNORE_LCELL_BUFFERS         ; off   ; -    ; state_after_shiftrows[109]                                                                       ;
; REMOVE_REDUNDANT_LOGIC_CELLS ; off   ; -    ; state_after_shiftrows[109]                                                                       ;
; IGNORE_LCELL_BUFFERS         ; off   ; -    ; state_after_shiftrows[108]                                                                       ;
; REMOVE_REDUNDANT_LOGIC_CELLS ; off   ; -    ; state_after_shiftrows[108]                                                                       ;
; IGNORE_LCELL_BUFFERS         ; off   ; -    ; state_after_shiftrows[107]                                                                       ;
; REMOVE_REDUNDANT_LOGIC_CELLS ; off   ; -    ; state_after_shiftrows[107]                                                                       ;
; IGNORE_LCELL_BUFFERS         ; off   ; -    ; state_after_shiftrows[106]                                                                       ;
; REMOVE_REDUNDANT_LOGIC_CELLS ; off   ; -    ; state_after_shiftrows[106]                                                                       ;
; IGNORE_LCELL_BUFFERS         ; off   ; -    ; state_after_shiftrows[105]                                                                       ;
; REMOVE_REDUNDANT_LOGIC_CELLS ; off   ; -    ; state_after_shiftrows[105]                                                                       ;
; IGNORE_LCELL_BUFFERS         ; off   ; -    ; state_after_shiftrows[104]                                                                       ;
; REMOVE_REDUNDANT_LOGIC_CELLS ; off   ; -    ; state_after_shiftrows[104]                                                                       ;
; IGNORE_LCELL_BUFFERS         ; off   ; -    ; state_after_shiftrows[103]                                                                       ;
; REMOVE_REDUNDANT_LOGIC_CELLS ; off   ; -    ; state_after_shiftrows[103]                                                                       ;
; IGNORE_LCELL_BUFFERS         ; off   ; -    ; state_after_shiftrows[102]                                                                       ;
; REMOVE_REDUNDANT_LOGIC_CELLS ; off   ; -    ; state_after_shiftrows[102]                                                                       ;
; IGNORE_LCELL_BUFFERS         ; off   ; -    ; state_after_shiftrows[101]                                                                       ;
; REMOVE_REDUNDANT_LOGIC_CELLS ; off   ; -    ; state_after_shiftrows[101]                                                                       ;
; IGNORE_LCELL_BUFFERS         ; off   ; -    ; state_after_shiftrows[100]                                                                       ;
; REMOVE_REDUNDANT_LOGIC_CELLS ; off   ; -    ; state_after_shiftrows[100]                                                                       ;
; IGNORE_LCELL_BUFFERS         ; off   ; -    ; state_after_shiftrows[99]                                                                        ;
; REMOVE_REDUNDANT_LOGIC_CELLS ; off   ; -    ; state_after_shiftrows[99]                                                                        ;
; IGNORE_LCELL_BUFFERS         ; off   ; -    ; state_after_shiftrows[98]                                                                        ;
; REMOVE_REDUNDANT_LOGIC_CELLS ; off   ; -    ; state_after_shiftrows[98]                                                                        ;
; IGNORE_LCELL_BUFFERS         ; off   ; -    ; state_after_shiftrows[97]                                                                        ;
; REMOVE_REDUNDANT_LOGIC_CELLS ; off   ; -    ; state_after_shiftrows[97]                                                                        ;
; IGNORE_LCELL_BUFFERS         ; off   ; -    ; state_after_shiftrows[96]                                                                        ;
; REMOVE_REDUNDANT_LOGIC_CELLS ; off   ; -    ; state_after_shiftrows[96]                                                                        ;
; IGNORE_LCELL_BUFFERS         ; off   ; -    ; state_after_shiftrows[95]                                                                        ;
; REMOVE_REDUNDANT_LOGIC_CELLS ; off   ; -    ; state_after_shiftrows[95]                                                                        ;
; IGNORE_LCELL_BUFFERS         ; off   ; -    ; state_after_shiftrows[94]                                                                        ;
; REMOVE_REDUNDANT_LOGIC_CELLS ; off   ; -    ; state_after_shiftrows[94]                                                                        ;
; IGNORE_LCELL_BUFFERS         ; off   ; -    ; state_after_shiftrows[93]                                                                        ;
; REMOVE_REDUNDANT_LOGIC_CELLS ; off   ; -    ; state_after_shiftrows[93]                                                                        ;
; IGNORE_LCELL_BUFFERS         ; off   ; -    ; state_after_shiftrows[92]                                                                        ;
; REMOVE_REDUNDANT_LOGIC_CELLS ; off   ; -    ; state_after_shiftrows[92]                                                                        ;
; IGNORE_LCELL_BUFFERS         ; off   ; -    ; state_after_shiftrows[91]                                                                        ;
; REMOVE_REDUNDANT_LOGIC_CELLS ; off   ; -    ; state_after_shiftrows[91]                                                                        ;
; IGNORE_LCELL_BUFFERS         ; off   ; -    ; state_after_shiftrows[90]                                                                        ;
; REMOVE_REDUNDANT_LOGIC_CELLS ; off   ; -    ; state_after_shiftrows[90]                                                                        ;
; IGNORE_LCELL_BUFFERS         ; off   ; -    ; state_after_shiftrows[89]                                                                        ;
; REMOVE_REDUNDANT_LOGIC_CELLS ; off   ; -    ; state_after_shiftrows[89]                                                                        ;
; IGNORE_LCELL_BUFFERS         ; off   ; -    ; state_after_shiftrows[88]                                                                        ;
; REMOVE_REDUNDANT_LOGIC_CELLS ; off   ; -    ; state_after_shiftrows[88]                                                                        ;
; IGNORE_LCELL_BUFFERS         ; off   ; -    ; state_after_shiftrows[87]                                                                        ;
; REMOVE_REDUNDANT_LOGIC_CELLS ; off   ; -    ; state_after_shiftrows[87]                                                                        ;
; IGNORE_LCELL_BUFFERS         ; off   ; -    ; state_after_shiftrows[86]                                                                        ;
; REMOVE_REDUNDANT_LOGIC_CELLS ; off   ; -    ; state_after_shiftrows[86]                                                                        ;
; IGNORE_LCELL_BUFFERS         ; off   ; -    ; state_after_shiftrows[85]                                                                        ;
; REMOVE_REDUNDANT_LOGIC_CELLS ; off   ; -    ; state_after_shiftrows[85]                                                                        ;
; IGNORE_LCELL_BUFFERS         ; off   ; -    ; state_after_shiftrows[84]                                                                        ;
; REMOVE_REDUNDANT_LOGIC_CELLS ; off   ; -    ; state_after_shiftrows[84]                                                                        ;
; IGNORE_LCELL_BUFFERS         ; off   ; -    ; state_after_shiftrows[83]                                                                        ;
; REMOVE_REDUNDANT_LOGIC_CELLS ; off   ; -    ; state_after_shiftrows[83]                                                                        ;
; IGNORE_LCELL_BUFFERS         ; off   ; -    ; state_after_shiftrows[82]                                                                        ;
; REMOVE_REDUNDANT_LOGIC_CELLS ; off   ; -    ; state_after_shiftrows[82]                                                                        ;
; IGNORE_LCELL_BUFFERS         ; off   ; -    ; state_after_shiftrows[81]                                                                        ;
; REMOVE_REDUNDANT_LOGIC_CELLS ; off   ; -    ; state_after_shiftrows[81]                                                                        ;
; IGNORE_LCELL_BUFFERS         ; off   ; -    ; state_after_shiftrows[80]                                                                        ;
; REMOVE_REDUNDANT_LOGIC_CELLS ; off   ; -    ; state_after_shiftrows[80]                                                                        ;
; IGNORE_LCELL_BUFFERS         ; off   ; -    ; state_after_shiftrows[79]                                                                        ;
; REMOVE_REDUNDANT_LOGIC_CELLS ; off   ; -    ; state_after_shiftrows[79]                                                                        ;
; IGNORE_LCELL_BUFFERS         ; off   ; -    ; state_after_shiftrows[78]                                                                        ;
; REMOVE_REDUNDANT_LOGIC_CELLS ; off   ; -    ; state_after_shiftrows[78]                                                                        ;
; IGNORE_LCELL_BUFFERS         ; off   ; -    ; state_after_shiftrows[77]                                                                        ;
; REMOVE_REDUNDANT_LOGIC_CELLS ; off   ; -    ; state_after_shiftrows[77]                                                                        ;
; IGNORE_LCELL_BUFFERS         ; off   ; -    ; state_after_shiftrows[76]                                                                        ;
; REMOVE_REDUNDANT_LOGIC_CELLS ; off   ; -    ; state_after_shiftrows[76]                                                                        ;
; IGNORE_LCELL_BUFFERS         ; off   ; -    ; state_after_shiftrows[75]                                                                        ;
; REMOVE_REDUNDANT_LOGIC_CELLS ; off   ; -    ; state_after_shiftrows[75]                                                                        ;
; IGNORE_LCELL_BUFFERS         ; off   ; -    ; state_after_shiftrows[74]                                                                        ;
; REMOVE_REDUNDANT_LOGIC_CELLS ; off   ; -    ; state_after_shiftrows[74]                                                                        ;
; IGNORE_LCELL_BUFFERS         ; off   ; -    ; state_after_shiftrows[73]                                                                        ;
; REMOVE_REDUNDANT_LOGIC_CELLS ; off   ; -    ; state_after_shiftrows[73]                                                                        ;
; IGNORE_LCELL_BUFFERS         ; off   ; -    ; state_after_shiftrows[72]                                                                        ;
; REMOVE_REDUNDANT_LOGIC_CELLS ; off   ; -    ; state_after_shiftrows[72]                                                                        ;
; IGNORE_LCELL_BUFFERS         ; off   ; -    ; state_after_shiftrows[71]                                                                        ;
; REMOVE_REDUNDANT_LOGIC_CELLS ; off   ; -    ; state_after_shiftrows[71]                                                                        ;
; IGNORE_LCELL_BUFFERS         ; off   ; -    ; state_after_shiftrows[70]                                                                        ;
; REMOVE_REDUNDANT_LOGIC_CELLS ; off   ; -    ; state_after_shiftrows[70]                                                                        ;
; IGNORE_LCELL_BUFFERS         ; off   ; -    ; state_after_shiftrows[69]                                                                        ;
; REMOVE_REDUNDANT_LOGIC_CELLS ; off   ; -    ; state_after_shiftrows[69]                                                                        ;
; IGNORE_LCELL_BUFFERS         ; off   ; -    ; state_after_shiftrows[68]                                                                        ;
; REMOVE_REDUNDANT_LOGIC_CELLS ; off   ; -    ; state_after_shiftrows[68]                                                                        ;
; IGNORE_LCELL_BUFFERS         ; off   ; -    ; state_after_shiftrows[67]                                                                        ;
; REMOVE_REDUNDANT_LOGIC_CELLS ; off   ; -    ; state_after_shiftrows[67]                                                                        ;
; IGNORE_LCELL_BUFFERS         ; off   ; -    ; state_after_shiftrows[66]                                                                        ;
; REMOVE_REDUNDANT_LOGIC_CELLS ; off   ; -    ; state_after_shiftrows[66]                                                                        ;
; IGNORE_LCELL_BUFFERS         ; off   ; -    ; state_after_shiftrows[65]                                                                        ;
; REMOVE_REDUNDANT_LOGIC_CELLS ; off   ; -    ; state_after_shiftrows[65]                                                                        ;
; IGNORE_LCELL_BUFFERS         ; off   ; -    ; state_after_shiftrows[64]                                                                        ;
; REMOVE_REDUNDANT_LOGIC_CELLS ; off   ; -    ; state_after_shiftrows[64]                                                                        ;
; IGNORE_LCELL_BUFFERS         ; off   ; -    ; state_after_shiftrows[63]                                                                        ;
; REMOVE_REDUNDANT_LOGIC_CELLS ; off   ; -    ; state_after_shiftrows[63]                                                                        ;
; IGNORE_LCELL_BUFFERS         ; off   ; -    ; state_after_shiftrows[62]                                                                        ;
; REMOVE_REDUNDANT_LOGIC_CELLS ; off   ; -    ; state_after_shiftrows[62]                                                                        ;
; IGNORE_LCELL_BUFFERS         ; off   ; -    ; state_after_shiftrows[61]                                                                        ;
; REMOVE_REDUNDANT_LOGIC_CELLS ; off   ; -    ; state_after_shiftrows[61]                                                                        ;
; IGNORE_LCELL_BUFFERS         ; off   ; -    ; state_after_shiftrows[60]                                                                        ;
; REMOVE_REDUNDANT_LOGIC_CELLS ; off   ; -    ; state_after_shiftrows[60]                                                                        ;
; IGNORE_LCELL_BUFFERS         ; off   ; -    ; state_after_shiftrows[59]                                                                        ;
; REMOVE_REDUNDANT_LOGIC_CELLS ; off   ; -    ; state_after_shiftrows[59]                                                                        ;
; IGNORE_LCELL_BUFFERS         ; off   ; -    ; state_after_shiftrows[58]                                                                        ;
; REMOVE_REDUNDANT_LOGIC_CELLS ; off   ; -    ; state_after_shiftrows[58]                                                                        ;
; IGNORE_LCELL_BUFFERS         ; off   ; -    ; state_after_shiftrows[57]                                                                        ;
; REMOVE_REDUNDANT_LOGIC_CELLS ; off   ; -    ; state_after_shiftrows[57]                                                                        ;
; IGNORE_LCELL_BUFFERS         ; off   ; -    ; state_after_shiftrows[56]                                                                        ;
; REMOVE_REDUNDANT_LOGIC_CELLS ; off   ; -    ; state_after_shiftrows[56]                                                                        ;
; IGNORE_LCELL_BUFFERS         ; off   ; -    ; state_after_shiftrows[55]                                                                        ;
; REMOVE_REDUNDANT_LOGIC_CELLS ; off   ; -    ; state_after_shiftrows[55]                                                                        ;
; IGNORE_LCELL_BUFFERS         ; off   ; -    ; state_after_shiftrows[54]                                                                        ;
; REMOVE_REDUNDANT_LOGIC_CELLS ; off   ; -    ; state_after_shiftrows[54]                                                                        ;
; IGNORE_LCELL_BUFFERS         ; off   ; -    ; state_after_shiftrows[53]                                                                        ;
; REMOVE_REDUNDANT_LOGIC_CELLS ; off   ; -    ; state_after_shiftrows[53]                                                                        ;
; IGNORE_LCELL_BUFFERS         ; off   ; -    ; state_after_shiftrows[52]                                                                        ;
; REMOVE_REDUNDANT_LOGIC_CELLS ; off   ; -    ; state_after_shiftrows[52]                                                                        ;
; IGNORE_LCELL_BUFFERS         ; off   ; -    ; state_after_shiftrows[51]                                                                        ;
; REMOVE_REDUNDANT_LOGIC_CELLS ; off   ; -    ; state_after_shiftrows[51]                                                                        ;
; IGNORE_LCELL_BUFFERS         ; off   ; -    ; state_after_shiftrows[50]                                                                        ;
; REMOVE_REDUNDANT_LOGIC_CELLS ; off   ; -    ; state_after_shiftrows[50]                                                                        ;
; IGNORE_LCELL_BUFFERS         ; off   ; -    ; state_after_shiftrows[49]                                                                        ;
; REMOVE_REDUNDANT_LOGIC_CELLS ; off   ; -    ; state_after_shiftrows[49]                                                                        ;
; IGNORE_LCELL_BUFFERS         ; off   ; -    ; state_after_shiftrows[48]                                                                        ;
; REMOVE_REDUNDANT_LOGIC_CELLS ; off   ; -    ; state_after_shiftrows[48]                                                                        ;
; IGNORE_LCELL_BUFFERS         ; off   ; -    ; state_after_shiftrows[47]                                                                        ;
; REMOVE_REDUNDANT_LOGIC_CELLS ; off   ; -    ; state_after_shiftrows[47]                                                                        ;
; IGNORE_LCELL_BUFFERS         ; off   ; -    ; state_after_shiftrows[46]                                                                        ;
; REMOVE_REDUNDANT_LOGIC_CELLS ; off   ; -    ; state_after_shiftrows[46]                                                                        ;
; IGNORE_LCELL_BUFFERS         ; off   ; -    ; state_after_shiftrows[45]                                                                        ;
; REMOVE_REDUNDANT_LOGIC_CELLS ; off   ; -    ; state_after_shiftrows[45]                                                                        ;
; IGNORE_LCELL_BUFFERS         ; off   ; -    ; state_after_shiftrows[44]                                                                        ;
; REMOVE_REDUNDANT_LOGIC_CELLS ; off   ; -    ; state_after_shiftrows[44]                                                                        ;
; IGNORE_LCELL_BUFFERS         ; off   ; -    ; state_after_shiftrows[43]                                                                        ;
; REMOVE_REDUNDANT_LOGIC_CELLS ; off   ; -    ; state_after_shiftrows[43]                                                                        ;
; IGNORE_LCELL_BUFFERS         ; off   ; -    ; state_after_shiftrows[42]                                                                        ;
; REMOVE_REDUNDANT_LOGIC_CELLS ; off   ; -    ; state_after_shiftrows[42]                                                                        ;
; IGNORE_LCELL_BUFFERS         ; off   ; -    ; state_after_shiftrows[41]                                                                        ;
; REMOVE_REDUNDANT_LOGIC_CELLS ; off   ; -    ; state_after_shiftrows[41]                                                                        ;
; IGNORE_LCELL_BUFFERS         ; off   ; -    ; state_after_shiftrows[40]                                                                        ;
; REMOVE_REDUNDANT_LOGIC_CELLS ; off   ; -    ; state_after_shiftrows[40]                                                                        ;
; IGNORE_LCELL_BUFFERS         ; off   ; -    ; state_after_shiftrows[39]                                                                        ;
; REMOVE_REDUNDANT_LOGIC_CELLS ; off   ; -    ; state_after_shiftrows[39]                                                                        ;
; IGNORE_LCELL_BUFFERS         ; off   ; -    ; state_after_shiftrows[38]                                                                        ;
; REMOVE_REDUNDANT_LOGIC_CELLS ; off   ; -    ; state_after_shiftrows[38]                                                                        ;
; IGNORE_LCELL_BUFFERS         ; off   ; -    ; state_after_shiftrows[37]                                                                        ;
; REMOVE_REDUNDANT_LOGIC_CELLS ; off   ; -    ; state_after_shiftrows[37]                                                                        ;
; IGNORE_LCELL_BUFFERS         ; off   ; -    ; state_after_shiftrows[36]                                                                        ;
; REMOVE_REDUNDANT_LOGIC_CELLS ; off   ; -    ; state_after_shiftrows[36]                                                                        ;
; IGNORE_LCELL_BUFFERS         ; off   ; -    ; state_after_shiftrows[35]                                                                        ;
; REMOVE_REDUNDANT_LOGIC_CELLS ; off   ; -    ; state_after_shiftrows[35]                                                                        ;
; IGNORE_LCELL_BUFFERS         ; off   ; -    ; state_after_shiftrows[34]                                                                        ;
; REMOVE_REDUNDANT_LOGIC_CELLS ; off   ; -    ; state_after_shiftrows[34]                                                                        ;
; IGNORE_LCELL_BUFFERS         ; off   ; -    ; state_after_shiftrows[33]                                                                        ;
; REMOVE_REDUNDANT_LOGIC_CELLS ; off   ; -    ; state_after_shiftrows[33]                                                                        ;
; IGNORE_LCELL_BUFFERS         ; off   ; -    ; state_after_shiftrows[32]                                                                        ;
; REMOVE_REDUNDANT_LOGIC_CELLS ; off   ; -    ; state_after_shiftrows[32]                                                                        ;
; IGNORE_LCELL_BUFFERS         ; off   ; -    ; state_after_shiftrows[31]                                                                        ;
; REMOVE_REDUNDANT_LOGIC_CELLS ; off   ; -    ; state_after_shiftrows[31]                                                                        ;
; IGNORE_LCELL_BUFFERS         ; off   ; -    ; state_after_shiftrows[30]                                                                        ;
; REMOVE_REDUNDANT_LOGIC_CELLS ; off   ; -    ; state_after_shiftrows[30]                                                                        ;
; IGNORE_LCELL_BUFFERS         ; off   ; -    ; state_after_shiftrows[29]                                                                        ;
; REMOVE_REDUNDANT_LOGIC_CELLS ; off   ; -    ; state_after_shiftrows[29]                                                                        ;
; IGNORE_LCELL_BUFFERS         ; off   ; -    ; state_after_shiftrows[28]                                                                        ;
; REMOVE_REDUNDANT_LOGIC_CELLS ; off   ; -    ; state_after_shiftrows[28]                                                                        ;
; IGNORE_LCELL_BUFFERS         ; off   ; -    ; state_after_shiftrows[27]                                                                        ;
; REMOVE_REDUNDANT_LOGIC_CELLS ; off   ; -    ; state_after_shiftrows[27]                                                                        ;
; IGNORE_LCELL_BUFFERS         ; off   ; -    ; state_after_shiftrows[26]                                                                        ;
; REMOVE_REDUNDANT_LOGIC_CELLS ; off   ; -    ; state_after_shiftrows[26]                                                                        ;
; IGNORE_LCELL_BUFFERS         ; off   ; -    ; state_after_shiftrows[25]                                                                        ;
; REMOVE_REDUNDANT_LOGIC_CELLS ; off   ; -    ; state_after_shiftrows[25]                                                                        ;
; IGNORE_LCELL_BUFFERS         ; off   ; -    ; state_after_shiftrows[24]                                                                        ;
; REMOVE_REDUNDANT_LOGIC_CELLS ; off   ; -    ; state_after_shiftrows[24]                                                                        ;
; IGNORE_LCELL_BUFFERS         ; off   ; -    ; state_after_shiftrows[23]                                                                        ;
; REMOVE_REDUNDANT_LOGIC_CELLS ; off   ; -    ; state_after_shiftrows[23]                                                                        ;
; IGNORE_LCELL_BUFFERS         ; off   ; -    ; state_after_shiftrows[22]                                                                        ;
; REMOVE_REDUNDANT_LOGIC_CELLS ; off   ; -    ; state_after_shiftrows[22]                                                                        ;
; IGNORE_LCELL_BUFFERS         ; off   ; -    ; state_after_shiftrows[21]                                                                        ;
; REMOVE_REDUNDANT_LOGIC_CELLS ; off   ; -    ; state_after_shiftrows[21]                                                                        ;
; IGNORE_LCELL_BUFFERS         ; off   ; -    ; state_after_shiftrows[20]                                                                        ;
; REMOVE_REDUNDANT_LOGIC_CELLS ; off   ; -    ; state_after_shiftrows[20]                                                                        ;
; IGNORE_LCELL_BUFFERS         ; off   ; -    ; state_after_shiftrows[19]                                                                        ;
; REMOVE_REDUNDANT_LOGIC_CELLS ; off   ; -    ; state_after_shiftrows[19]                                                                        ;
; IGNORE_LCELL_BUFFERS         ; off   ; -    ; state_after_shiftrows[18]                                                                        ;
; REMOVE_REDUNDANT_LOGIC_CELLS ; off   ; -    ; state_after_shiftrows[18]                                                                        ;
; IGNORE_LCELL_BUFFERS         ; off   ; -    ; state_after_shiftrows[17]                                                                        ;
; REMOVE_REDUNDANT_LOGIC_CELLS ; off   ; -    ; state_after_shiftrows[17]                                                                        ;
; IGNORE_LCELL_BUFFERS         ; off   ; -    ; state_after_shiftrows[16]                                                                        ;
; REMOVE_REDUNDANT_LOGIC_CELLS ; off   ; -    ; state_after_shiftrows[16]                                                                        ;
; IGNORE_LCELL_BUFFERS         ; off   ; -    ; state_after_shiftrows[15]                                                                        ;
; REMOVE_REDUNDANT_LOGIC_CELLS ; off   ; -    ; state_after_shiftrows[15]                                                                        ;
; IGNORE_LCELL_BUFFERS         ; off   ; -    ; state_after_shiftrows[14]                                                                        ;
; REMOVE_REDUNDANT_LOGIC_CELLS ; off   ; -    ; state_after_shiftrows[14]                                                                        ;
; IGNORE_LCELL_BUFFERS         ; off   ; -    ; state_after_shiftrows[13]                                                                        ;
; REMOVE_REDUNDANT_LOGIC_CELLS ; off   ; -    ; state_after_shiftrows[13]                                                                        ;
; IGNORE_LCELL_BUFFERS         ; off   ; -    ; state_after_shiftrows[12]                                                                        ;
; REMOVE_REDUNDANT_LOGIC_CELLS ; off   ; -    ; state_after_shiftrows[12]                                                                        ;
; IGNORE_LCELL_BUFFERS         ; off   ; -    ; state_after_shiftrows[11]                                                                        ;
; REMOVE_REDUNDANT_LOGIC_CELLS ; off   ; -    ; state_after_shiftrows[11]                                                                        ;
; IGNORE_LCELL_BUFFERS         ; off   ; -    ; state_after_shiftrows[10]                                                                        ;
; REMOVE_REDUNDANT_LOGIC_CELLS ; off   ; -    ; state_after_shiftrows[10]                                                                        ;
; IGNORE_LCELL_BUFFERS         ; off   ; -    ; state_after_shiftrows[9]                                                                         ;
; REMOVE_REDUNDANT_LOGIC_CELLS ; off   ; -    ; state_after_shiftrows[9]                                                                         ;
; IGNORE_LCELL_BUFFERS         ; off   ; -    ; state_after_shiftrows[8]                                                                         ;
; REMOVE_REDUNDANT_LOGIC_CELLS ; off   ; -    ; state_after_shiftrows[8]                                                                         ;
; IGNORE_LCELL_BUFFERS         ; off   ; -    ; state_after_shiftrows[7]                                                                         ;
; REMOVE_REDUNDANT_LOGIC_CELLS ; off   ; -    ; state_after_shiftrows[7]                                                                         ;
; IGNORE_LCELL_BUFFERS         ; off   ; -    ; state_after_shiftrows[6]                                                                         ;
; REMOVE_REDUNDANT_LOGIC_CELLS ; off   ; -    ; state_after_shiftrows[6]                                                                         ;
; IGNORE_LCELL_BUFFERS         ; off   ; -    ; state_after_shiftrows[5]                                                                         ;
; REMOVE_REDUNDANT_LOGIC_CELLS ; off   ; -    ; state_after_shiftrows[5]                                                                         ;
; IGNORE_LCELL_BUFFERS         ; off   ; -    ; state_after_shiftrows[4]                                                                         ;
; REMOVE_REDUNDANT_LOGIC_CELLS ; off   ; -    ; state_after_shiftrows[4]                                                                         ;
; IGNORE_LCELL_BUFFERS         ; off   ; -    ; state_after_shiftrows[3]                                                                         ;
; REMOVE_REDUNDANT_LOGIC_CELLS ; off   ; -    ; state_after_shiftrows[3]                                                                         ;
; IGNORE_LCELL_BUFFERS         ; off   ; -    ; state_after_shiftrows[2]                                                                         ;
; REMOVE_REDUNDANT_LOGIC_CELLS ; off   ; -    ; state_after_shiftrows[2]                                                                         ;
; IGNORE_LCELL_BUFFERS         ; off   ; -    ; state_after_shiftrows[1]                                                                         ;
; REMOVE_REDUNDANT_LOGIC_CELLS ; off   ; -    ; state_after_shiftrows[1]                                                                         ;
; IGNORE_LCELL_BUFFERS         ; off   ; -    ; state_after_shiftrows[0]                                                                         ;
; REMOVE_REDUNDANT_LOGIC_CELLS ; off   ; -    ; state_after_shiftrows[0]                                                                         ;
; IGNORE_LCELL_BUFFERS         ; off   ; -    ; state_after_roundkey[127]                                                                        ;
; REMOVE_REDUNDANT_LOGIC_CELLS ; off   ; -    ; state_after_roundkey[127]                                                                        ;
; IGNORE_LCELL_BUFFERS         ; off   ; -    ; state_after_roundkey[126]                                                                        ;
; REMOVE_REDUNDANT_LOGIC_CELLS ; off   ; -    ; state_after_roundkey[126]                                                                        ;
; IGNORE_LCELL_BUFFERS         ; off   ; -    ; state_after_roundkey[125]                                                                        ;
; REMOVE_REDUNDANT_LOGIC_CELLS ; off   ; -    ; state_after_roundkey[125]                                                                        ;
; IGNORE_LCELL_BUFFERS         ; off   ; -    ; state_after_roundkey[124]                                                                        ;
; REMOVE_REDUNDANT_LOGIC_CELLS ; off   ; -    ; state_after_roundkey[124]                                                                        ;
; IGNORE_LCELL_BUFFERS         ; off   ; -    ; state_after_roundkey[123]                                                                        ;
; REMOVE_REDUNDANT_LOGIC_CELLS ; off   ; -    ; state_after_roundkey[123]                                                                        ;
; IGNORE_LCELL_BUFFERS         ; off   ; -    ; state_after_roundkey[122]                                                                        ;
; REMOVE_REDUNDANT_LOGIC_CELLS ; off   ; -    ; state_after_roundkey[122]                                                                        ;
; IGNORE_LCELL_BUFFERS         ; off   ; -    ; state_after_roundkey[121]                                                                        ;
; REMOVE_REDUNDANT_LOGIC_CELLS ; off   ; -    ; state_after_roundkey[121]                                                                        ;
; IGNORE_LCELL_BUFFERS         ; off   ; -    ; state_after_roundkey[120]                                                                        ;
; REMOVE_REDUNDANT_LOGIC_CELLS ; off   ; -    ; state_after_roundkey[120]                                                                        ;
; IGNORE_LCELL_BUFFERS         ; off   ; -    ; state_after_roundkey[119]                                                                        ;
; REMOVE_REDUNDANT_LOGIC_CELLS ; off   ; -    ; state_after_roundkey[119]                                                                        ;
; IGNORE_LCELL_BUFFERS         ; off   ; -    ; state_after_roundkey[118]                                                                        ;
; REMOVE_REDUNDANT_LOGIC_CELLS ; off   ; -    ; state_after_roundkey[118]                                                                        ;
; IGNORE_LCELL_BUFFERS         ; off   ; -    ; state_after_roundkey[117]                                                                        ;
; REMOVE_REDUNDANT_LOGIC_CELLS ; off   ; -    ; state_after_roundkey[117]                                                                        ;
; IGNORE_LCELL_BUFFERS         ; off   ; -    ; state_after_roundkey[116]                                                                        ;
; REMOVE_REDUNDANT_LOGIC_CELLS ; off   ; -    ; state_after_roundkey[116]                                                                        ;
; IGNORE_LCELL_BUFFERS         ; off   ; -    ; state_after_roundkey[115]                                                                        ;
; REMOVE_REDUNDANT_LOGIC_CELLS ; off   ; -    ; state_after_roundkey[115]                                                                        ;
; IGNORE_LCELL_BUFFERS         ; off   ; -    ; state_after_roundkey[114]                                                                        ;
; REMOVE_REDUNDANT_LOGIC_CELLS ; off   ; -    ; state_after_roundkey[114]                                                                        ;
; IGNORE_LCELL_BUFFERS         ; off   ; -    ; state_after_roundkey[113]                                                                        ;
; REMOVE_REDUNDANT_LOGIC_CELLS ; off   ; -    ; state_after_roundkey[113]                                                                        ;
; IGNORE_LCELL_BUFFERS         ; off   ; -    ; state_after_roundkey[112]                                                                        ;
; REMOVE_REDUNDANT_LOGIC_CELLS ; off   ; -    ; state_after_roundkey[112]                                                                        ;
; IGNORE_LCELL_BUFFERS         ; off   ; -    ; state_after_roundkey[111]                                                                        ;
; REMOVE_REDUNDANT_LOGIC_CELLS ; off   ; -    ; state_after_roundkey[111]                                                                        ;
; IGNORE_LCELL_BUFFERS         ; off   ; -    ; state_after_roundkey[110]                                                                        ;
; REMOVE_REDUNDANT_LOGIC_CELLS ; off   ; -    ; state_after_roundkey[110]                                                                        ;
; IGNORE_LCELL_BUFFERS         ; off   ; -    ; state_after_roundkey[109]                                                                        ;
; REMOVE_REDUNDANT_LOGIC_CELLS ; off   ; -    ; state_after_roundkey[109]                                                                        ;
; IGNORE_LCELL_BUFFERS         ; off   ; -    ; state_after_roundkey[108]                                                                        ;
; REMOVE_REDUNDANT_LOGIC_CELLS ; off   ; -    ; state_after_roundkey[108]                                                                        ;
; IGNORE_LCELL_BUFFERS         ; off   ; -    ; state_after_roundkey[107]                                                                        ;
; REMOVE_REDUNDANT_LOGIC_CELLS ; off   ; -    ; state_after_roundkey[107]                                                                        ;
; IGNORE_LCELL_BUFFERS         ; off   ; -    ; state_after_roundkey[106]                                                                        ;
; REMOVE_REDUNDANT_LOGIC_CELLS ; off   ; -    ; state_after_roundkey[106]                                                                        ;
; IGNORE_LCELL_BUFFERS         ; off   ; -    ; state_after_roundkey[105]                                                                        ;
; REMOVE_REDUNDANT_LOGIC_CELLS ; off   ; -    ; state_after_roundkey[105]                                                                        ;
; IGNORE_LCELL_BUFFERS         ; off   ; -    ; state_after_roundkey[104]                                                                        ;
; REMOVE_REDUNDANT_LOGIC_CELLS ; off   ; -    ; state_after_roundkey[104]                                                                        ;
; IGNORE_LCELL_BUFFERS         ; off   ; -    ; state_after_roundkey[103]                                                                        ;
; REMOVE_REDUNDANT_LOGIC_CELLS ; off   ; -    ; state_after_roundkey[103]                                                                        ;
; IGNORE_LCELL_BUFFERS         ; off   ; -    ; state_after_roundkey[102]                                                                        ;
; REMOVE_REDUNDANT_LOGIC_CELLS ; off   ; -    ; state_after_roundkey[102]                                                                        ;
; IGNORE_LCELL_BUFFERS         ; off   ; -    ; state_after_roundkey[101]                                                                        ;
; REMOVE_REDUNDANT_LOGIC_CELLS ; off   ; -    ; state_after_roundkey[101]                                                                        ;
; IGNORE_LCELL_BUFFERS         ; off   ; -    ; state_after_roundkey[100]                                                                        ;
; REMOVE_REDUNDANT_LOGIC_CELLS ; off   ; -    ; state_after_roundkey[100]                                                                        ;
; IGNORE_LCELL_BUFFERS         ; off   ; -    ; state_after_roundkey[99]                                                                         ;
; REMOVE_REDUNDANT_LOGIC_CELLS ; off   ; -    ; state_after_roundkey[99]                                                                         ;
; IGNORE_LCELL_BUFFERS         ; off   ; -    ; state_after_roundkey[98]                                                                         ;
; REMOVE_REDUNDANT_LOGIC_CELLS ; off   ; -    ; state_after_roundkey[98]                                                                         ;
; IGNORE_LCELL_BUFFERS         ; off   ; -    ; state_after_roundkey[97]                                                                         ;
; REMOVE_REDUNDANT_LOGIC_CELLS ; off   ; -    ; state_after_roundkey[97]                                                                         ;
; IGNORE_LCELL_BUFFERS         ; off   ; -    ; state_after_roundkey[96]                                                                         ;
; REMOVE_REDUNDANT_LOGIC_CELLS ; off   ; -    ; state_after_roundkey[96]                                                                         ;
; IGNORE_LCELL_BUFFERS         ; off   ; -    ; state_after_roundkey[95]                                                                         ;
; REMOVE_REDUNDANT_LOGIC_CELLS ; off   ; -    ; state_after_roundkey[95]                                                                         ;
; IGNORE_LCELL_BUFFERS         ; off   ; -    ; state_after_roundkey[94]                                                                         ;
; REMOVE_REDUNDANT_LOGIC_CELLS ; off   ; -    ; state_after_roundkey[94]                                                                         ;
; IGNORE_LCELL_BUFFERS         ; off   ; -    ; state_after_roundkey[93]                                                                         ;
; REMOVE_REDUNDANT_LOGIC_CELLS ; off   ; -    ; state_after_roundkey[93]                                                                         ;
; IGNORE_LCELL_BUFFERS         ; off   ; -    ; state_after_roundkey[92]                                                                         ;
; REMOVE_REDUNDANT_LOGIC_CELLS ; off   ; -    ; state_after_roundkey[92]                                                                         ;
; IGNORE_LCELL_BUFFERS         ; off   ; -    ; state_after_roundkey[91]                                                                         ;
; REMOVE_REDUNDANT_LOGIC_CELLS ; off   ; -    ; state_after_roundkey[91]                                                                         ;
; IGNORE_LCELL_BUFFERS         ; off   ; -    ; state_after_roundkey[90]                                                                         ;
; REMOVE_REDUNDANT_LOGIC_CELLS ; off   ; -    ; state_after_roundkey[90]                                                                         ;
; IGNORE_LCELL_BUFFERS         ; off   ; -    ; state_after_roundkey[89]                                                                         ;
; REMOVE_REDUNDANT_LOGIC_CELLS ; off   ; -    ; state_after_roundkey[89]                                                                         ;
; IGNORE_LCELL_BUFFERS         ; off   ; -    ; state_after_roundkey[88]                                                                         ;
; REMOVE_REDUNDANT_LOGIC_CELLS ; off   ; -    ; state_after_roundkey[88]                                                                         ;
; IGNORE_LCELL_BUFFERS         ; off   ; -    ; state_after_roundkey[87]                                                                         ;
; REMOVE_REDUNDANT_LOGIC_CELLS ; off   ; -    ; state_after_roundkey[87]                                                                         ;
; IGNORE_LCELL_BUFFERS         ; off   ; -    ; state_after_roundkey[86]                                                                         ;
; REMOVE_REDUNDANT_LOGIC_CELLS ; off   ; -    ; state_after_roundkey[86]                                                                         ;
; IGNORE_LCELL_BUFFERS         ; off   ; -    ; state_after_roundkey[85]                                                                         ;
; REMOVE_REDUNDANT_LOGIC_CELLS ; off   ; -    ; state_after_roundkey[85]                                                                         ;
; IGNORE_LCELL_BUFFERS         ; off   ; -    ; state_after_roundkey[84]                                                                         ;
; REMOVE_REDUNDANT_LOGIC_CELLS ; off   ; -    ; state_after_roundkey[84]                                                                         ;
; IGNORE_LCELL_BUFFERS         ; off   ; -    ; state_after_roundkey[83]                                                                         ;
; REMOVE_REDUNDANT_LOGIC_CELLS ; off   ; -    ; state_after_roundkey[83]                                                                         ;
; IGNORE_LCELL_BUFFERS         ; off   ; -    ; state_after_roundkey[82]                                                                         ;
; REMOVE_REDUNDANT_LOGIC_CELLS ; off   ; -    ; state_after_roundkey[82]                                                                         ;
; IGNORE_LCELL_BUFFERS         ; off   ; -    ; state_after_roundkey[81]                                                                         ;
; REMOVE_REDUNDANT_LOGIC_CELLS ; off   ; -    ; state_after_roundkey[81]                                                                         ;
; IGNORE_LCELL_BUFFERS         ; off   ; -    ; state_after_roundkey[80]                                                                         ;
; REMOVE_REDUNDANT_LOGIC_CELLS ; off   ; -    ; state_after_roundkey[80]                                                                         ;
; IGNORE_LCELL_BUFFERS         ; off   ; -    ; state_after_roundkey[79]                                                                         ;
; REMOVE_REDUNDANT_LOGIC_CELLS ; off   ; -    ; state_after_roundkey[79]                                                                         ;
; IGNORE_LCELL_BUFFERS         ; off   ; -    ; state_after_roundkey[78]                                                                         ;
; REMOVE_REDUNDANT_LOGIC_CELLS ; off   ; -    ; state_after_roundkey[78]                                                                         ;
; IGNORE_LCELL_BUFFERS         ; off   ; -    ; state_after_roundkey[77]                                                                         ;
; REMOVE_REDUNDANT_LOGIC_CELLS ; off   ; -    ; state_after_roundkey[77]                                                                         ;
; IGNORE_LCELL_BUFFERS         ; off   ; -    ; state_after_roundkey[76]                                                                         ;
; REMOVE_REDUNDANT_LOGIC_CELLS ; off   ; -    ; state_after_roundkey[76]                                                                         ;
; IGNORE_LCELL_BUFFERS         ; off   ; -    ; state_after_roundkey[75]                                                                         ;
; REMOVE_REDUNDANT_LOGIC_CELLS ; off   ; -    ; state_after_roundkey[75]                                                                         ;
; IGNORE_LCELL_BUFFERS         ; off   ; -    ; state_after_roundkey[74]                                                                         ;
; REMOVE_REDUNDANT_LOGIC_CELLS ; off   ; -    ; state_after_roundkey[74]                                                                         ;
; IGNORE_LCELL_BUFFERS         ; off   ; -    ; state_after_roundkey[73]                                                                         ;
; REMOVE_REDUNDANT_LOGIC_CELLS ; off   ; -    ; state_after_roundkey[73]                                                                         ;
; IGNORE_LCELL_BUFFERS         ; off   ; -    ; state_after_roundkey[72]                                                                         ;
; REMOVE_REDUNDANT_LOGIC_CELLS ; off   ; -    ; state_after_roundkey[72]                                                                         ;
; IGNORE_LCELL_BUFFERS         ; off   ; -    ; state_after_roundkey[71]                                                                         ;
; REMOVE_REDUNDANT_LOGIC_CELLS ; off   ; -    ; state_after_roundkey[71]                                                                         ;
; IGNORE_LCELL_BUFFERS         ; off   ; -    ; state_after_roundkey[70]                                                                         ;
; REMOVE_REDUNDANT_LOGIC_CELLS ; off   ; -    ; state_after_roundkey[70]                                                                         ;
; IGNORE_LCELL_BUFFERS         ; off   ; -    ; state_after_roundkey[69]                                                                         ;
; REMOVE_REDUNDANT_LOGIC_CELLS ; off   ; -    ; state_after_roundkey[69]                                                                         ;
; IGNORE_LCELL_BUFFERS         ; off   ; -    ; state_after_roundkey[68]                                                                         ;
; REMOVE_REDUNDANT_LOGIC_CELLS ; off   ; -    ; state_after_roundkey[68]                                                                         ;
; IGNORE_LCELL_BUFFERS         ; off   ; -    ; state_after_roundkey[67]                                                                         ;
; REMOVE_REDUNDANT_LOGIC_CELLS ; off   ; -    ; state_after_roundkey[67]                                                                         ;
; IGNORE_LCELL_BUFFERS         ; off   ; -    ; state_after_roundkey[66]                                                                         ;
; REMOVE_REDUNDANT_LOGIC_CELLS ; off   ; -    ; state_after_roundkey[66]                                                                         ;
; IGNORE_LCELL_BUFFERS         ; off   ; -    ; state_after_roundkey[65]                                                                         ;
; REMOVE_REDUNDANT_LOGIC_CELLS ; off   ; -    ; state_after_roundkey[65]                                                                         ;
; IGNORE_LCELL_BUFFERS         ; off   ; -    ; state_after_roundkey[64]                                                                         ;
; REMOVE_REDUNDANT_LOGIC_CELLS ; off   ; -    ; state_after_roundkey[64]                                                                         ;
; IGNORE_LCELL_BUFFERS         ; off   ; -    ; state_after_roundkey[63]                                                                         ;
; REMOVE_REDUNDANT_LOGIC_CELLS ; off   ; -    ; state_after_roundkey[63]                                                                         ;
; IGNORE_LCELL_BUFFERS         ; off   ; -    ; state_after_roundkey[62]                                                                         ;
; REMOVE_REDUNDANT_LOGIC_CELLS ; off   ; -    ; state_after_roundkey[62]                                                                         ;
; IGNORE_LCELL_BUFFERS         ; off   ; -    ; state_after_roundkey[61]                                                                         ;
; REMOVE_REDUNDANT_LOGIC_CELLS ; off   ; -    ; state_after_roundkey[61]                                                                         ;
; IGNORE_LCELL_BUFFERS         ; off   ; -    ; state_after_roundkey[60]                                                                         ;
; REMOVE_REDUNDANT_LOGIC_CELLS ; off   ; -    ; state_after_roundkey[60]                                                                         ;
; IGNORE_LCELL_BUFFERS         ; off   ; -    ; state_after_roundkey[59]                                                                         ;
; REMOVE_REDUNDANT_LOGIC_CELLS ; off   ; -    ; state_after_roundkey[59]                                                                         ;
; IGNORE_LCELL_BUFFERS         ; off   ; -    ; state_after_roundkey[58]                                                                         ;
; REMOVE_REDUNDANT_LOGIC_CELLS ; off   ; -    ; state_after_roundkey[58]                                                                         ;
; IGNORE_LCELL_BUFFERS         ; off   ; -    ; state_after_roundkey[57]                                                                         ;
; REMOVE_REDUNDANT_LOGIC_CELLS ; off   ; -    ; state_after_roundkey[57]                                                                         ;
; IGNORE_LCELL_BUFFERS         ; off   ; -    ; state_after_roundkey[56]                                                                         ;
; REMOVE_REDUNDANT_LOGIC_CELLS ; off   ; -    ; state_after_roundkey[56]                                                                         ;
; IGNORE_LCELL_BUFFERS         ; off   ; -    ; state_after_roundkey[55]                                                                         ;
; REMOVE_REDUNDANT_LOGIC_CELLS ; off   ; -    ; state_after_roundkey[55]                                                                         ;
; IGNORE_LCELL_BUFFERS         ; off   ; -    ; state_after_roundkey[54]                                                                         ;
; REMOVE_REDUNDANT_LOGIC_CELLS ; off   ; -    ; state_after_roundkey[54]                                                                         ;
; IGNORE_LCELL_BUFFERS         ; off   ; -    ; state_after_roundkey[53]                                                                         ;
; REMOVE_REDUNDANT_LOGIC_CELLS ; off   ; -    ; state_after_roundkey[53]                                                                         ;
; IGNORE_LCELL_BUFFERS         ; off   ; -    ; state_after_roundkey[52]                                                                         ;
; REMOVE_REDUNDANT_LOGIC_CELLS ; off   ; -    ; state_after_roundkey[52]                                                                         ;
; IGNORE_LCELL_BUFFERS         ; off   ; -    ; state_after_roundkey[51]                                                                         ;
; REMOVE_REDUNDANT_LOGIC_CELLS ; off   ; -    ; state_after_roundkey[51]                                                                         ;
; IGNORE_LCELL_BUFFERS         ; off   ; -    ; state_after_roundkey[50]                                                                         ;
; REMOVE_REDUNDANT_LOGIC_CELLS ; off   ; -    ; state_after_roundkey[50]                                                                         ;
; IGNORE_LCELL_BUFFERS         ; off   ; -    ; state_after_roundkey[49]                                                                         ;
; REMOVE_REDUNDANT_LOGIC_CELLS ; off   ; -    ; state_after_roundkey[49]                                                                         ;
; IGNORE_LCELL_BUFFERS         ; off   ; -    ; state_after_roundkey[48]                                                                         ;
; REMOVE_REDUNDANT_LOGIC_CELLS ; off   ; -    ; state_after_roundkey[48]                                                                         ;
; IGNORE_LCELL_BUFFERS         ; off   ; -    ; state_after_roundkey[47]                                                                         ;
; REMOVE_REDUNDANT_LOGIC_CELLS ; off   ; -    ; state_after_roundkey[47]                                                                         ;
; IGNORE_LCELL_BUFFERS         ; off   ; -    ; state_after_roundkey[46]                                                                         ;
; REMOVE_REDUNDANT_LOGIC_CELLS ; off   ; -    ; state_after_roundkey[46]                                                                         ;
; IGNORE_LCELL_BUFFERS         ; off   ; -    ; state_after_roundkey[45]                                                                         ;
; REMOVE_REDUNDANT_LOGIC_CELLS ; off   ; -    ; state_after_roundkey[45]                                                                         ;
; IGNORE_LCELL_BUFFERS         ; off   ; -    ; state_after_roundkey[44]                                                                         ;
; REMOVE_REDUNDANT_LOGIC_CELLS ; off   ; -    ; state_after_roundkey[44]                                                                         ;
; IGNORE_LCELL_BUFFERS         ; off   ; -    ; state_after_roundkey[43]                                                                         ;
; REMOVE_REDUNDANT_LOGIC_CELLS ; off   ; -    ; state_after_roundkey[43]                                                                         ;
; IGNORE_LCELL_BUFFERS         ; off   ; -    ; state_after_roundkey[42]                                                                         ;
; REMOVE_REDUNDANT_LOGIC_CELLS ; off   ; -    ; state_after_roundkey[42]                                                                         ;
; IGNORE_LCELL_BUFFERS         ; off   ; -    ; state_after_roundkey[41]                                                                         ;
; REMOVE_REDUNDANT_LOGIC_CELLS ; off   ; -    ; state_after_roundkey[41]                                                                         ;
; IGNORE_LCELL_BUFFERS         ; off   ; -    ; state_after_roundkey[40]                                                                         ;
; REMOVE_REDUNDANT_LOGIC_CELLS ; off   ; -    ; state_after_roundkey[40]                                                                         ;
; IGNORE_LCELL_BUFFERS         ; off   ; -    ; state_after_roundkey[39]                                                                         ;
; REMOVE_REDUNDANT_LOGIC_CELLS ; off   ; -    ; state_after_roundkey[39]                                                                         ;
; IGNORE_LCELL_BUFFERS         ; off   ; -    ; state_after_roundkey[38]                                                                         ;
; REMOVE_REDUNDANT_LOGIC_CELLS ; off   ; -    ; state_after_roundkey[38]                                                                         ;
; IGNORE_LCELL_BUFFERS         ; off   ; -    ; state_after_roundkey[37]                                                                         ;
; REMOVE_REDUNDANT_LOGIC_CELLS ; off   ; -    ; state_after_roundkey[37]                                                                         ;
; IGNORE_LCELL_BUFFERS         ; off   ; -    ; state_after_roundkey[36]                                                                         ;
; REMOVE_REDUNDANT_LOGIC_CELLS ; off   ; -    ; state_after_roundkey[36]                                                                         ;
; IGNORE_LCELL_BUFFERS         ; off   ; -    ; state_after_roundkey[35]                                                                         ;
; REMOVE_REDUNDANT_LOGIC_CELLS ; off   ; -    ; state_after_roundkey[35]                                                                         ;
; IGNORE_LCELL_BUFFERS         ; off   ; -    ; state_after_roundkey[34]                                                                         ;
; REMOVE_REDUNDANT_LOGIC_CELLS ; off   ; -    ; state_after_roundkey[34]                                                                         ;
; IGNORE_LCELL_BUFFERS         ; off   ; -    ; state_after_roundkey[33]                                                                         ;
; REMOVE_REDUNDANT_LOGIC_CELLS ; off   ; -    ; state_after_roundkey[33]                                                                         ;
; IGNORE_LCELL_BUFFERS         ; off   ; -    ; state_after_roundkey[32]                                                                         ;
; REMOVE_REDUNDANT_LOGIC_CELLS ; off   ; -    ; state_after_roundkey[32]                                                                         ;
; IGNORE_LCELL_BUFFERS         ; off   ; -    ; state_after_roundkey[31]                                                                         ;
; REMOVE_REDUNDANT_LOGIC_CELLS ; off   ; -    ; state_after_roundkey[31]                                                                         ;
; IGNORE_LCELL_BUFFERS         ; off   ; -    ; state_after_roundkey[30]                                                                         ;
; REMOVE_REDUNDANT_LOGIC_CELLS ; off   ; -    ; state_after_roundkey[30]                                                                         ;
; IGNORE_LCELL_BUFFERS         ; off   ; -    ; state_after_roundkey[29]                                                                         ;
; REMOVE_REDUNDANT_LOGIC_CELLS ; off   ; -    ; state_after_roundkey[29]                                                                         ;
; IGNORE_LCELL_BUFFERS         ; off   ; -    ; state_after_roundkey[28]                                                                         ;
; REMOVE_REDUNDANT_LOGIC_CELLS ; off   ; -    ; state_after_roundkey[28]                                                                         ;
; IGNORE_LCELL_BUFFERS         ; off   ; -    ; state_after_roundkey[27]                                                                         ;
; REMOVE_REDUNDANT_LOGIC_CELLS ; off   ; -    ; state_after_roundkey[27]                                                                         ;
; IGNORE_LCELL_BUFFERS         ; off   ; -    ; state_after_roundkey[26]                                                                         ;
; REMOVE_REDUNDANT_LOGIC_CELLS ; off   ; -    ; state_after_roundkey[26]                                                                         ;
; IGNORE_LCELL_BUFFERS         ; off   ; -    ; state_after_roundkey[25]                                                                         ;
; REMOVE_REDUNDANT_LOGIC_CELLS ; off   ; -    ; state_after_roundkey[25]                                                                         ;
; IGNORE_LCELL_BUFFERS         ; off   ; -    ; state_after_roundkey[24]                                                                         ;
; REMOVE_REDUNDANT_LOGIC_CELLS ; off   ; -    ; state_after_roundkey[24]                                                                         ;
; IGNORE_LCELL_BUFFERS         ; off   ; -    ; state_after_roundkey[23]                                                                         ;
; REMOVE_REDUNDANT_LOGIC_CELLS ; off   ; -    ; state_after_roundkey[23]                                                                         ;
; IGNORE_LCELL_BUFFERS         ; off   ; -    ; state_after_roundkey[22]                                                                         ;
; REMOVE_REDUNDANT_LOGIC_CELLS ; off   ; -    ; state_after_roundkey[22]                                                                         ;
; IGNORE_LCELL_BUFFERS         ; off   ; -    ; state_after_roundkey[21]                                                                         ;
; REMOVE_REDUNDANT_LOGIC_CELLS ; off   ; -    ; state_after_roundkey[21]                                                                         ;
; IGNORE_LCELL_BUFFERS         ; off   ; -    ; state_after_roundkey[20]                                                                         ;
; REMOVE_REDUNDANT_LOGIC_CELLS ; off   ; -    ; state_after_roundkey[20]                                                                         ;
; IGNORE_LCELL_BUFFERS         ; off   ; -    ; state_after_roundkey[19]                                                                         ;
; REMOVE_REDUNDANT_LOGIC_CELLS ; off   ; -    ; state_after_roundkey[19]                                                                         ;
; IGNORE_LCELL_BUFFERS         ; off   ; -    ; state_after_roundkey[18]                                                                         ;
; REMOVE_REDUNDANT_LOGIC_CELLS ; off   ; -    ; state_after_roundkey[18]                                                                         ;
; IGNORE_LCELL_BUFFERS         ; off   ; -    ; state_after_roundkey[17]                                                                         ;
; REMOVE_REDUNDANT_LOGIC_CELLS ; off   ; -    ; state_after_roundkey[17]                                                                         ;
; IGNORE_LCELL_BUFFERS         ; off   ; -    ; state_after_roundkey[16]                                                                         ;
; REMOVE_REDUNDANT_LOGIC_CELLS ; off   ; -    ; state_after_roundkey[16]                                                                         ;
; IGNORE_LCELL_BUFFERS         ; off   ; -    ; state_after_roundkey[15]                                                                         ;
; REMOVE_REDUNDANT_LOGIC_CELLS ; off   ; -    ; state_after_roundkey[15]                                                                         ;
; IGNORE_LCELL_BUFFERS         ; off   ; -    ; state_after_roundkey[14]                                                                         ;
; REMOVE_REDUNDANT_LOGIC_CELLS ; off   ; -    ; state_after_roundkey[14]                                                                         ;
; IGNORE_LCELL_BUFFERS         ; off   ; -    ; state_after_roundkey[13]                                                                         ;
; REMOVE_REDUNDANT_LOGIC_CELLS ; off   ; -    ; state_after_roundkey[13]                                                                         ;
; IGNORE_LCELL_BUFFERS         ; off   ; -    ; state_after_roundkey[12]                                                                         ;
; REMOVE_REDUNDANT_LOGIC_CELLS ; off   ; -    ; state_after_roundkey[12]                                                                         ;
; IGNORE_LCELL_BUFFERS         ; off   ; -    ; state_after_roundkey[11]                                                                         ;
; REMOVE_REDUNDANT_LOGIC_CELLS ; off   ; -    ; state_after_roundkey[11]                                                                         ;
; IGNORE_LCELL_BUFFERS         ; off   ; -    ; state_after_roundkey[10]                                                                         ;
; REMOVE_REDUNDANT_LOGIC_CELLS ; off   ; -    ; state_after_roundkey[10]                                                                         ;
; IGNORE_LCELL_BUFFERS         ; off   ; -    ; state_after_roundkey[9]                                                                          ;
; REMOVE_REDUNDANT_LOGIC_CELLS ; off   ; -    ; state_after_roundkey[9]                                                                          ;
; IGNORE_LCELL_BUFFERS         ; off   ; -    ; state_after_roundkey[8]                                                                          ;
; REMOVE_REDUNDANT_LOGIC_CELLS ; off   ; -    ; state_after_roundkey[8]                                                                          ;
; IGNORE_LCELL_BUFFERS         ; off   ; -    ; state_after_roundkey[7]                                                                          ;
; REMOVE_REDUNDANT_LOGIC_CELLS ; off   ; -    ; state_after_roundkey[7]                                                                          ;
; IGNORE_LCELL_BUFFERS         ; off   ; -    ; state_after_roundkey[6]                                                                          ;
; REMOVE_REDUNDANT_LOGIC_CELLS ; off   ; -    ; state_after_roundkey[6]                                                                          ;
; IGNORE_LCELL_BUFFERS         ; off   ; -    ; state_after_roundkey[5]                                                                          ;
; REMOVE_REDUNDANT_LOGIC_CELLS ; off   ; -    ; state_after_roundkey[5]                                                                          ;
; IGNORE_LCELL_BUFFERS         ; off   ; -    ; state_after_roundkey[4]                                                                          ;
; REMOVE_REDUNDANT_LOGIC_CELLS ; off   ; -    ; state_after_roundkey[4]                                                                          ;
; IGNORE_LCELL_BUFFERS         ; off   ; -    ; state_after_roundkey[3]                                                                          ;
; REMOVE_REDUNDANT_LOGIC_CELLS ; off   ; -    ; state_after_roundkey[3]                                                                          ;
; IGNORE_LCELL_BUFFERS         ; off   ; -    ; state_after_roundkey[2]                                                                          ;
; REMOVE_REDUNDANT_LOGIC_CELLS ; off   ; -    ; state_after_roundkey[2]                                                                          ;
; IGNORE_LCELL_BUFFERS         ; off   ; -    ; state_after_roundkey[1]                                                                          ;
; REMOVE_REDUNDANT_LOGIC_CELLS ; off   ; -    ; state_after_roundkey[1]                                                                          ;
; IGNORE_LCELL_BUFFERS         ; off   ; -    ; state_after_roundkey[0]                                                                          ;
; REMOVE_REDUNDANT_LOGIC_CELLS ; off   ; -    ; state_after_roundkey[0]                                                                          ;
; IGNORE_LCELL_BUFFERS         ; off   ; -    ; final_round                                                                                      ;
; REMOVE_REDUNDANT_LOGIC_CELLS ; off   ; -    ; final_round                                                                                      ;
+------------------------------+-------+------+--------------------------------------------------------------------------------------------------+


+--------------------------------------------------------------------------------------------------------------------------------------------------------------------+
; Source assignments for mem_stage:u_mem_stage|canfd_secoc_mmio:u_canfd_secoc_mmio|aes128_lowpower:u_secoc_aes|AES128_updated_new:u_reusable_aes|AES_SBOX_SEQ:u_sbox ;
+------------------------------+-------+------+----------------------------------------------------------------------------------------------------------------------+
; Assignment                   ; Value ; From ; To                                                                                                                   ;
+------------------------------+-------+------+----------------------------------------------------------------------------------------------------------------------+
; PRESERVE_REGISTER            ; on    ; -    ; idx[3]                                                                                                               ;
; PRESERVE_REGISTER            ; on    ; -    ; idx[2]                                                                                                               ;
; PRESERVE_REGISTER            ; on    ; -    ; idx[1]                                                                                                               ;
; PRESERVE_REGISTER            ; on    ; -    ; idx[0]                                                                                                               ;
; PRESERVE_REGISTER            ; on    ; -    ; running                                                                                                              ;
; IGNORE_LCELL_BUFFERS         ; off   ; -    ; s_in[7]                                                                                                              ;
; REMOVE_REDUNDANT_LOGIC_CELLS ; off   ; -    ; s_in[7]                                                                                                              ;
; IGNORE_LCELL_BUFFERS         ; off   ; -    ; s_in[6]                                                                                                              ;
; REMOVE_REDUNDANT_LOGIC_CELLS ; off   ; -    ; s_in[6]                                                                                                              ;
; IGNORE_LCELL_BUFFERS         ; off   ; -    ; s_in[5]                                                                                                              ;
; REMOVE_REDUNDANT_LOGIC_CELLS ; off   ; -    ; s_in[5]                                                                                                              ;
; IGNORE_LCELL_BUFFERS         ; off   ; -    ; s_in[4]                                                                                                              ;
; REMOVE_REDUNDANT_LOGIC_CELLS ; off   ; -    ; s_in[4]                                                                                                              ;
; IGNORE_LCELL_BUFFERS         ; off   ; -    ; s_in[3]                                                                                                              ;
; REMOVE_REDUNDANT_LOGIC_CELLS ; off   ; -    ; s_in[3]                                                                                                              ;
; IGNORE_LCELL_BUFFERS         ; off   ; -    ; s_in[2]                                                                                                              ;
; REMOVE_REDUNDANT_LOGIC_CELLS ; off   ; -    ; s_in[2]                                                                                                              ;
; IGNORE_LCELL_BUFFERS         ; off   ; -    ; s_in[1]                                                                                                              ;
; REMOVE_REDUNDANT_LOGIC_CELLS ; off   ; -    ; s_in[1]                                                                                                              ;
; IGNORE_LCELL_BUFFERS         ; off   ; -    ; s_in[0]                                                                                                              ;
; REMOVE_REDUNDANT_LOGIC_CELLS ; off   ; -    ; s_in[0]                                                                                                              ;
+------------------------------+-------+------+----------------------------------------------------------------------------------------------------------------------+


+---------------------------------------------------------------------------------------------------------------------------------------------------------------------+
; Source assignments for mem_stage:u_mem_stage|canfd_secoc_mmio:u_canfd_secoc_mmio|aes128_lowpower:u_secoc_aes|AES128_updated_new:u_reusable_aes|AES_MIXCOL_SEQ:u_mix ;
+------------------------------+-------+------+-----------------------------------------------------------------------------------------------------------------------+
; Assignment                   ; Value ; From ; To                                                                                                                    ;
+------------------------------+-------+------+-----------------------------------------------------------------------------------------------------------------------+
; PRESERVE_REGISTER            ; on    ; -    ; running                                                                                                               ;
; PRESERVE_REGISTER            ; on    ; -    ; col[1]                                                                                                                ;
; PRESERVE_REGISTER            ; on    ; -    ; col[0]                                                                                                                ;
; IGNORE_LCELL_BUFFERS         ; off   ; -    ; mc[31]                                                                                                                ;
; REMOVE_REDUNDANT_LOGIC_CELLS ; off   ; -    ; mc[31]                                                                                                                ;
; IGNORE_LCELL_BUFFERS         ; off   ; -    ; mc[30]                                                                                                                ;
; REMOVE_REDUNDANT_LOGIC_CELLS ; off   ; -    ; mc[30]                                                                                                                ;
; IGNORE_LCELL_BUFFERS         ; off   ; -    ; mc[29]                                                                                                                ;
; REMOVE_REDUNDANT_LOGIC_CELLS ; off   ; -    ; mc[29]                                                                                                                ;
; IGNORE_LCELL_BUFFERS         ; off   ; -    ; mc[28]                                                                                                                ;
; REMOVE_REDUNDANT_LOGIC_CELLS ; off   ; -    ; mc[28]                                                                                                                ;
; IGNORE_LCELL_BUFFERS         ; off   ; -    ; mc[27]                                                                                                                ;
; REMOVE_REDUNDANT_LOGIC_CELLS ; off   ; -    ; mc[27]                                                                                                                ;
; IGNORE_LCELL_BUFFERS         ; off   ; -    ; mc[26]                                                                                                                ;
; REMOVE_REDUNDANT_LOGIC_CELLS ; off   ; -    ; mc[26]                                                                                                                ;
; IGNORE_LCELL_BUFFERS         ; off   ; -    ; mc[25]                                                                                                                ;
; REMOVE_REDUNDANT_LOGIC_CELLS ; off   ; -    ; mc[25]                                                                                                                ;
; IGNORE_LCELL_BUFFERS         ; off   ; -    ; mc[24]                                                                                                                ;
; REMOVE_REDUNDANT_LOGIC_CELLS ; off   ; -    ; mc[24]                                                                                                                ;
; IGNORE_LCELL_BUFFERS         ; off   ; -    ; mc[23]                                                                                                                ;
; REMOVE_REDUNDANT_LOGIC_CELLS ; off   ; -    ; mc[23]                                                                                                                ;
; IGNORE_LCELL_BUFFERS         ; off   ; -    ; mc[22]                                                                                                                ;
; REMOVE_REDUNDANT_LOGIC_CELLS ; off   ; -    ; mc[22]                                                                                                                ;
; IGNORE_LCELL_BUFFERS         ; off   ; -    ; mc[21]                                                                                                                ;
; REMOVE_REDUNDANT_LOGIC_CELLS ; off   ; -    ; mc[21]                                                                                                                ;
; IGNORE_LCELL_BUFFERS         ; off   ; -    ; mc[20]                                                                                                                ;
; REMOVE_REDUNDANT_LOGIC_CELLS ; off   ; -    ; mc[20]                                                                                                                ;
; IGNORE_LCELL_BUFFERS         ; off   ; -    ; mc[19]                                                                                                                ;
; REMOVE_REDUNDANT_LOGIC_CELLS ; off   ; -    ; mc[19]                                                                                                                ;
; IGNORE_LCELL_BUFFERS         ; off   ; -    ; mc[18]                                                                                                                ;
; REMOVE_REDUNDANT_LOGIC_CELLS ; off   ; -    ; mc[18]                                                                                                                ;
; IGNORE_LCELL_BUFFERS         ; off   ; -    ; mc[17]                                                                                                                ;
; REMOVE_REDUNDANT_LOGIC_CELLS ; off   ; -    ; mc[17]                                                                                                                ;
; IGNORE_LCELL_BUFFERS         ; off   ; -    ; mc[16]                                                                                                                ;
; REMOVE_REDUNDANT_LOGIC_CELLS ; off   ; -    ; mc[16]                                                                                                                ;
; IGNORE_LCELL_BUFFERS         ; off   ; -    ; mc[15]                                                                                                                ;
; REMOVE_REDUNDANT_LOGIC_CELLS ; off   ; -    ; mc[15]                                                                                                                ;
; IGNORE_LCELL_BUFFERS         ; off   ; -    ; mc[14]                                                                                                                ;
; REMOVE_REDUNDANT_LOGIC_CELLS ; off   ; -    ; mc[14]                                                                                                                ;
; IGNORE_LCELL_BUFFERS         ; off   ; -    ; mc[13]                                                                                                                ;
; REMOVE_REDUNDANT_LOGIC_CELLS ; off   ; -    ; mc[13]                                                                                                                ;
; IGNORE_LCELL_BUFFERS         ; off   ; -    ; mc[12]                                                                                                                ;
; REMOVE_REDUNDANT_LOGIC_CELLS ; off   ; -    ; mc[12]                                                                                                                ;
; IGNORE_LCELL_BUFFERS         ; off   ; -    ; mc[11]                                                                                                                ;
; REMOVE_REDUNDANT_LOGIC_CELLS ; off   ; -    ; mc[11]                                                                                                                ;
; IGNORE_LCELL_BUFFERS         ; off   ; -    ; mc[10]                                                                                                                ;
; REMOVE_REDUNDANT_LOGIC_CELLS ; off   ; -    ; mc[10]                                                                                                                ;
; IGNORE_LCELL_BUFFERS         ; off   ; -    ; mc[9]                                                                                                                 ;
; REMOVE_REDUNDANT_LOGIC_CELLS ; off   ; -    ; mc[9]                                                                                                                 ;
; IGNORE_LCELL_BUFFERS         ; off   ; -    ; mc[8]                                                                                                                 ;
; REMOVE_REDUNDANT_LOGIC_CELLS ; off   ; -    ; mc[8]                                                                                                                 ;
; IGNORE_LCELL_BUFFERS         ; off   ; -    ; mc[7]                                                                                                                 ;
; REMOVE_REDUNDANT_LOGIC_CELLS ; off   ; -    ; mc[7]                                                                                                                 ;
; IGNORE_LCELL_BUFFERS         ; off   ; -    ; mc[6]                                                                                                                 ;
; REMOVE_REDUNDANT_LOGIC_CELLS ; off   ; -    ; mc[6]                                                                                                                 ;
; IGNORE_LCELL_BUFFERS         ; off   ; -    ; mc[5]                                                                                                                 ;
; REMOVE_REDUNDANT_LOGIC_CELLS ; off   ; -    ; mc[5]                                                                                                                 ;
; IGNORE_LCELL_BUFFERS         ; off   ; -    ; mc[4]                                                                                                                 ;
; REMOVE_REDUNDANT_LOGIC_CELLS ; off   ; -    ; mc[4]                                                                                                                 ;
; IGNORE_LCELL_BUFFERS         ; off   ; -    ; mc[3]                                                                                                                 ;
; REMOVE_REDUNDANT_LOGIC_CELLS ; off   ; -    ; mc[3]                                                                                                                 ;
; IGNORE_LCELL_BUFFERS         ; off   ; -    ; mc[2]                                                                                                                 ;
; REMOVE_REDUNDANT_LOGIC_CELLS ; off   ; -    ; mc[2]                                                                                                                 ;
; IGNORE_LCELL_BUFFERS         ; off   ; -    ; mc[1]                                                                                                                 ;
; REMOVE_REDUNDANT_LOGIC_CELLS ; off   ; -    ; mc[1]                                                                                                                 ;
; IGNORE_LCELL_BUFFERS         ; off   ; -    ; mc[0]                                                                                                                 ;
; REMOVE_REDUNDANT_LOGIC_CELLS ; off   ; -    ; mc[0]                                                                                                                 ;
+------------------------------+-------+------+-----------------------------------------------------------------------------------------------------------------------+


+---------------------------------------------------------------------------------------------------------------------------------------------------------------------+
; Source assignments for mem_stage:u_mem_stage|canfd_secoc_mmio:u_canfd_secoc_mmio|aes128_lowpower:u_secoc_aes|AES128_updated_new:u_reusable_aes|AES_KEYEXP_SEQ:u_key ;
+-------------------+-------+------+----------------------------------------------------------------------------------------------------------------------------------+
; Assignment        ; Value ; From ; To                                                                                                                               ;
+-------------------+-------+------+----------------------------------------------------------------------------------------------------------------------------------+
; PRESERVE_REGISTER ; on    ; -    ; running                                                                                                                          ;
+-------------------+-------+------+----------------------------------------------------------------------------------------------------------------------------------+


+--------------------------------------------------------------------------------------------------------+
; Parameter Settings for User Entity Instance: mem_stage:u_mem_stage|canfd_secoc_mmio:u_canfd_secoc_mmio ;
+----------------+-------+-------------------------------------------------------------------------------+
; Parameter Name ; Value ; Type                                                                          ;
+----------------+-------+-------------------------------------------------------------------------------+
; FIFO_DEPTH     ; 4     ; Signed Integer                                                                ;
+----------------+-------+-------------------------------------------------------------------------------+
Note: In order to hide this table in the UI and the text report file, please set the "Show Parameter Settings in Synthesis Report" option in "Analysis and Synthesis Settings -> More Settings" to "Off".


+-------------------------------------------------------------------------------------+
; Port Connectivity Checks: "mem_stage:u_mem_stage|power_mgmt_mmio:u_power_mgmt_mmio" ;
+--------------+-------+----------+---------------------------------------------------+
; Port         ; Type  ; Severity ; Details                                           ;
+--------------+-------+----------+---------------------------------------------------+
; cpu_active_i ; Input ; Info     ; Stuck at VCC                                      ;
+--------------+-------+----------+---------------------------------------------------+


+-------------------------------------------------------------------------------------------------------------------+
; Port Connectivity Checks: "mem_stage:u_mem_stage|canfd_secoc_mmio:u_canfd_secoc_mmio|aes128_lowpower:u_secoc_aes" ;
+--------+-------+----------+---------------------------------------------------------------------------------------+
; Port   ; Type  ; Severity ; Details                                                                               ;
+--------+-------+----------+---------------------------------------------------------------------------------------+
; clk_en ; Input ; Info     ; Stuck at VCC                                                                          ;
+--------+-------+----------+---------------------------------------------------------------------------------------+


+---------------------------------------------------------------------------------------------------------------------+
; Port Connectivity Checks: "mem_stage:u_mem_stage|canfd_secoc_mmio:u_canfd_secoc_mmio"                               ;
+-----------+--------+----------+-------------------------------------------------------------------------------------+
; Port      ; Type   ; Severity ; Details                                                                             ;
+-----------+--------+----------+-------------------------------------------------------------------------------------+
; dma_req_o ; Output ; Info     ; Connected to dangling logic. Logic that only feeds a dangling port will be removed. ;
+-----------+--------+----------+-------------------------------------------------------------------------------------+


+------------------------------------------------------------------------------------------------------------------+
; Port Connectivity Checks: "mem_stage:u_mem_stage|dma_lite:u_dma_lite"                                            ;
+--------+--------+----------+-------------------------------------------------------------------------------------+
; Port   ; Type   ; Severity ; Details                                                                             ;
+--------+--------+----------+-------------------------------------------------------------------------------------+
; done_o ; Output ; Info     ; Connected to dangling logic. Logic that only feeds a dangling port will be removed. ;
+--------+--------+----------+-------------------------------------------------------------------------------------+


+-----------------------------------------------------------------------------+
; Port Connectivity Checks: "mem_stage:u_mem_stage|simple_intc:u_simple_intc" ;
+----------+-------+----------+-----------------------------------------------+
; Port     ; Type  ; Severity ; Details                                       ;
+----------+-------+----------+-----------------------------------------------+
; clk_en_i ; Input ; Info     ; Stuck at VCC                                  ;
+----------+-------+----------+-----------------------------------------------+


+---------------------------------------------------------------------------------------------------------------------+
; Port Connectivity Checks: "mem_stage:u_mem_stage|uart_mmio:u_uart_mmio"                                             ;
+-----------+--------+----------+-------------------------------------------------------------------------------------+
; Port      ; Type   ; Severity ; Details                                                                             ;
+-----------+--------+----------+-------------------------------------------------------------------------------------+
; tx_busy_o ; Output ; Info     ; Connected to dangling logic. Logic that only feeds a dangling port will be removed. ;
; tx_done_o ; Output ; Info     ; Connected to dangling logic. Logic that only feeds a dangling port will be removed. ;
+-----------+--------+----------+-------------------------------------------------------------------------------------+


+------------------------------------------------------------------------------------------------------------------------+
; Port Connectivity Checks: "mem_stage:u_mem_stage|sensor_spi_mmio:u_sensor_spi_mmio|sensor_spi_ip:u_sensor_spi_ip"      ;
+--------------+--------+----------+-------------------------------------------------------------------------------------+
; Port         ; Type   ; Severity ; Details                                                                             ;
+--------------+--------+----------+-------------------------------------------------------------------------------------+
; endofpacket  ; Output ; Info     ; Explicitly unconnected                                                              ;
; irq          ; Output ; Info     ; Connected to dangling logic. Logic that only feeds a dangling port will be removed. ;
; readyfordata ; Output ; Info     ; Connected to dangling logic. Logic that only feeds a dangling port will be removed. ;
+--------------+--------+----------+-------------------------------------------------------------------------------------+


+-----------------------------------------------------+
; Post-Synthesis Netlist Statistics for Top Partition ;
+-----------------------+-----------------------------+
; Type                  ; Count                       ;
+-----------------------+-----------------------------+
; arriav_ff             ; 20996                       ;
;     CLR               ; 5642                        ;
;     CLR SCLR          ; 204                         ;
;     CLR SLD           ; 8                           ;
;     ENA CLR           ; 3274                        ;
;     ENA CLR SCLR      ; 1715                        ;
;     ENA CLR SCLR SLD  ; 147                         ;
;     ENA CLR SLD       ; 1334                        ;
;     ENA SCLR          ; 480                         ;
;     ENA SCLR SLD      ; 8192                        ;
; arriav_lcell_comb     ; 22359                       ;
;     arith             ; 1164                        ;
;         1 data inputs ; 1063                        ;
;         2 data inputs ; 29                          ;
;         4 data inputs ; 32                          ;
;         5 data inputs ; 40                          ;
;     extend            ; 181                         ;
;         7 data inputs ; 181                         ;
;     normal            ; 20982                       ;
;         0 data inputs ; 3                           ;
;         1 data inputs ; 346                         ;
;         2 data inputs ; 1038                        ;
;         3 data inputs ; 3619                        ;
;         4 data inputs ; 4386                        ;
;         5 data inputs ; 1208                        ;
;         6 data inputs ; 10382                       ;
;     shared            ; 32                          ;
;         2 data inputs ; 32                          ;
; boundary_port         ; 107                         ;
;                       ;                             ;
; Max LUT depth         ; 10.90                       ;
; Average LUT depth     ; 5.40                        ;
+-----------------------+-----------------------------+


+-------------------------------+
; Elapsed Time Per Partition    ;
+----------------+--------------+
; Partition Name ; Elapsed Time ;
+----------------+--------------+
; Top            ; 00:02:19     ;
+----------------+--------------+


+-------------------------------+
; Analysis & Synthesis Messages ;
+-------------------------------+
Info: *******************************************************************
Info: Running Quartus Prime Analysis & Synthesis
    Info: Version 23.1std.1 Build 993 05/14/2024 SC Lite Edition
    Info: Copyright (C) 2024  Intel Corporation. All rights reserved.
    Info: Your use of Intel Corporation's design tools, logic functions 
    Info: and other software and tools, and any partner logic 
    Info: functions, and any output files from any of the foregoing 
    Info: (including device programming or simulation files), and any 
    Info: associated documentation or information are expressly subject 
    Info: to the terms and conditions of the Intel Program License 
    Info: Subscription Agreement, the Intel Quartus Prime License Agreement,
    Info: the Intel FPGA IP License Agreement, or other applicable license
    Info: agreement, including, without limitation, that your use is for
    Info: the sole purpose of programming logic devices manufactured by
    Info: Intel and sold by Intel or its authorized distributors.  Please
    Info: refer to the applicable agreement for further details, at
    Info: https://fpgasoftware.intel.com/eula.
    Info: Processing started: Sat Oct  3 19:21:56 2026
Info: Command: quartus_map riscv_aes_advancements
Info (20032): Parallel compilation is enabled and will use up to 2 processors
Info (12021): Found 1 design units, including 1 entities, in source file /mtech/sem 4/midesm presetation/riscv_aes_advancements/risc_aes_custom_isa/journal_report_can_ids/github_full_validation_20261003/rtl/top/riscv_aes_advancements.sv
    Info (12023): Found entity 1: riscv_aes_advancements File: D:/mtech/sem 4/midesm presetation/riscv_aes_advancements/risc_aes_custom_ISA/journal_report_can_ids/github_full_validation_20261003/RTL/Top/riscv_aes_advancements.sv Line: 70
Info (12021): Found 1 design units, including 1 entities, in source file /mtech/sem 4/midesm presetation/riscv_aes_advancements/risc_aes_custom_isa/journal_report_can_ids/github_full_validation_20261003/rtl/cpu/pc_reg.sv
    Info (12023): Found entity 1: pc_reg File: D:/mtech/sem 4/midesm presetation/riscv_aes_advancements/risc_aes_custom_ISA/journal_report_can_ids/github_full_validation_20261003/RTL/CPU/pc_reg.sv Line: 1
Info (12021): Found 1 design units, including 1 entities, in source file /mtech/sem 4/midesm presetation/riscv_aes_advancements/risc_aes_custom_isa/journal_report_can_ids/github_full_validation_20261003/rtl/cpu/if_stage.sv
    Info (12023): Found entity 1: if_stage File: D:/mtech/sem 4/midesm presetation/riscv_aes_advancements/risc_aes_custom_ISA/journal_report_can_ids/github_full_validation_20261003/RTL/CPU/if_stage.sv Line: 1
Info (12021): Found 1 design units, including 1 entities, in source file /mtech/sem 4/midesm presetation/riscv_aes_advancements/risc_aes_custom_isa/journal_report_can_ids/github_full_validation_20261003/rtl/cpu/instr_mem.sv
    Info (12023): Found entity 1: instr_mem File: D:/mtech/sem 4/midesm presetation/riscv_aes_advancements/risc_aes_custom_ISA/journal_report_can_ids/github_full_validation_20261003/RTL/CPU/instr_mem.sv Line: 1
Info (12021): Found 1 design units, including 1 entities, in source file /mtech/sem 4/midesm presetation/riscv_aes_advancements/risc_aes_custom_isa/journal_report_can_ids/github_full_validation_20261003/rtl/cpu/id_stage.sv
    Info (12023): Found entity 1: id_stage File: D:/mtech/sem 4/midesm presetation/riscv_aes_advancements/risc_aes_custom_ISA/journal_report_can_ids/github_full_validation_20261003/RTL/CPU/id_stage.sv Line: 41
Info (12021): Found 1 design units, including 1 entities, in source file /mtech/sem 4/midesm presetation/riscv_aes_advancements/risc_aes_custom_isa/journal_report_can_ids/github_full_validation_20261003/rtl/cpu/reg_file.sv
    Info (12023): Found entity 1: reg_file File: D:/mtech/sem 4/midesm presetation/riscv_aes_advancements/risc_aes_custom_ISA/journal_report_can_ids/github_full_validation_20261003/RTL/CPU/reg_file.sv Line: 63
Info (12021): Found 1 design units, including 1 entities, in source file /mtech/sem 4/midesm presetation/riscv_aes_advancements/risc_aes_custom_isa/journal_report_can_ids/github_full_validation_20261003/rtl/cpu/imm_gen.sv
    Info (12023): Found entity 1: imm_gen File: D:/mtech/sem 4/midesm presetation/riscv_aes_advancements/risc_aes_custom_ISA/journal_report_can_ids/github_full_validation_20261003/RTL/CPU/imm_gen.sv Line: 1
Info (12021): Found 1 design units, including 1 entities, in source file /mtech/sem 4/midesm presetation/riscv_aes_advancements/risc_aes_custom_isa/journal_report_can_ids/github_full_validation_20261003/rtl/cpu/control_unit.sv
    Info (12023): Found entity 1: control_unit File: D:/mtech/sem 4/midesm presetation/riscv_aes_advancements/risc_aes_custom_ISA/journal_report_can_ids/github_full_validation_20261003/RTL/CPU/control_unit.sv Line: 40
Info (12021): Found 1 design units, including 1 entities, in source file /mtech/sem 4/midesm presetation/riscv_aes_advancements/risc_aes_custom_isa/journal_report_can_ids/github_full_validation_20261003/rtl/cpu/hazard_unit.sv
    Info (12023): Found entity 1: hazard_unit File: D:/mtech/sem 4/midesm presetation/riscv_aes_advancements/risc_aes_custom_ISA/journal_report_can_ids/github_full_validation_20261003/RTL/CPU/hazard_unit.sv Line: 1
Info (12021): Found 1 design units, including 1 entities, in source file /mtech/sem 4/midesm presetation/riscv_aes_advancements/risc_aes_custom_isa/journal_report_can_ids/github_full_validation_20261003/rtl/cpu/forwarding_unit.sv
    Info (12023): Found entity 1: forwarding_unit File: D:/mtech/sem 4/midesm presetation/riscv_aes_advancements/risc_aes_custom_ISA/journal_report_can_ids/github_full_validation_20261003/RTL/CPU/forwarding_unit.sv Line: 1
Info (12021): Found 1 design units, including 1 entities, in source file /mtech/sem 4/midesm presetation/riscv_aes_advancements/risc_aes_custom_isa/journal_report_can_ids/github_full_validation_20261003/rtl/cpu/ex_stage.sv
    Info (12023): Found entity 1: ex_stage File: D:/mtech/sem 4/midesm presetation/riscv_aes_advancements/risc_aes_custom_ISA/journal_report_can_ids/github_full_validation_20261003/RTL/CPU/ex_stage.sv Line: 55
Info (12021): Found 1 design units, including 1 entities, in source file /mtech/sem 4/midesm presetation/riscv_aes_advancements/risc_aes_custom_isa/journal_report_can_ids/github_full_validation_20261003/rtl/cpu/alu.sv
    Info (12023): Found entity 1: alu File: D:/mtech/sem 4/midesm presetation/riscv_aes_advancements/risc_aes_custom_ISA/journal_report_can_ids/github_full_validation_20261003/RTL/CPU/alu.sv Line: 61
Info (12021): Found 1 design units, including 1 entities, in source file /mtech/sem 4/midesm presetation/riscv_aes_advancements/risc_aes_custom_isa/journal_report_can_ids/github_full_validation_20261003/rtl/cpu/mem_stage.sv
    Info (12023): Found entity 1: mem_stage File: D:/mtech/sem 4/midesm presetation/riscv_aes_advancements/risc_aes_custom_ISA/journal_report_can_ids/github_full_validation_20261003/RTL/CPU/mem_stage.sv Line: 39
Info (12021): Found 1 design units, including 1 entities, in source file /mtech/sem 4/midesm presetation/riscv_aes_advancements/risc_aes_custom_isa/journal_report_can_ids/github_full_validation_20261003/rtl/cpu/load_store_unit.sv
    Info (12023): Found entity 1: load_store_unit File: D:/mtech/sem 4/midesm presetation/riscv_aes_advancements/risc_aes_custom_ISA/journal_report_can_ids/github_full_validation_20261003/RTL/CPU/load_store_unit.sv Line: 22
Info (12021): Found 1 design units, including 1 entities, in source file /mtech/sem 4/midesm presetation/riscv_aes_advancements/risc_aes_custom_isa/journal_report_can_ids/github_full_validation_20261003/rtl/cpu/data_mem.sv
    Info (12023): Found entity 1: data_mem File: D:/mtech/sem 4/midesm presetation/riscv_aes_advancements/risc_aes_custom_ISA/journal_report_can_ids/github_full_validation_20261003/RTL/CPU/data_mem.sv Line: 23
Info (12021): Found 1 design units, including 1 entities, in source file /mtech/sem 4/midesm presetation/riscv_aes_advancements/risc_aes_custom_isa/journal_report_can_ids/github_full_validation_20261003/rtl/aes/aes_mmio.sv
    Info (12023): Found entity 1: aes_mmio File: D:/mtech/sem 4/midesm presetation/riscv_aes_advancements/risc_aes_custom_ISA/journal_report_can_ids/github_full_validation_20261003/RTL/AES/aes_mmio.sv Line: 61
Info (12021): Found 1 design units, including 1 entities, in source file /mtech/sem 4/midesm presetation/riscv_aes_advancements/risc_aes_custom_isa/journal_report_can_ids/github_full_validation_20261003/rtl/aes/reusable/00_aes128_top.sv
    Info (12023): Found entity 1: AES128_updated_new File: D:/mtech/sem 4/midesm presetation/riscv_aes_advancements/risc_aes_custom_ISA/journal_report_can_ids/github_full_validation_20261003/RTL/AES/Reusable/00_aes128_top.sv Line: 26
Info (12021): Found 1 design units, including 1 entities, in source file /mtech/sem 4/midesm presetation/riscv_aes_advancements/risc_aes_custom_isa/journal_report_can_ids/github_full_validation_20261003/rtl/aes/reusable/01_aes_sbox_rom.sv
    Info (12023): Found entity 1: AES_SBOX_ROM File: D:/mtech/sem 4/midesm presetation/riscv_aes_advancements/risc_aes_custom_ISA/journal_report_can_ids/github_full_validation_20261003/RTL/AES/Reusable/01_aes_sbox_rom.sv Line: 15
Info (12021): Found 1 design units, including 1 entities, in source file /mtech/sem 4/midesm presetation/riscv_aes_advancements/risc_aes_custom_isa/journal_report_can_ids/github_full_validation_20261003/rtl/aes/reusable/02_aes_sbox_seq.sv
    Info (12023): Found entity 1: AES_SBOX_SEQ File: D:/mtech/sem 4/midesm presetation/riscv_aes_advancements/risc_aes_custom_ISA/journal_report_can_ids/github_full_validation_20261003/RTL/AES/Reusable/02_aes_sbox_seq.sv Line: 17
Info (12021): Found 1 design units, including 1 entities, in source file /mtech/sem 4/midesm presetation/riscv_aes_advancements/risc_aes_custom_isa/journal_report_can_ids/github_full_validation_20261003/rtl/aes/reusable/03_aes_mix_columns_seq.sv
    Info (12023): Found entity 1: AES_MIXCOL_SEQ File: D:/mtech/sem 4/midesm presetation/riscv_aes_advancements/risc_aes_custom_ISA/journal_report_can_ids/github_full_validation_20261003/RTL/AES/Reusable/03_aes_mix_columns_seq.sv Line: 15
Info (12021): Found 1 design units, including 1 entities, in source file /mtech/sem 4/midesm presetation/riscv_aes_advancements/risc_aes_custom_isa/journal_report_can_ids/github_full_validation_20261003/rtl/aes/reusable/04_aes_key_expand_seq.sv
    Info (12023): Found entity 1: AES_KEYEXP_SEQ File: D:/mtech/sem 4/midesm presetation/riscv_aes_advancements/risc_aes_custom_ISA/journal_report_can_ids/github_full_validation_20261003/RTL/AES/Reusable/04_aes_key_expand_seq.sv Line: 20
Info (12021): Found 1 design units, including 1 entities, in source file /mtech/sem 4/midesm presetation/riscv_aes_advancements/risc_aes_custom_isa/journal_report_can_ids/github_full_validation_20261003/rtl/aes/aes128_lowpower.sv
    Info (12023): Found entity 1: aes128_lowpower File: D:/mtech/sem 4/midesm presetation/riscv_aes_advancements/risc_aes_custom_ISA/journal_report_can_ids/github_full_validation_20261003/RTL/AES/aes128_lowpower.sv Line: 30
Info (12021): Found 1 design units, including 1 entities, in source file /mtech/sem 4/midesm presetation/riscv_aes_advancements/risc_aes_custom_isa/journal_report_can_ids/github_full_validation_20261003/rtl/peripherals/uart_tx.sv
    Info (12023): Found entity 1: uart_tx File: D:/mtech/sem 4/midesm presetation/riscv_aes_advancements/risc_aes_custom_ISA/journal_report_can_ids/github_full_validation_20261003/RTL/Peripherals/uart_tx.sv Line: 34
Info (12021): Found 1 design units, including 1 entities, in source file /mtech/sem 4/midesm presetation/riscv_aes_advancements/risc_aes_custom_isa/journal_report_can_ids/github_full_validation_20261003/rtl/peripherals/uart_mmio.sv
    Info (12023): Found entity 1: uart_mmio File: D:/mtech/sem 4/midesm presetation/riscv_aes_advancements/risc_aes_custom_ISA/journal_report_can_ids/github_full_validation_20261003/RTL/Peripherals/uart_mmio.sv Line: 30
Info (12021): Found 1 design units, including 1 entities, in source file /mtech/sem 4/midesm presetation/riscv_aes_advancements/risc_aes_custom_isa/journal_report_can_ids/github_full_validation_20261003/rtl/peripherals/sensor_mmio.sv
    Info (12023): Found entity 1: sensor_mmio File: D:/mtech/sem 4/midesm presetation/riscv_aes_advancements/risc_aes_custom_ISA/journal_report_can_ids/github_full_validation_20261003/RTL/Peripherals/sensor_mmio.sv Line: 28
Info (12021): Found 1 design units, including 1 entities, in source file /mtech/sem 4/midesm presetation/riscv_aes_advancements/risc_aes_custom_isa/journal_report_can_ids/github_full_validation_20261003/rtl/peripherals/sensor_spi_mmio.sv
    Info (12023): Found entity 1: sensor_spi_mmio File: D:/mtech/sem 4/midesm presetation/riscv_aes_advancements/risc_aes_custom_ISA/journal_report_can_ids/github_full_validation_20261003/RTL/Peripherals/sensor_spi_mmio.sv Line: 33
Info (12021): Found 1 design units, including 1 entities, in source file /mtech/sem 4/midesm presetation/riscv_aes_advancements/risc_aes_custom_isa/journal_report_can_ids/github_full_validation_20261003/rtl/peripherals/simple_intc.sv
    Info (12023): Found entity 1: simple_intc File: D:/mtech/sem 4/midesm presetation/riscv_aes_advancements/risc_aes_custom_ISA/journal_report_can_ids/github_full_validation_20261003/RTL/Peripherals/simple_intc.sv Line: 31
Info (12021): Found 1 design units, including 1 entities, in source file /mtech/sem 4/midesm presetation/riscv_aes_advancements/risc_aes_custom_isa/journal_report_can_ids/github_full_validation_20261003/rtl/peripherals/dma_lite.sv
    Info (12023): Found entity 1: dma_lite File: D:/mtech/sem 4/midesm presetation/riscv_aes_advancements/risc_aes_custom_ISA/journal_report_can_ids/github_full_validation_20261003/RTL/Peripherals/dma_lite.sv Line: 32
Info (12021): Found 1 design units, including 1 entities, in source file /mtech/sem 4/midesm presetation/riscv_aes_advancements/risc_aes_custom_isa/journal_report_can_ids/github_full_validation_20261003/rtl/can/canfd_secoc_mmio.sv
    Info (12023): Found entity 1: canfd_secoc_mmio File: D:/mtech/sem 4/midesm presetation/riscv_aes_advancements/risc_aes_custom_ISA/journal_report_can_ids/github_full_validation_20261003/RTL/CAN/canfd_secoc_mmio.sv Line: 31
Info (12021): Found 1 design units, including 1 entities, in source file /mtech/sem 4/midesm presetation/riscv_aes_advancements/risc_aes_custom_isa/journal_report_can_ids/github_full_validation_20261003/rtl/can/can_ids_mmio.sv
    Info (12023): Found entity 1: can_ids_mmio File: D:/mtech/sem 4/midesm presetation/riscv_aes_advancements/risc_aes_custom_ISA/journal_report_can_ids/github_full_validation_20261003/RTL/CAN/can_ids_mmio.sv Line: 76
Info (12021): Found 1 design units, including 1 entities, in source file /mtech/sem 4/midesm presetation/riscv_aes_advancements/risc_aes_custom_isa/journal_report_can_ids/github_full_validation_20261003/rtl/peripherals/power_mgmt_mmio.sv
    Info (12023): Found entity 1: power_mgmt_mmio File: D:/mtech/sem 4/midesm presetation/riscv_aes_advancements/risc_aes_custom_ISA/journal_report_can_ids/github_full_validation_20261003/RTL/Peripherals/power_mgmt_mmio.sv Line: 36
Info (12021): Found 1 design units, including 1 entities, in source file /mtech/sem 4/midesm presetation/riscv_aes_advancements/risc_aes_custom_isa/journal_report_can_ids/github_full_validation_20261003/rtl/cpu/wb_stage.sv
    Info (12023): Found entity 1: wb_stage File: D:/mtech/sem 4/midesm presetation/riscv_aes_advancements/risc_aes_custom_ISA/journal_report_can_ids/github_full_validation_20261003/RTL/CPU/wb_stage.sv Line: 1
Info (12021): Found 1 design units, including 1 entities, in source file /mtech/sem 4/midesm presetation/riscv_aes_advancements/risc_aes_custom_isa/journal_report_can_ids/github_full_validation_20261003/ip/sensor_spi_ip/sensor_spi_ip.v
    Info (12023): Found entity 1: sensor_spi_ip File: D:/mtech/sem 4/midesm presetation/riscv_aes_advancements/risc_aes_custom_ISA/journal_report_can_ids/github_full_validation_20261003/IP/sensor_spi_ip/sensor_spi_ip.v Line: 42
Info (12127): Elaborating entity "riscv_aes_advancements" for the top level hierarchy
Info (12128): Elaborating entity "pc_reg" for hierarchy "pc_reg:u_pc_reg" File: D:/mtech/sem 4/midesm presetation/riscv_aes_advancements/risc_aes_custom_ISA/journal_report_can_ids/github_full_validation_20261003/RTL/Top/riscv_aes_advancements.sv Line: 204
Info (12128): Elaborating entity "if_stage" for hierarchy "if_stage:u_if_stage" File: D:/mtech/sem 4/midesm presetation/riscv_aes_advancements/risc_aes_custom_ISA/journal_report_can_ids/github_full_validation_20261003/RTL/Top/riscv_aes_advancements.sv Line: 212
Info (12128): Elaborating entity "instr_mem" for hierarchy "if_stage:u_if_stage|instr_mem:u_instr_mem" File: D:/mtech/sem 4/midesm presetation/riscv_aes_advancements/risc_aes_custom_ISA/journal_report_can_ids/github_full_validation_20261003/RTL/CPU/if_stage.sv Line: 8
Info (12128): Elaborating entity "id_stage" for hierarchy "id_stage:u_id_stage" File: D:/mtech/sem 4/midesm presetation/riscv_aes_advancements/risc_aes_custom_ISA/journal_report_can_ids/github_full_validation_20261003/RTL/Top/riscv_aes_advancements.sv Line: 266
Info (12128): Elaborating entity "reg_file" for hierarchy "id_stage:u_id_stage|reg_file:u_reg_file" File: D:/mtech/sem 4/midesm presetation/riscv_aes_advancements/risc_aes_custom_ISA/journal_report_can_ids/github_full_validation_20261003/RTL/CPU/id_stage.sv Line: 126
Info (12128): Elaborating entity "imm_gen" for hierarchy "id_stage:u_id_stage|imm_gen:u_imm_gen" File: D:/mtech/sem 4/midesm presetation/riscv_aes_advancements/risc_aes_custom_ISA/journal_report_can_ids/github_full_validation_20261003/RTL/CPU/id_stage.sv Line: 137
Info (12128): Elaborating entity "control_unit" for hierarchy "id_stage:u_id_stage|control_unit:u_control_unit" File: D:/mtech/sem 4/midesm presetation/riscv_aes_advancements/risc_aes_custom_ISA/journal_report_can_ids/github_full_validation_20261003/RTL/CPU/id_stage.sv Line: 163
Info (12128): Elaborating entity "hazard_unit" for hierarchy "hazard_unit:u_hazard_unit" File: D:/mtech/sem 4/midesm presetation/riscv_aes_advancements/risc_aes_custom_ISA/journal_report_can_ids/github_full_validation_20261003/RTL/Top/riscv_aes_advancements.sv Line: 280
Info (12128): Elaborating entity "forwarding_unit" for hierarchy "forwarding_unit:u_forwarding_unit" File: D:/mtech/sem 4/midesm presetation/riscv_aes_advancements/risc_aes_custom_ISA/journal_report_can_ids/github_full_validation_20261003/RTL/Top/riscv_aes_advancements.sv Line: 369
Info (12128): Elaborating entity "ex_stage" for hierarchy "ex_stage:u_ex_stage" File: D:/mtech/sem 4/midesm presetation/riscv_aes_advancements/risc_aes_custom_ISA/journal_report_can_ids/github_full_validation_20261003/RTL/Top/riscv_aes_advancements.sv Line: 397
Info (10264): Verilog HDL Case Statement information at ex_stage.sv(118): all case item expressions in this case statement are onehot File: D:/mtech/sem 4/midesm presetation/riscv_aes_advancements/risc_aes_custom_ISA/journal_report_can_ids/github_full_validation_20261003/RTL/CPU/ex_stage.sv Line: 118
Info (10264): Verilog HDL Case Statement information at ex_stage.sv(125): all case item expressions in this case statement are onehot File: D:/mtech/sem 4/midesm presetation/riscv_aes_advancements/risc_aes_custom_ISA/journal_report_can_ids/github_full_validation_20261003/RTL/CPU/ex_stage.sv Line: 125
Info (12128): Elaborating entity "alu" for hierarchy "ex_stage:u_ex_stage|alu:u_alu" File: D:/mtech/sem 4/midesm presetation/riscv_aes_advancements/risc_aes_custom_ISA/journal_report_can_ids/github_full_validation_20261003/RTL/CPU/ex_stage.sv Line: 227
Info (12128): Elaborating entity "mem_stage" for hierarchy "mem_stage:u_mem_stage" File: D:/mtech/sem 4/midesm presetation/riscv_aes_advancements/risc_aes_custom_ISA/journal_report_can_ids/github_full_validation_20261003/RTL/Top/riscv_aes_advancements.sv Line: 455
Info (12128): Elaborating entity "load_store_unit" for hierarchy "mem_stage:u_mem_stage|load_store_unit:u_load_store_unit" File: D:/mtech/sem 4/midesm presetation/riscv_aes_advancements/risc_aes_custom_ISA/journal_report_can_ids/github_full_validation_20261003/RTL/CPU/mem_stage.sv Line: 231
Info (12128): Elaborating entity "data_mem" for hierarchy "mem_stage:u_mem_stage|data_mem:u_data_mem" File: D:/mtech/sem 4/midesm presetation/riscv_aes_advancements/risc_aes_custom_ISA/journal_report_can_ids/github_full_validation_20261003/RTL/CPU/mem_stage.sv Line: 249
Info (12128): Elaborating entity "aes_mmio" for hierarchy "mem_stage:u_mem_stage|aes_mmio:u_aes_mmio" File: D:/mtech/sem 4/midesm presetation/riscv_aes_advancements/risc_aes_custom_ISA/journal_report_can_ids/github_full_validation_20261003/RTL/CPU/mem_stage.sv Line: 277
Info (10264): Verilog HDL Case Statement information at aes_mmio.sv(272): all case item expressions in this case statement are onehot File: D:/mtech/sem 4/midesm presetation/riscv_aes_advancements/risc_aes_custom_ISA/journal_report_can_ids/github_full_validation_20261003/RTL/AES/aes_mmio.sv Line: 272
Info (12128): Elaborating entity "aes128_lowpower" for hierarchy "mem_stage:u_mem_stage|aes_mmio:u_aes_mmio|aes128_lowpower:u_aes128_lowpower" File: D:/mtech/sem 4/midesm presetation/riscv_aes_advancements/risc_aes_custom_ISA/journal_report_can_ids/github_full_validation_20261003/RTL/AES/aes_mmio.sv Line: 378
Info (12128): Elaborating entity "AES128_updated_new" for hierarchy "mem_stage:u_mem_stage|aes_mmio:u_aes_mmio|aes128_lowpower:u_aes128_lowpower|AES128_updated_new:u_reusable_aes" File: D:/mtech/sem 4/midesm presetation/riscv_aes_advancements/risc_aes_custom_ISA/journal_report_can_ids/github_full_validation_20261003/RTL/AES/aes128_lowpower.sv Line: 56
Info (12128): Elaborating entity "AES_SBOX_SEQ" for hierarchy "mem_stage:u_mem_stage|aes_mmio:u_aes_mmio|aes128_lowpower:u_aes128_lowpower|AES128_updated_new:u_reusable_aes|AES_SBOX_SEQ:u_sbox" File: D:/mtech/sem 4/midesm presetation/riscv_aes_advancements/risc_aes_custom_ISA/journal_report_can_ids/github_full_validation_20261003/RTL/AES/Reusable/00_aes128_top.sv Line: 104
Info (12128): Elaborating entity "AES_SBOX_ROM" for hierarchy "mem_stage:u_mem_stage|aes_mmio:u_aes_mmio|aes128_lowpower:u_aes128_lowpower|AES128_updated_new:u_reusable_aes|AES_SBOX_SEQ:u_sbox|AES_SBOX_ROM:rom" File: D:/mtech/sem 4/midesm presetation/riscv_aes_advancements/risc_aes_custom_ISA/journal_report_can_ids/github_full_validation_20261003/RTL/AES/Reusable/02_aes_sbox_seq.sv Line: 32
Info (12128): Elaborating entity "AES_MIXCOL_SEQ" for hierarchy "mem_stage:u_mem_stage|aes_mmio:u_aes_mmio|aes128_lowpower:u_aes128_lowpower|AES128_updated_new:u_reusable_aes|AES_MIXCOL_SEQ:u_mix" File: D:/mtech/sem 4/midesm presetation/riscv_aes_advancements/risc_aes_custom_ISA/journal_report_can_ids/github_full_validation_20261003/RTL/AES/Reusable/00_aes128_top.sv Line: 105
Info (12128): Elaborating entity "AES_KEYEXP_SEQ" for hierarchy "mem_stage:u_mem_stage|aes_mmio:u_aes_mmio|aes128_lowpower:u_aes128_lowpower|AES128_updated_new:u_reusable_aes|AES_KEYEXP_SEQ:u_key" File: D:/mtech/sem 4/midesm presetation/riscv_aes_advancements/risc_aes_custom_ISA/journal_report_can_ids/github_full_validation_20261003/RTL/AES/Reusable/00_aes128_top.sv Line: 106
Info (12128): Elaborating entity "sensor_spi_mmio" for hierarchy "mem_stage:u_mem_stage|sensor_spi_mmio:u_sensor_spi_mmio" File: D:/mtech/sem 4/midesm presetation/riscv_aes_advancements/risc_aes_custom_ISA/journal_report_can_ids/github_full_validation_20261003/RTL/CPU/mem_stage.sv Line: 297
Info (12128): Elaborating entity "sensor_spi_ip" for hierarchy "mem_stage:u_mem_stage|sensor_spi_mmio:u_sensor_spi_mmio|sensor_spi_ip:u_sensor_spi_ip" File: D:/mtech/sem 4/midesm presetation/riscv_aes_advancements/risc_aes_custom_ISA/journal_report_can_ids/github_full_validation_20261003/RTL/Peripherals/sensor_spi_mmio.sv Line: 132
Info (12128): Elaborating entity "uart_mmio" for hierarchy "mem_stage:u_mem_stage|uart_mmio:u_uart_mmio" File: D:/mtech/sem 4/midesm presetation/riscv_aes_advancements/risc_aes_custom_ISA/journal_report_can_ids/github_full_validation_20261003/RTL/CPU/mem_stage.sv Line: 315
Info (12128): Elaborating entity "uart_tx" for hierarchy "mem_stage:u_mem_stage|uart_mmio:u_uart_mmio|uart_tx:u_uart_tx" File: D:/mtech/sem 4/midesm presetation/riscv_aes_advancements/risc_aes_custom_ISA/journal_report_can_ids/github_full_validation_20261003/RTL/Peripherals/uart_mmio.sv Line: 141
Info (12128): Elaborating entity "simple_intc" for hierarchy "mem_stage:u_mem_stage|simple_intc:u_simple_intc" File: D:/mtech/sem 4/midesm presetation/riscv_aes_advancements/risc_aes_custom_ISA/journal_report_can_ids/github_full_validation_20261003/RTL/CPU/mem_stage.sv Line: 336
Info (10264): Verilog HDL Case Statement information at simple_intc.sv(84): all case item expressions in this case statement are onehot File: D:/mtech/sem 4/midesm presetation/riscv_aes_advancements/risc_aes_custom_ISA/journal_report_can_ids/github_full_validation_20261003/RTL/Peripherals/simple_intc.sv Line: 84
Info (12128): Elaborating entity "dma_lite" for hierarchy "mem_stage:u_mem_stage|dma_lite:u_dma_lite" File: D:/mtech/sem 4/midesm presetation/riscv_aes_advancements/risc_aes_custom_ISA/journal_report_can_ids/github_full_validation_20261003/RTL/CPU/mem_stage.sv Line: 359
Info (12128): Elaborating entity "canfd_secoc_mmio" for hierarchy "mem_stage:u_mem_stage|canfd_secoc_mmio:u_canfd_secoc_mmio" File: D:/mtech/sem 4/midesm presetation/riscv_aes_advancements/risc_aes_custom_ISA/journal_report_can_ids/github_full_validation_20261003/RTL/CPU/mem_stage.sv Line: 394
Info (10264): Verilog HDL Case Statement information at canfd_secoc_mmio.sv(384): all case item expressions in this case statement are onehot File: D:/mtech/sem 4/midesm presetation/riscv_aes_advancements/risc_aes_custom_ISA/journal_report_can_ids/github_full_validation_20261003/RTL/CAN/canfd_secoc_mmio.sv Line: 384
Info (10264): Verilog HDL Case Statement information at canfd_secoc_mmio.sv(413): all case item expressions in this case statement are onehot File: D:/mtech/sem 4/midesm presetation/riscv_aes_advancements/risc_aes_custom_ISA/journal_report_can_ids/github_full_validation_20261003/RTL/CAN/canfd_secoc_mmio.sv Line: 413
Info (12128): Elaborating entity "can_ids_mmio" for hierarchy "mem_stage:u_mem_stage|can_ids_mmio:u_can_ids_mmio" File: D:/mtech/sem 4/midesm presetation/riscv_aes_advancements/risc_aes_custom_ISA/journal_report_can_ids/github_full_validation_20261003/RTL/CPU/mem_stage.sv Line: 418
Info (12128): Elaborating entity "power_mgmt_mmio" for hierarchy "mem_stage:u_mem_stage|power_mgmt_mmio:u_power_mgmt_mmio" File: D:/mtech/sem 4/midesm presetation/riscv_aes_advancements/risc_aes_custom_ISA/journal_report_can_ids/github_full_validation_20261003/RTL/CPU/mem_stage.sv Line: 439
Info (12128): Elaborating entity "wb_stage" for hierarchy "wb_stage:u_wb_stage" File: D:/mtech/sem 4/midesm presetation/riscv_aes_advancements/risc_aes_custom_ISA/journal_report_can_ids/github_full_validation_20261003/RTL/Top/riscv_aes_advancements.sv Line: 488
Info (276014): Found 10 instances of uninferred RAM logic
    Info (276007): RAM logic "mem_stage:u_mem_stage|canfd_secoc_mmio:u_canfd_secoc_mmio|aes128_lowpower:u_secoc_aes|AES128_updated_new:u_reusable_aes|AES_KEYEXP_SEQ:u_key|AES_SBOX_ROM:s3|Ram0" is uninferred due to asynchronous read logic File: D:/mtech/sem 4/midesm presetation/riscv_aes_advancements/risc_aes_custom_ISA/journal_report_can_ids/github_full_validation_20261003/RTL/AES/Reusable/01_aes_sbox_rom.sv Line: 22
    Info (276007): RAM logic "mem_stage:u_mem_stage|canfd_secoc_mmio:u_canfd_secoc_mmio|aes128_lowpower:u_secoc_aes|AES128_updated_new:u_reusable_aes|AES_KEYEXP_SEQ:u_key|AES_SBOX_ROM:s2|Ram0" is uninferred due to asynchronous read logic File: D:/mtech/sem 4/midesm presetation/riscv_aes_advancements/risc_aes_custom_ISA/journal_report_can_ids/github_full_validation_20261003/RTL/AES/Reusable/01_aes_sbox_rom.sv Line: 22
    Info (276007): RAM logic "mem_stage:u_mem_stage|canfd_secoc_mmio:u_canfd_secoc_mmio|aes128_lowpower:u_secoc_aes|AES128_updated_new:u_reusable_aes|AES_KEYEXP_SEQ:u_key|AES_SBOX_ROM:s1|Ram0" is uninferred due to asynchronous read logic File: D:/mtech/sem 4/midesm presetation/riscv_aes_advancements/risc_aes_custom_ISA/journal_report_can_ids/github_full_validation_20261003/RTL/AES/Reusable/01_aes_sbox_rom.sv Line: 22
    Info (276007): RAM logic "mem_stage:u_mem_stage|canfd_secoc_mmio:u_canfd_secoc_mmio|aes128_lowpower:u_secoc_aes|AES128_updated_new:u_reusable_aes|AES_KEYEXP_SEQ:u_key|AES_SBOX_ROM:s0|Ram0" is uninferred due to asynchronous read logic File: D:/mtech/sem 4/midesm presetation/riscv_aes_advancements/risc_aes_custom_ISA/journal_report_can_ids/github_full_validation_20261003/RTL/AES/Reusable/01_aes_sbox_rom.sv Line: 22
    Info (276007): RAM logic "mem_stage:u_mem_stage|canfd_secoc_mmio:u_canfd_secoc_mmio|aes128_lowpower:u_secoc_aes|AES128_updated_new:u_reusable_aes|AES_SBOX_SEQ:u_sbox|AES_SBOX_ROM:rom|Ram0" is uninferred due to asynchronous read logic File: D:/mtech/sem 4/midesm presetation/riscv_aes_advancements/risc_aes_custom_ISA/journal_report_can_ids/github_full_validation_20261003/RTL/AES/Reusable/01_aes_sbox_rom.sv Line: 22
    Info (276007): RAM logic "mem_stage:u_mem_stage|aes_mmio:u_aes_mmio|aes128_lowpower:u_aes128_lowpower|AES128_updated_new:u_reusable_aes|AES_KEYEXP_SEQ:u_key|AES_SBOX_ROM:s3|Ram0" is uninferred due to asynchronous read logic File: D:/mtech/sem 4/midesm presetation/riscv_aes_advancements/risc_aes_custom_ISA/journal_report_can_ids/github_full_validation_20261003/RTL/AES/Reusable/01_aes_sbox_rom.sv Line: 22
    Info (276007): RAM logic "mem_stage:u_mem_stage|aes_mmio:u_aes_mmio|aes128_lowpower:u_aes128_lowpower|AES128_updated_new:u_reusable_aes|AES_KEYEXP_SEQ:u_key|AES_SBOX_ROM:s2|Ram0" is uninferred due to asynchronous read logic File: D:/mtech/sem 4/midesm presetation/riscv_aes_advancements/risc_aes_custom_ISA/journal_report_can_ids/github_full_validation_20261003/RTL/AES/Reusable/01_aes_sbox_rom.sv Line: 22
    Info (276007): RAM logic "mem_stage:u_mem_stage|aes_mmio:u_aes_mmio|aes128_lowpower:u_aes128_lowpower|AES128_updated_new:u_reusable_aes|AES_KEYEXP_SEQ:u_key|AES_SBOX_ROM:s1|Ram0" is uninferred due to asynchronous read logic File: D:/mtech/sem 4/midesm presetation/riscv_aes_advancements/risc_aes_custom_ISA/journal_report_can_ids/github_full_validation_20261003/RTL/AES/Reusable/01_aes_sbox_rom.sv Line: 22
    Info (276007): RAM logic "mem_stage:u_mem_stage|aes_mmio:u_aes_mmio|aes128_lowpower:u_aes128_lowpower|AES128_updated_new:u_reusable_aes|AES_KEYEXP_SEQ:u_key|AES_SBOX_ROM:s0|Ram0" is uninferred due to asynchronous read logic File: D:/mtech/sem 4/midesm presetation/riscv_aes_advancements/risc_aes_custom_ISA/journal_report_can_ids/github_full_validation_20261003/RTL/AES/Reusable/01_aes_sbox_rom.sv Line: 22
    Info (276007): RAM logic "mem_stage:u_mem_stage|aes_mmio:u_aes_mmio|aes128_lowpower:u_aes128_lowpower|AES128_updated_new:u_reusable_aes|AES_SBOX_SEQ:u_sbox|AES_SBOX_ROM:rom|Ram0" is uninferred due to asynchronous read logic File: D:/mtech/sem 4/midesm presetation/riscv_aes_advancements/risc_aes_custom_ISA/journal_report_can_ids/github_full_validation_20261003/RTL/AES/Reusable/01_aes_sbox_rom.sv Line: 22
Info (286030): Timing-Driven Synthesis is running
Info (17049): 561 registers lost all their fanouts during netlist optimizations.
Info (17016): Found the following redundant logic cells in design
    Info (17048): Logic cell "mem_stage:u_mem_stage|aes_mmio:u_aes_mmio|aes128_lowpower:u_aes128_lowpower|AES128_updated_new:u_reusable_aes|state_after_shiftrows[0]" File: D:/mtech/sem 4/midesm presetation/riscv_aes_advancements/risc_aes_custom_ISA/journal_report_can_ids/github_full_validation_20261003/RTL/AES/Reusable/00_aes128_top.sv Line: 86
    Info (17048): Logic cell "mem_stage:u_mem_stage|aes_mmio:u_aes_mmio|aes128_lowpower:u_aes128_lowpower|AES128_updated_new:u_reusable_aes|state_after_shiftrows[1]" File: D:/mtech/sem 4/midesm presetation/riscv_aes_advancements/risc_aes_custom_ISA/journal_report_can_ids/github_full_validation_20261003/RTL/AES/Reusable/00_aes128_top.sv Line: 86
    Info (17048): Logic cell "mem_stage:u_mem_stage|aes_mmio:u_aes_mmio|aes128_lowpower:u_aes128_lowpower|AES128_updated_new:u_reusable_aes|state_after_shiftrows[2]" File: D:/mtech/sem 4/midesm presetation/riscv_aes_advancements/risc_aes_custom_ISA/journal_report_can_ids/github_full_validation_20261003/RTL/AES/Reusable/00_aes128_top.sv Line: 86
    Info (17048): Logic cell "mem_stage:u_mem_stage|aes_mmio:u_aes_mmio|aes128_lowpower:u_aes128_lowpower|AES128_updated_new:u_reusable_aes|state_after_shiftrows[3]" File: D:/mtech/sem 4/midesm presetation/riscv_aes_advancements/risc_aes_custom_ISA/journal_report_can_ids/github_full_validation_20261003/RTL/AES/Reusable/00_aes128_top.sv Line: 86
    Info (17048): Logic cell "mem_stage:u_mem_stage|aes_mmio:u_aes_mmio|aes128_lowpower:u_aes128_lowpower|AES128_updated_new:u_reusable_aes|state_after_shiftrows[4]" File: D:/mtech/sem 4/midesm presetation/riscv_aes_advancements/risc_aes_custom_ISA/journal_report_can_ids/github_full_validation_20261003/RTL/AES/Reusable/00_aes128_top.sv Line: 86
    Info (17048): Logic cell "mem_stage:u_mem_stage|aes_mmio:u_aes_mmio|aes128_lowpower:u_aes128_lowpower|AES128_updated_new:u_reusable_aes|state_after_shiftrows[5]" File: D:/mtech/sem 4/midesm presetation/riscv_aes_advancements/risc_aes_custom_ISA/journal_report_can_ids/github_full_validation_20261003/RTL/AES/Reusable/00_aes128_top.sv Line: 86
    Info (17048): Logic cell "mem_stage:u_mem_stage|aes_mmio:u_aes_mmio|aes128_lowpower:u_aes128_lowpower|AES128_updated_new:u_reusable_aes|state_after_shiftrows[6]" File: D:/mtech/sem 4/midesm presetation/riscv_aes_advancements/risc_aes_custom_ISA/journal_report_can_ids/github_full_validation_20261003/RTL/AES/Reusable/00_aes128_top.sv Line: 86
    Info (17048): Logic cell "mem_stage:u_mem_stage|aes_mmio:u_aes_mmio|aes128_lowpower:u_aes128_lowpower|AES128_updated_new:u_reusable_aes|state_after_shiftrows[7]" File: D:/mtech/sem 4/midesm presetation/riscv_aes_advancements/risc_aes_custom_ISA/journal_report_can_ids/github_full_validation_20261003/RTL/AES/Reusable/00_aes128_top.sv Line: 86
    Info (17048): Logic cell "mem_stage:u_mem_stage|aes_mmio:u_aes_mmio|aes128_lowpower:u_aes128_lowpower|AES128_updated_new:u_reusable_aes|state_after_shiftrows[8]" File: D:/mtech/sem 4/midesm presetation/riscv_aes_advancements/risc_aes_custom_ISA/journal_report_can_ids/github_full_validation_20261003/RTL/AES/Reusable/00_aes128_top.sv Line: 86
    Info (17048): Logic cell "mem_stage:u_mem_stage|aes_mmio:u_aes_mmio|aes128_lowpower:u_aes128_lowpower|AES128_updated_new:u_reusable_aes|state_after_shiftrows[9]" File: D:/mtech/sem 4/midesm presetation/riscv_aes_advancements/risc_aes_custom_ISA/journal_report_can_ids/github_full_validation_20261003/RTL/AES/Reusable/00_aes128_top.sv Line: 86
    Info (17048): Logic cell "mem_stage:u_mem_stage|aes_mmio:u_aes_mmio|aes128_lowpower:u_aes128_lowpower|AES128_updated_new:u_reusable_aes|state_after_shiftrows[10]" File: D:/mtech/sem 4/midesm presetation/riscv_aes_advancements/risc_aes_custom_ISA/journal_report_can_ids/github_full_validation_20261003/RTL/AES/Reusable/00_aes128_top.sv Line: 86
    Info (17048): Logic cell "mem_stage:u_mem_stage|aes_mmio:u_aes_mmio|aes128_lowpower:u_aes128_lowpower|AES128_updated_new:u_reusable_aes|state_after_shiftrows[11]" File: D:/mtech/sem 4/midesm presetation/riscv_aes_advancements/risc_aes_custom_ISA/journal_report_can_ids/github_full_validation_20261003/RTL/AES/Reusable/00_aes128_top.sv Line: 86
    Info (17048): Logic cell "mem_stage:u_mem_stage|aes_mmio:u_aes_mmio|aes128_lowpower:u_aes128_lowpower|AES128_updated_new:u_reusable_aes|state_after_shiftrows[12]" File: D:/mtech/sem 4/midesm presetation/riscv_aes_advancements/risc_aes_custom_ISA/journal_report_can_ids/github_full_validation_20261003/RTL/AES/Reusable/00_aes128_top.sv Line: 86
    Info (17048): Logic cell "mem_stage:u_mem_stage|aes_mmio:u_aes_mmio|aes128_lowpower:u_aes128_lowpower|AES128_updated_new:u_reusable_aes|state_after_shiftrows[13]" File: D:/mtech/sem 4/midesm presetation/riscv_aes_advancements/risc_aes_custom_ISA/journal_report_can_ids/github_full_validation_20261003/RTL/AES/Reusable/00_aes128_top.sv Line: 86
    Info (17048): Logic cell "mem_stage:u_mem_stage|aes_mmio:u_aes_mmio|aes128_lowpower:u_aes128_lowpower|AES128_updated_new:u_reusable_aes|state_after_shiftrows[14]" File: D:/mtech/sem 4/midesm presetation/riscv_aes_advancements/risc_aes_custom_ISA/journal_report_can_ids/github_full_validation_20261003/RTL/AES/Reusable/00_aes128_top.sv Line: 86
    Info (17048): Logic cell "mem_stage:u_mem_stage|aes_mmio:u_aes_mmio|aes128_lowpower:u_aes128_lowpower|AES128_updated_new:u_reusable_aes|state_after_shiftrows[15]" File: D:/mtech/sem 4/midesm presetation/riscv_aes_advancements/risc_aes_custom_ISA/journal_report_can_ids/github_full_validation_20261003/RTL/AES/Reusable/00_aes128_top.sv Line: 86
    Info (17048): Logic cell "mem_stage:u_mem_stage|aes_mmio:u_aes_mmio|aes128_lowpower:u_aes128_lowpower|AES128_updated_new:u_reusable_aes|state_after_shiftrows[16]" File: D:/mtech/sem 4/midesm presetation/riscv_aes_advancements/risc_aes_custom_ISA/journal_report_can_ids/github_full_validation_20261003/RTL/AES/Reusable/00_aes128_top.sv Line: 86
    Info (17048): Logic cell "mem_stage:u_mem_stage|aes_mmio:u_aes_mmio|aes128_lowpower:u_aes128_lowpower|AES128_updated_new:u_reusable_aes|state_after_shiftrows[17]" File: D:/mtech/sem 4/midesm presetation/riscv_aes_advancements/risc_aes_custom_ISA/journal_report_can_ids/github_full_validation_20261003/RTL/AES/Reusable/00_aes128_top.sv Line: 86
    Info (17048): Logic cell "mem_stage:u_mem_stage|aes_mmio:u_aes_mmio|aes128_lowpower:u_aes128_lowpower|AES128_updated_new:u_reusable_aes|state_after_shiftrows[18]" File: D:/mtech/sem 4/midesm presetation/riscv_aes_advancements/risc_aes_custom_ISA/journal_report_can_ids/github_full_validation_20261003/RTL/AES/Reusable/00_aes128_top.sv Line: 86
    Info (17048): Logic cell "mem_stage:u_mem_stage|aes_mmio:u_aes_mmio|aes128_lowpower:u_aes128_lowpower|AES128_updated_new:u_reusable_aes|state_after_shiftrows[19]" File: D:/mtech/sem 4/midesm presetation/riscv_aes_advancements/risc_aes_custom_ISA/journal_report_can_ids/github_full_validation_20261003/RTL/AES/Reusable/00_aes128_top.sv Line: 86
    Info (17048): Logic cell "mem_stage:u_mem_stage|aes_mmio:u_aes_mmio|aes128_lowpower:u_aes128_lowpower|AES128_updated_new:u_reusable_aes|state_after_shiftrows[20]" File: D:/mtech/sem 4/midesm presetation/riscv_aes_advancements/risc_aes_custom_ISA/journal_report_can_ids/github_full_validation_20261003/RTL/AES/Reusable/00_aes128_top.sv Line: 86
    Info (17048): Logic cell "mem_stage:u_mem_stage|aes_mmio:u_aes_mmio|aes128_lowpower:u_aes128_lowpower|AES128_updated_new:u_reusable_aes|state_after_shiftrows[21]" File: D:/mtech/sem 4/midesm presetation/riscv_aes_advancements/risc_aes_custom_ISA/journal_report_can_ids/github_full_validation_20261003/RTL/AES/Reusable/00_aes128_top.sv Line: 86
    Info (17048): Logic cell "mem_stage:u_mem_stage|aes_mmio:u_aes_mmio|aes128_lowpower:u_aes128_lowpower|AES128_updated_new:u_reusable_aes|state_after_shiftrows[22]" File: D:/mtech/sem 4/midesm presetation/riscv_aes_advancements/risc_aes_custom_ISA/journal_report_can_ids/github_full_validation_20261003/RTL/AES/Reusable/00_aes128_top.sv Line: 86
    Info (17048): Logic cell "mem_stage:u_mem_stage|aes_mmio:u_aes_mmio|aes128_lowpower:u_aes128_lowpower|AES128_updated_new:u_reusable_aes|state_after_shiftrows[23]" File: D:/mtech/sem 4/midesm presetation/riscv_aes_advancements/risc_aes_custom_ISA/journal_report_can_ids/github_full_validation_20261003/RTL/AES/Reusable/00_aes128_top.sv Line: 86
    Info (17048): Logic cell "mem_stage:u_mem_stage|aes_mmio:u_aes_mmio|aes128_lowpower:u_aes128_lowpower|AES128_updated_new:u_reusable_aes|state_after_shiftrows[24]" File: D:/mtech/sem 4/midesm presetation/riscv_aes_advancements/risc_aes_custom_ISA/journal_report_can_ids/github_full_validation_20261003/RTL/AES/Reusable/00_aes128_top.sv Line: 86
    Info (17048): Logic cell "mem_stage:u_mem_stage|aes_mmio:u_aes_mmio|aes128_lowpower:u_aes128_lowpower|AES128_updated_new:u_reusable_aes|state_after_shiftrows[25]" File: D:/mtech/sem 4/midesm presetation/riscv_aes_advancements/risc_aes_custom_ISA/journal_report_can_ids/github_full_validation_20261003/RTL/AES/Reusable/00_aes128_top.sv Line: 86
    Info (17048): Logic cell "mem_stage:u_mem_stage|aes_mmio:u_aes_mmio|aes128_lowpower:u_aes128_lowpower|AES128_updated_new:u_reusable_aes|state_after_shiftrows[26]" File: D:/mtech/sem 4/midesm presetation/riscv_aes_advancements/risc_aes_custom_ISA/journal_report_can_ids/github_full_validation_20261003/RTL/AES/Reusable/00_aes128_top.sv Line: 86
    Info (17048): Logic cell "mem_stage:u_mem_stage|aes_mmio:u_aes_mmio|aes128_lowpower:u_aes128_lowpower|AES128_updated_new:u_reusable_aes|state_after_shiftrows[27]" File: D:/mtech/sem 4/midesm presetation/riscv_aes_advancements/risc_aes_custom_ISA/journal_report_can_ids/github_full_validation_20261003/RTL/AES/Reusable/00_aes128_top.sv Line: 86
    Info (17048): Logic cell "mem_stage:u_mem_stage|aes_mmio:u_aes_mmio|aes128_lowpower:u_aes128_lowpower|AES128_updated_new:u_reusable_aes|state_after_shiftrows[28]" File: D:/mtech/sem 4/midesm presetation/riscv_aes_advancements/risc_aes_custom_ISA/journal_report_can_ids/github_full_validation_20261003/RTL/AES/Reusable/00_aes128_top.sv Line: 86
    Info (17048): Logic cell "mem_stage:u_mem_stage|aes_mmio:u_aes_mmio|aes128_lowpower:u_aes128_lowpower|AES128_updated_new:u_reusable_aes|state_after_shiftrows[29]" File: D:/mtech/sem 4/midesm presetation/riscv_aes_advancements/risc_aes_custom_ISA/journal_report_can_ids/github_full_validation_20261003/RTL/AES/Reusable/00_aes128_top.sv Line: 86
    Info (17048): Logic cell "mem_stage:u_mem_stage|aes_mmio:u_aes_mmio|aes128_lowpower:u_aes128_lowpower|AES128_updated_new:u_reusable_aes|state_after_shiftrows[30]" File: D:/mtech/sem 4/midesm presetation/riscv_aes_advancements/risc_aes_custom_ISA/journal_report_can_ids/github_full_validation_20261003/RTL/AES/Reusable/00_aes128_top.sv Line: 86
    Info (17048): Logic cell "mem_stage:u_mem_stage|aes_mmio:u_aes_mmio|aes128_lowpower:u_aes128_lowpower|AES128_updated_new:u_reusable_aes|state_after_shiftrows[31]" File: D:/mtech/sem 4/midesm presetation/riscv_aes_advancements/risc_aes_custom_ISA/journal_report_can_ids/github_full_validation_20261003/RTL/AES/Reusable/00_aes128_top.sv Line: 86
    Info (17048): Logic cell "mem_stage:u_mem_stage|canfd_secoc_mmio:u_canfd_secoc_mmio|aes128_lowpower:u_secoc_aes|AES128_updated_new:u_reusable_aes|state_after_shiftrows[126]" File: D:/mtech/sem 4/midesm presetation/riscv_aes_advancements/risc_aes_custom_ISA/journal_report_can_ids/github_full_validation_20261003/RTL/AES/Reusable/00_aes128_top.sv Line: 86
    Info (17048): Logic cell "mem_stage:u_mem_stage|canfd_secoc_mmio:u_canfd_secoc_mmio|aes128_lowpower:u_secoc_aes|AES128_updated_new:u_reusable_aes|state_after_shiftrows[127]" File: D:/mtech/sem 4/midesm presetation/riscv_aes_advancements/risc_aes_custom_ISA/journal_report_can_ids/github_full_validation_20261003/RTL/AES/Reusable/00_aes128_top.sv Line: 86
    Info (17048): Logic cell "mem_stage:u_mem_stage|canfd_secoc_mmio:u_canfd_secoc_mmio|aes128_lowpower:u_secoc_aes|AES128_updated_new:u_reusable_aes|state_after_shiftrows[124]" File: D:/mtech/sem 4/midesm presetation/riscv_aes_advancements/risc_aes_custom_ISA/journal_report_can_ids/github_full_validation_20261003/RTL/AES/Reusable/00_aes128_top.sv Line: 86
    Info (17048): Logic cell "mem_stage:u_mem_stage|canfd_secoc_mmio:u_canfd_secoc_mmio|aes128_lowpower:u_secoc_aes|AES128_updated_new:u_reusable_aes|state_after_shiftrows[125]" File: D:/mtech/sem 4/midesm presetation/riscv_aes_advancements/risc_aes_custom_ISA/journal_report_can_ids/github_full_validation_20261003/RTL/AES/Reusable/00_aes128_top.sv Line: 86
    Info (17048): Logic cell "mem_stage:u_mem_stage|canfd_secoc_mmio:u_canfd_secoc_mmio|aes128_lowpower:u_secoc_aes|AES128_updated_new:u_reusable_aes|state_after_shiftrows[120]" File: D:/mtech/sem 4/midesm presetation/riscv_aes_advancements/risc_aes_custom_ISA/journal_report_can_ids/github_full_validation_20261003/RTL/AES/Reusable/00_aes128_top.sv Line: 86
    Info (17048): Logic cell "mem_stage:u_mem_stage|canfd_secoc_mmio:u_canfd_secoc_mmio|aes128_lowpower:u_secoc_aes|AES128_updated_new:u_reusable_aes|state_after_shiftrows[123]" File: D:/mtech/sem 4/midesm presetation/riscv_aes_advancements/risc_aes_custom_ISA/journal_report_can_ids/github_full_validation_20261003/RTL/AES/Reusable/00_aes128_top.sv Line: 86
    Info (17048): Logic cell "mem_stage:u_mem_stage|canfd_secoc_mmio:u_canfd_secoc_mmio|aes128_lowpower:u_secoc_aes|AES128_updated_new:u_reusable_aes|state_after_shiftrows[118]" File: D:/mtech/sem 4/midesm presetation/riscv_aes_advancements/risc_aes_custom_ISA/journal_report_can_ids/github_full_validation_20261003/RTL/AES/Reusable/00_aes128_top.sv Line: 86
    Info (17048): Logic cell "mem_stage:u_mem_stage|canfd_secoc_mmio:u_canfd_secoc_mmio|aes128_lowpower:u_secoc_aes|AES128_updated_new:u_reusable_aes|state_after_shiftrows[119]" File: D:/mtech/sem 4/midesm presetation/riscv_aes_advancements/risc_aes_custom_ISA/journal_report_can_ids/github_full_validation_20261003/RTL/AES/Reusable/00_aes128_top.sv Line: 86
    Info (17048): Logic cell "mem_stage:u_mem_stage|canfd_secoc_mmio:u_canfd_secoc_mmio|aes128_lowpower:u_secoc_aes|AES128_updated_new:u_reusable_aes|state_after_shiftrows[121]" File: D:/mtech/sem 4/midesm presetation/riscv_aes_advancements/risc_aes_custom_ISA/journal_report_can_ids/github_full_validation_20261003/RTL/AES/Reusable/00_aes128_top.sv Line: 86
    Info (17048): Logic cell "mem_stage:u_mem_stage|canfd_secoc_mmio:u_canfd_secoc_mmio|aes128_lowpower:u_secoc_aes|AES128_updated_new:u_reusable_aes|state_after_shiftrows[122]" File: D:/mtech/sem 4/midesm presetation/riscv_aes_advancements/risc_aes_custom_ISA/journal_report_can_ids/github_full_validation_20261003/RTL/AES/Reusable/00_aes128_top.sv Line: 86
    Info (17048): Logic cell "mem_stage:u_mem_stage|canfd_secoc_mmio:u_canfd_secoc_mmio|aes128_lowpower:u_secoc_aes|AES128_updated_new:u_reusable_aes|state_after_shiftrows[115]" File: D:/mtech/sem 4/midesm presetation/riscv_aes_advancements/risc_aes_custom_ISA/journal_report_can_ids/github_full_validation_20261003/RTL/AES/Reusable/00_aes128_top.sv Line: 86
    Info (17048): Logic cell "mem_stage:u_mem_stage|canfd_secoc_mmio:u_canfd_secoc_mmio|aes128_lowpower:u_secoc_aes|AES128_updated_new:u_reusable_aes|state_after_shiftrows[116]" File: D:/mtech/sem 4/midesm presetation/riscv_aes_advancements/risc_aes_custom_ISA/journal_report_can_ids/github_full_validation_20261003/RTL/AES/Reusable/00_aes128_top.sv Line: 86
    Info (17048): Logic cell "mem_stage:u_mem_stage|canfd_secoc_mmio:u_canfd_secoc_mmio|aes128_lowpower:u_secoc_aes|AES128_updated_new:u_reusable_aes|state_after_shiftrows[117]" File: D:/mtech/sem 4/midesm presetation/riscv_aes_advancements/risc_aes_custom_ISA/journal_report_can_ids/github_full_validation_20261003/RTL/AES/Reusable/00_aes128_top.sv Line: 86
    Info (17048): Logic cell "mem_stage:u_mem_stage|canfd_secoc_mmio:u_canfd_secoc_mmio|aes128_lowpower:u_secoc_aes|AES128_updated_new:u_reusable_aes|state_after_shiftrows[114]" File: D:/mtech/sem 4/midesm presetation/riscv_aes_advancements/risc_aes_custom_ISA/journal_report_can_ids/github_full_validation_20261003/RTL/AES/Reusable/00_aes128_top.sv Line: 86
    Info (17048): Logic cell "mem_stage:u_mem_stage|canfd_secoc_mmio:u_canfd_secoc_mmio|aes128_lowpower:u_secoc_aes|AES128_updated_new:u_reusable_aes|state_after_shiftrows[112]" File: D:/mtech/sem 4/midesm presetation/riscv_aes_advancements/risc_aes_custom_ISA/journal_report_can_ids/github_full_validation_20261003/RTL/AES/Reusable/00_aes128_top.sv Line: 86
    Info (17048): Logic cell "mem_stage:u_mem_stage|canfd_secoc_mmio:u_canfd_secoc_mmio|aes128_lowpower:u_secoc_aes|AES128_updated_new:u_reusable_aes|state_after_shiftrows[113]" File: D:/mtech/sem 4/midesm presetation/riscv_aes_advancements/risc_aes_custom_ISA/journal_report_can_ids/github_full_validation_20261003/RTL/AES/Reusable/00_aes128_top.sv Line: 86
    Info (17048): Logic cell "mem_stage:u_mem_stage|canfd_secoc_mmio:u_canfd_secoc_mmio|aes128_lowpower:u_secoc_aes|AES128_updated_new:u_reusable_aes|state_after_shiftrows[108]" File: D:/mtech/sem 4/midesm presetation/riscv_aes_advancements/risc_aes_custom_ISA/journal_report_can_ids/github_full_validation_20261003/RTL/AES/Reusable/00_aes128_top.sv Line: 86
    Info (17048): Logic cell "mem_stage:u_mem_stage|canfd_secoc_mmio:u_canfd_secoc_mmio|aes128_lowpower:u_secoc_aes|AES128_updated_new:u_reusable_aes|state_after_shiftrows[109]" File: D:/mtech/sem 4/midesm presetation/riscv_aes_advancements/risc_aes_custom_ISA/journal_report_can_ids/github_full_validation_20261003/RTL/AES/Reusable/00_aes128_top.sv Line: 86
    Info (17048): Logic cell "mem_stage:u_mem_stage|canfd_secoc_mmio:u_canfd_secoc_mmio|aes128_lowpower:u_secoc_aes|AES128_updated_new:u_reusable_aes|state_after_shiftrows[110]" File: D:/mtech/sem 4/midesm presetation/riscv_aes_advancements/risc_aes_custom_ISA/journal_report_can_ids/github_full_validation_20261003/RTL/AES/Reusable/00_aes128_top.sv Line: 86
    Info (17048): Logic cell "mem_stage:u_mem_stage|canfd_secoc_mmio:u_canfd_secoc_mmio|aes128_lowpower:u_secoc_aes|AES128_updated_new:u_reusable_aes|state_after_shiftrows[111]" File: D:/mtech/sem 4/midesm presetation/riscv_aes_advancements/risc_aes_custom_ISA/journal_report_can_ids/github_full_validation_20261003/RTL/AES/Reusable/00_aes128_top.sv Line: 86
    Info (17048): Logic cell "mem_stage:u_mem_stage|canfd_secoc_mmio:u_canfd_secoc_mmio|aes128_lowpower:u_secoc_aes|AES128_updated_new:u_reusable_aes|state_after_shiftrows[106]" File: D:/mtech/sem 4/midesm presetation/riscv_aes_advancements/risc_aes_custom_ISA/journal_report_can_ids/github_full_validation_20261003/RTL/AES/Reusable/00_aes128_top.sv Line: 86
    Info (17048): Logic cell "mem_stage:u_mem_stage|canfd_secoc_mmio:u_canfd_secoc_mmio|aes128_lowpower:u_secoc_aes|AES128_updated_new:u_reusable_aes|state_after_shiftrows[107]" File: D:/mtech/sem 4/midesm presetation/riscv_aes_advancements/risc_aes_custom_ISA/journal_report_can_ids/github_full_validation_20261003/RTL/AES/Reusable/00_aes128_top.sv Line: 86
    Info (17048): Logic cell "mem_stage:u_mem_stage|canfd_secoc_mmio:u_canfd_secoc_mmio|aes128_lowpower:u_secoc_aes|AES128_updated_new:u_reusable_aes|state_after_shiftrows[102]" File: D:/mtech/sem 4/midesm presetation/riscv_aes_advancements/risc_aes_custom_ISA/journal_report_can_ids/github_full_validation_20261003/RTL/AES/Reusable/00_aes128_top.sv Line: 86
    Info (17048): Logic cell "mem_stage:u_mem_stage|canfd_secoc_mmio:u_canfd_secoc_mmio|aes128_lowpower:u_secoc_aes|AES128_updated_new:u_reusable_aes|state_after_shiftrows[105]" File: D:/mtech/sem 4/midesm presetation/riscv_aes_advancements/risc_aes_custom_ISA/journal_report_can_ids/github_full_validation_20261003/RTL/AES/Reusable/00_aes128_top.sv Line: 86
    Info (17048): Logic cell "mem_stage:u_mem_stage|canfd_secoc_mmio:u_canfd_secoc_mmio|aes128_lowpower:u_secoc_aes|AES128_updated_new:u_reusable_aes|state_after_shiftrows[100]" File: D:/mtech/sem 4/midesm presetation/riscv_aes_advancements/risc_aes_custom_ISA/journal_report_can_ids/github_full_validation_20261003/RTL/AES/Reusable/00_aes128_top.sv Line: 86
    Info (17048): Logic cell "mem_stage:u_mem_stage|canfd_secoc_mmio:u_canfd_secoc_mmio|aes128_lowpower:u_secoc_aes|AES128_updated_new:u_reusable_aes|state_after_shiftrows[101]" File: D:/mtech/sem 4/midesm presetation/riscv_aes_advancements/risc_aes_custom_ISA/journal_report_can_ids/github_full_validation_20261003/RTL/AES/Reusable/00_aes128_top.sv Line: 86
    Info (17048): Logic cell "mem_stage:u_mem_stage|canfd_secoc_mmio:u_canfd_secoc_mmio|aes128_lowpower:u_secoc_aes|AES128_updated_new:u_reusable_aes|state_after_shiftrows[103]" File: D:/mtech/sem 4/midesm presetation/riscv_aes_advancements/risc_aes_custom_ISA/journal_report_can_ids/github_full_validation_20261003/RTL/AES/Reusable/00_aes128_top.sv Line: 86
    Info (17048): Logic cell "mem_stage:u_mem_stage|canfd_secoc_mmio:u_canfd_secoc_mmio|aes128_lowpower:u_secoc_aes|AES128_updated_new:u_reusable_aes|state_after_shiftrows[104]" File: D:/mtech/sem 4/midesm presetation/riscv_aes_advancements/risc_aes_custom_ISA/journal_report_can_ids/github_full_validation_20261003/RTL/AES/Reusable/00_aes128_top.sv Line: 86
    Info (17048): Logic cell "mem_stage:u_mem_stage|canfd_secoc_mmio:u_canfd_secoc_mmio|aes128_lowpower:u_secoc_aes|AES128_updated_new:u_reusable_aes|state_after_shiftrows[79]" File: D:/mtech/sem 4/midesm presetation/riscv_aes_advancements/risc_aes_custom_ISA/journal_report_can_ids/github_full_validation_20261003/RTL/AES/Reusable/00_aes128_top.sv Line: 86
    Info (17048): Logic cell "mem_stage:u_mem_stage|canfd_secoc_mmio:u_canfd_secoc_mmio|aes128_lowpower:u_secoc_aes|AES128_updated_new:u_reusable_aes|state_after_shiftrows[80]" File: D:/mtech/sem 4/midesm presetation/riscv_aes_advancements/risc_aes_custom_ISA/journal_report_can_ids/github_full_validation_20261003/RTL/AES/Reusable/00_aes128_top.sv Line: 86
    Info (17048): Logic cell "mem_stage:u_mem_stage|canfd_secoc_mmio:u_canfd_secoc_mmio|aes128_lowpower:u_secoc_aes|AES128_updated_new:u_reusable_aes|state_after_shiftrows[81]" File: D:/mtech/sem 4/midesm presetation/riscv_aes_advancements/risc_aes_custom_ISA/journal_report_can_ids/github_full_validation_20261003/RTL/AES/Reusable/00_aes128_top.sv Line: 86
    Info (17048): Logic cell "mem_stage:u_mem_stage|canfd_secoc_mmio:u_canfd_secoc_mmio|aes128_lowpower:u_secoc_aes|AES128_updated_new:u_reusable_aes|state_after_shiftrows[72]" File: D:/mtech/sem 4/midesm presetation/riscv_aes_advancements/risc_aes_custom_ISA/journal_report_can_ids/github_full_validation_20261003/RTL/AES/Reusable/00_aes128_top.sv Line: 86
    Info (17048): Logic cell "mem_stage:u_mem_stage|canfd_secoc_mmio:u_canfd_secoc_mmio|aes128_lowpower:u_secoc_aes|AES128_updated_new:u_reusable_aes|state_after_shiftrows[76]" File: D:/mtech/sem 4/midesm presetation/riscv_aes_advancements/risc_aes_custom_ISA/journal_report_can_ids/github_full_validation_20261003/RTL/AES/Reusable/00_aes128_top.sv Line: 86
    Info (17048): Logic cell "mem_stage:u_mem_stage|canfd_secoc_mmio:u_canfd_secoc_mmio|aes128_lowpower:u_secoc_aes|AES128_updated_new:u_reusable_aes|state_after_shiftrows[77]" File: D:/mtech/sem 4/midesm presetation/riscv_aes_advancements/risc_aes_custom_ISA/journal_report_can_ids/github_full_validation_20261003/RTL/AES/Reusable/00_aes128_top.sv Line: 86
    Info (17048): Logic cell "mem_stage:u_mem_stage|canfd_secoc_mmio:u_canfd_secoc_mmio|aes128_lowpower:u_secoc_aes|AES128_updated_new:u_reusable_aes|state_after_shiftrows[78]" File: D:/mtech/sem 4/midesm presetation/riscv_aes_advancements/risc_aes_custom_ISA/journal_report_can_ids/github_full_validation_20261003/RTL/AES/Reusable/00_aes128_top.sv Line: 86
    Info (17048): Logic cell "mem_stage:u_mem_stage|canfd_secoc_mmio:u_canfd_secoc_mmio|aes128_lowpower:u_secoc_aes|AES128_updated_new:u_reusable_aes|state_after_shiftrows[73]" File: D:/mtech/sem 4/midesm presetation/riscv_aes_advancements/risc_aes_custom_ISA/journal_report_can_ids/github_full_validation_20261003/RTL/AES/Reusable/00_aes128_top.sv Line: 86
    Info (17048): Logic cell "mem_stage:u_mem_stage|canfd_secoc_mmio:u_canfd_secoc_mmio|aes128_lowpower:u_secoc_aes|AES128_updated_new:u_reusable_aes|state_after_shiftrows[74]" File: D:/mtech/sem 4/midesm presetation/riscv_aes_advancements/risc_aes_custom_ISA/journal_report_can_ids/github_full_validation_20261003/RTL/AES/Reusable/00_aes128_top.sv Line: 86
    Info (17048): Logic cell "mem_stage:u_mem_stage|canfd_secoc_mmio:u_canfd_secoc_mmio|aes128_lowpower:u_secoc_aes|AES128_updated_new:u_reusable_aes|state_after_shiftrows[75]" File: D:/mtech/sem 4/midesm presetation/riscv_aes_advancements/risc_aes_custom_ISA/journal_report_can_ids/github_full_validation_20261003/RTL/AES/Reusable/00_aes128_top.sv Line: 86
    Info (17048): Logic cell "mem_stage:u_mem_stage|canfd_secoc_mmio:u_canfd_secoc_mmio|aes128_lowpower:u_secoc_aes|AES128_updated_new:u_reusable_aes|state_after_shiftrows[70]" File: D:/mtech/sem 4/midesm presetation/riscv_aes_advancements/risc_aes_custom_ISA/journal_report_can_ids/github_full_validation_20261003/RTL/AES/Reusable/00_aes128_top.sv Line: 86
    Info (17048): Logic cell "mem_stage:u_mem_stage|canfd_secoc_mmio:u_canfd_secoc_mmio|aes128_lowpower:u_secoc_aes|AES128_updated_new:u_reusable_aes|state_after_shiftrows[71]" File: D:/mtech/sem 4/midesm presetation/riscv_aes_advancements/risc_aes_custom_ISA/journal_report_can_ids/github_full_validation_20261003/RTL/AES/Reusable/00_aes128_top.sv Line: 86
    Info (17048): Logic cell "mem_stage:u_mem_stage|canfd_secoc_mmio:u_canfd_secoc_mmio|aes128_lowpower:u_secoc_aes|AES128_updated_new:u_reusable_aes|state_after_shiftrows[66]" File: D:/mtech/sem 4/midesm presetation/riscv_aes_advancements/risc_aes_custom_ISA/journal_report_can_ids/github_full_validation_20261003/RTL/AES/Reusable/00_aes128_top.sv Line: 86
    Info (17048): Logic cell "mem_stage:u_mem_stage|canfd_secoc_mmio:u_canfd_secoc_mmio|aes128_lowpower:u_secoc_aes|AES128_updated_new:u_reusable_aes|state_after_shiftrows[69]" File: D:/mtech/sem 4/midesm presetation/riscv_aes_advancements/risc_aes_custom_ISA/journal_report_can_ids/github_full_validation_20261003/RTL/AES/Reusable/00_aes128_top.sv Line: 86
    Info (17048): Logic cell "mem_stage:u_mem_stage|canfd_secoc_mmio:u_canfd_secoc_mmio|aes128_lowpower:u_secoc_aes|AES128_updated_new:u_reusable_aes|state_after_shiftrows[64]" File: D:/mtech/sem 4/midesm presetation/riscv_aes_advancements/risc_aes_custom_ISA/journal_report_can_ids/github_full_validation_20261003/RTL/AES/Reusable/00_aes128_top.sv Line: 86
    Info (17048): Logic cell "mem_stage:u_mem_stage|canfd_secoc_mmio:u_canfd_secoc_mmio|aes128_lowpower:u_secoc_aes|AES128_updated_new:u_reusable_aes|state_after_shiftrows[65]" File: D:/mtech/sem 4/midesm presetation/riscv_aes_advancements/risc_aes_custom_ISA/journal_report_can_ids/github_full_validation_20261003/RTL/AES/Reusable/00_aes128_top.sv Line: 86
    Info (17048): Logic cell "mem_stage:u_mem_stage|canfd_secoc_mmio:u_canfd_secoc_mmio|aes128_lowpower:u_secoc_aes|AES128_updated_new:u_reusable_aes|state_after_shiftrows[67]" File: D:/mtech/sem 4/midesm presetation/riscv_aes_advancements/risc_aes_custom_ISA/journal_report_can_ids/github_full_validation_20261003/RTL/AES/Reusable/00_aes128_top.sv Line: 86
    Info (17048): Logic cell "mem_stage:u_mem_stage|canfd_secoc_mmio:u_canfd_secoc_mmio|aes128_lowpower:u_secoc_aes|AES128_updated_new:u_reusable_aes|state_after_shiftrows[68]" File: D:/mtech/sem 4/midesm presetation/riscv_aes_advancements/risc_aes_custom_ISA/journal_report_can_ids/github_full_validation_20261003/RTL/AES/Reusable/00_aes128_top.sv Line: 86
    Info (17048): Logic cell "mem_stage:u_mem_stage|canfd_secoc_mmio:u_canfd_secoc_mmio|aes128_lowpower:u_secoc_aes|AES128_updated_new:u_reusable_aes|state_after_shiftrows[97]" File: D:/mtech/sem 4/midesm presetation/riscv_aes_advancements/risc_aes_custom_ISA/journal_report_can_ids/github_full_validation_20261003/RTL/AES/Reusable/00_aes128_top.sv Line: 86
    Info (17048): Logic cell "mem_stage:u_mem_stage|canfd_secoc_mmio:u_canfd_secoc_mmio|aes128_lowpower:u_secoc_aes|AES128_updated_new:u_reusable_aes|state_after_shiftrows[98]" File: D:/mtech/sem 4/midesm presetation/riscv_aes_advancements/risc_aes_custom_ISA/journal_report_can_ids/github_full_validation_20261003/RTL/AES/Reusable/00_aes128_top.sv Line: 86
    Info (17048): Logic cell "mem_stage:u_mem_stage|canfd_secoc_mmio:u_canfd_secoc_mmio|aes128_lowpower:u_secoc_aes|AES128_updated_new:u_reusable_aes|state_after_shiftrows[99]" File: D:/mtech/sem 4/midesm presetation/riscv_aes_advancements/risc_aes_custom_ISA/journal_report_can_ids/github_full_validation_20261003/RTL/AES/Reusable/00_aes128_top.sv Line: 86
    Info (17048): Logic cell "mem_stage:u_mem_stage|canfd_secoc_mmio:u_canfd_secoc_mmio|aes128_lowpower:u_secoc_aes|AES128_updated_new:u_reusable_aes|state_after_shiftrows[93]" File: D:/mtech/sem 4/midesm presetation/riscv_aes_advancements/risc_aes_custom_ISA/journal_report_can_ids/github_full_validation_20261003/RTL/AES/Reusable/00_aes128_top.sv Line: 86
    Info (17048): Logic cell "mem_stage:u_mem_stage|canfd_secoc_mmio:u_canfd_secoc_mmio|aes128_lowpower:u_secoc_aes|AES128_updated_new:u_reusable_aes|state_after_shiftrows[94]" File: D:/mtech/sem 4/midesm presetation/riscv_aes_advancements/risc_aes_custom_ISA/journal_report_can_ids/github_full_validation_20261003/RTL/AES/Reusable/00_aes128_top.sv Line: 86
    Info (17048): Logic cell "mem_stage:u_mem_stage|canfd_secoc_mmio:u_canfd_secoc_mmio|aes128_lowpower:u_secoc_aes|AES128_updated_new:u_reusable_aes|state_after_shiftrows[95]" File: D:/mtech/sem 4/midesm presetation/riscv_aes_advancements/risc_aes_custom_ISA/journal_report_can_ids/github_full_validation_20261003/RTL/AES/Reusable/00_aes128_top.sv Line: 86
    Info (17048): Logic cell "mem_stage:u_mem_stage|canfd_secoc_mmio:u_canfd_secoc_mmio|aes128_lowpower:u_secoc_aes|AES128_updated_new:u_reusable_aes|state_after_shiftrows[96]" File: D:/mtech/sem 4/midesm presetation/riscv_aes_advancements/risc_aes_custom_ISA/journal_report_can_ids/github_full_validation_20261003/RTL/AES/Reusable/00_aes128_top.sv Line: 86
    Info (17048): Logic cell "mem_stage:u_mem_stage|canfd_secoc_mmio:u_canfd_secoc_mmio|aes128_lowpower:u_secoc_aes|AES128_updated_new:u_reusable_aes|state_after_shiftrows[91]" File: D:/mtech/sem 4/midesm presetation/riscv_aes_advancements/risc_aes_custom_ISA/journal_report_can_ids/github_full_validation_20261003/RTL/AES/Reusable/00_aes128_top.sv Line: 86
    Info (17048): Logic cell "mem_stage:u_mem_stage|canfd_secoc_mmio:u_canfd_secoc_mmio|aes128_lowpower:u_secoc_aes|AES128_updated_new:u_reusable_aes|state_after_shiftrows[92]" File: D:/mtech/sem 4/midesm presetation/riscv_aes_advancements/risc_aes_custom_ISA/journal_report_can_ids/github_full_validation_20261003/RTL/AES/Reusable/00_aes128_top.sv Line: 86
    Info (17048): Logic cell "mem_stage:u_mem_stage|canfd_secoc_mmio:u_canfd_secoc_mmio|aes128_lowpower:u_secoc_aes|AES128_updated_new:u_reusable_aes|state_after_shiftrows[90]" File: D:/mtech/sem 4/midesm presetation/riscv_aes_advancements/risc_aes_custom_ISA/journal_report_can_ids/github_full_validation_20261003/RTL/AES/Reusable/00_aes128_top.sv Line: 86
    Info (17048): Logic cell "mem_stage:u_mem_stage|canfd_secoc_mmio:u_canfd_secoc_mmio|aes128_lowpower:u_secoc_aes|AES128_updated_new:u_reusable_aes|state_after_shiftrows[88]" File: D:/mtech/sem 4/midesm presetation/riscv_aes_advancements/risc_aes_custom_ISA/journal_report_can_ids/github_full_validation_20261003/RTL/AES/Reusable/00_aes128_top.sv Line: 86
    Info (17048): Logic cell "mem_stage:u_mem_stage|canfd_secoc_mmio:u_canfd_secoc_mmio|aes128_lowpower:u_secoc_aes|AES128_updated_new:u_reusable_aes|state_after_shiftrows[89]" File: D:/mtech/sem 4/midesm presetation/riscv_aes_advancements/risc_aes_custom_ISA/journal_report_can_ids/github_full_validation_20261003/RTL/AES/Reusable/00_aes128_top.sv Line: 86
    Info (17048): Logic cell "mem_stage:u_mem_stage|canfd_secoc_mmio:u_canfd_secoc_mmio|aes128_lowpower:u_secoc_aes|AES128_updated_new:u_reusable_aes|state_after_shiftrows[84]" File: D:/mtech/sem 4/midesm presetation/riscv_aes_advancements/risc_aes_custom_ISA/journal_report_can_ids/github_full_validation_20261003/RTL/AES/Reusable/00_aes128_top.sv Line: 86
    Info (17048): Logic cell "mem_stage:u_mem_stage|canfd_secoc_mmio:u_canfd_secoc_mmio|aes128_lowpower:u_secoc_aes|AES128_updated_new:u_reusable_aes|state_after_shiftrows[87]" File: D:/mtech/sem 4/midesm presetation/riscv_aes_advancements/risc_aes_custom_ISA/journal_report_can_ids/github_full_validation_20261003/RTL/AES/Reusable/00_aes128_top.sv Line: 86
    Info (17048): Logic cell "mem_stage:u_mem_stage|canfd_secoc_mmio:u_canfd_secoc_mmio|aes128_lowpower:u_secoc_aes|AES128_updated_new:u_reusable_aes|state_after_shiftrows[82]" File: D:/mtech/sem 4/midesm presetation/riscv_aes_advancements/risc_aes_custom_ISA/journal_report_can_ids/github_full_validation_20261003/RTL/AES/Reusable/00_aes128_top.sv Line: 86
    Info (17048): Logic cell "mem_stage:u_mem_stage|canfd_secoc_mmio:u_canfd_secoc_mmio|aes128_lowpower:u_secoc_aes|AES128_updated_new:u_reusable_aes|state_after_shiftrows[83]" File: D:/mtech/sem 4/midesm presetation/riscv_aes_advancements/risc_aes_custom_ISA/journal_report_can_ids/github_full_validation_20261003/RTL/AES/Reusable/00_aes128_top.sv Line: 86
    Info (17048): Logic cell "mem_stage:u_mem_stage|canfd_secoc_mmio:u_canfd_secoc_mmio|aes128_lowpower:u_secoc_aes|AES128_updated_new:u_reusable_aes|state_after_shiftrows[85]" File: D:/mtech/sem 4/midesm presetation/riscv_aes_advancements/risc_aes_custom_ISA/journal_report_can_ids/github_full_validation_20261003/RTL/AES/Reusable/00_aes128_top.sv Line: 86
    Info (17048): Logic cell "mem_stage:u_mem_stage|canfd_secoc_mmio:u_canfd_secoc_mmio|aes128_lowpower:u_secoc_aes|AES128_updated_new:u_reusable_aes|state_after_shiftrows[86]" File: D:/mtech/sem 4/midesm presetation/riscv_aes_advancements/risc_aes_custom_ISA/journal_report_can_ids/github_full_validation_20261003/RTL/AES/Reusable/00_aes128_top.sv Line: 86
    Info (17048): Logic cell "mem_stage:u_mem_stage|aes_mmio:u_aes_mmio|aes128_lowpower:u_aes128_lowpower|AES128_updated_new:u_reusable_aes|state_after_shiftrows[67]" File: D:/mtech/sem 4/midesm presetation/riscv_aes_advancements/risc_aes_custom_ISA/journal_report_can_ids/github_full_validation_20261003/RTL/AES/Reusable/00_aes128_top.sv Line: 86
    Info (17048): Logic cell "mem_stage:u_mem_stage|aes_mmio:u_aes_mmio|aes128_lowpower:u_aes128_lowpower|AES128_updated_new:u_reusable_aes|state_after_shiftrows[99]" File: D:/mtech/sem 4/midesm presetation/riscv_aes_advancements/risc_aes_custom_ISA/journal_report_can_ids/github_full_validation_20261003/RTL/AES/Reusable/00_aes128_top.sv Line: 86
    Info (17048): Logic cell "mem_stage:u_mem_stage|aes_mmio:u_aes_mmio|aes128_lowpower:u_aes128_lowpower|AES128_updated_new:u_reusable_aes|state_after_shiftrows[35]" File: D:/mtech/sem 4/midesm presetation/riscv_aes_advancements/risc_aes_custom_ISA/journal_report_can_ids/github_full_validation_20261003/RTL/AES/Reusable/00_aes128_top.sv Line: 86
    Info (17048): Logic cell "mem_stage:u_mem_stage|aes_mmio:u_aes_mmio|aes128_lowpower:u_aes128_lowpower|AES128_updated_new:u_reusable_aes|state_after_shiftrows[66]" File: D:/mtech/sem 4/midesm presetation/riscv_aes_advancements/risc_aes_custom_ISA/journal_report_can_ids/github_full_validation_20261003/RTL/AES/Reusable/00_aes128_top.sv Line: 86
    Info (17048): Logic cell "mem_stage:u_mem_stage|aes_mmio:u_aes_mmio|aes128_lowpower:u_aes128_lowpower|AES128_updated_new:u_reusable_aes|state_after_shiftrows[98]" File: D:/mtech/sem 4/midesm presetation/riscv_aes_advancements/risc_aes_custom_ISA/journal_report_can_ids/github_full_validation_20261003/RTL/AES/Reusable/00_aes128_top.sv Line: 86
    Info (17048): Logic cell "mem_stage:u_mem_stage|aes_mmio:u_aes_mmio|aes128_lowpower:u_aes128_lowpower|AES128_updated_new:u_reusable_aes|state_after_shiftrows[34]" File: D:/mtech/sem 4/midesm presetation/riscv_aes_advancements/risc_aes_custom_ISA/journal_report_can_ids/github_full_validation_20261003/RTL/AES/Reusable/00_aes128_top.sv Line: 86
    Info (17048): Logic cell "mem_stage:u_mem_stage|aes_mmio:u_aes_mmio|aes128_lowpower:u_aes128_lowpower|AES128_updated_new:u_reusable_aes|state_after_shiftrows[64]" File: D:/mtech/sem 4/midesm presetation/riscv_aes_advancements/risc_aes_custom_ISA/journal_report_can_ids/github_full_validation_20261003/RTL/AES/Reusable/00_aes128_top.sv Line: 86
    Info (17048): Logic cell "mem_stage:u_mem_stage|aes_mmio:u_aes_mmio|aes128_lowpower:u_aes128_lowpower|AES128_updated_new:u_reusable_aes|state_after_shiftrows[96]" File: D:/mtech/sem 4/midesm presetation/riscv_aes_advancements/risc_aes_custom_ISA/journal_report_can_ids/github_full_validation_20261003/RTL/AES/Reusable/00_aes128_top.sv Line: 86
    Info (17048): Logic cell "mem_stage:u_mem_stage|aes_mmio:u_aes_mmio|aes128_lowpower:u_aes128_lowpower|AES128_updated_new:u_reusable_aes|state_after_shiftrows[32]" File: D:/mtech/sem 4/midesm presetation/riscv_aes_advancements/risc_aes_custom_ISA/journal_report_can_ids/github_full_validation_20261003/RTL/AES/Reusable/00_aes128_top.sv Line: 86
    Info (17048): Logic cell "mem_stage:u_mem_stage|aes_mmio:u_aes_mmio|aes128_lowpower:u_aes128_lowpower|AES128_updated_new:u_reusable_aes|state_after_shiftrows[65]" File: D:/mtech/sem 4/midesm presetation/riscv_aes_advancements/risc_aes_custom_ISA/journal_report_can_ids/github_full_validation_20261003/RTL/AES/Reusable/00_aes128_top.sv Line: 86
    Info (17048): Logic cell "mem_stage:u_mem_stage|aes_mmio:u_aes_mmio|aes128_lowpower:u_aes128_lowpower|AES128_updated_new:u_reusable_aes|state_after_shiftrows[97]" File: D:/mtech/sem 4/midesm presetation/riscv_aes_advancements/risc_aes_custom_ISA/journal_report_can_ids/github_full_validation_20261003/RTL/AES/Reusable/00_aes128_top.sv Line: 86
    Info (17048): Logic cell "mem_stage:u_mem_stage|aes_mmio:u_aes_mmio|aes128_lowpower:u_aes128_lowpower|AES128_updated_new:u_reusable_aes|state_after_shiftrows[33]" File: D:/mtech/sem 4/midesm presetation/riscv_aes_advancements/risc_aes_custom_ISA/journal_report_can_ids/github_full_validation_20261003/RTL/AES/Reusable/00_aes128_top.sv Line: 86
    Info (17048): Logic cell "mem_stage:u_mem_stage|aes_mmio:u_aes_mmio|aes128_lowpower:u_aes128_lowpower|AES128_updated_new:u_reusable_aes|state_after_shiftrows[69]" File: D:/mtech/sem 4/midesm presetation/riscv_aes_advancements/risc_aes_custom_ISA/journal_report_can_ids/github_full_validation_20261003/RTL/AES/Reusable/00_aes128_top.sv Line: 86
    Info (17048): Logic cell "mem_stage:u_mem_stage|aes_mmio:u_aes_mmio|aes128_lowpower:u_aes128_lowpower|AES128_updated_new:u_reusable_aes|state_after_shiftrows[101]" File: D:/mtech/sem 4/midesm presetation/riscv_aes_advancements/risc_aes_custom_ISA/journal_report_can_ids/github_full_validation_20261003/RTL/AES/Reusable/00_aes128_top.sv Line: 86
    Info (17048): Logic cell "mem_stage:u_mem_stage|aes_mmio:u_aes_mmio|aes128_lowpower:u_aes128_lowpower|AES128_updated_new:u_reusable_aes|state_after_shiftrows[37]" File: D:/mtech/sem 4/midesm presetation/riscv_aes_advancements/risc_aes_custom_ISA/journal_report_can_ids/github_full_validation_20261003/RTL/AES/Reusable/00_aes128_top.sv Line: 86
    Info (17048): Logic cell "mem_stage:u_mem_stage|aes_mmio:u_aes_mmio|aes128_lowpower:u_aes128_lowpower|AES128_updated_new:u_reusable_aes|state_after_shiftrows[71]" File: D:/mtech/sem 4/midesm presetation/riscv_aes_advancements/risc_aes_custom_ISA/journal_report_can_ids/github_full_validation_20261003/RTL/AES/Reusable/00_aes128_top.sv Line: 86
    Info (17048): Logic cell "mem_stage:u_mem_stage|aes_mmio:u_aes_mmio|aes128_lowpower:u_aes128_lowpower|AES128_updated_new:u_reusable_aes|state_after_shiftrows[103]" File: D:/mtech/sem 4/midesm presetation/riscv_aes_advancements/risc_aes_custom_ISA/journal_report_can_ids/github_full_validation_20261003/RTL/AES/Reusable/00_aes128_top.sv Line: 86
    Info (17048): Logic cell "mem_stage:u_mem_stage|aes_mmio:u_aes_mmio|aes128_lowpower:u_aes128_lowpower|AES128_updated_new:u_reusable_aes|state_after_shiftrows[39]" File: D:/mtech/sem 4/midesm presetation/riscv_aes_advancements/risc_aes_custom_ISA/journal_report_can_ids/github_full_validation_20261003/RTL/AES/Reusable/00_aes128_top.sv Line: 86
    Info (17048): Logic cell "mem_stage:u_mem_stage|aes_mmio:u_aes_mmio|aes128_lowpower:u_aes128_lowpower|AES128_updated_new:u_reusable_aes|state_after_shiftrows[70]" File: D:/mtech/sem 4/midesm presetation/riscv_aes_advancements/risc_aes_custom_ISA/journal_report_can_ids/github_full_validation_20261003/RTL/AES/Reusable/00_aes128_top.sv Line: 86
    Info (17048): Logic cell "mem_stage:u_mem_stage|aes_mmio:u_aes_mmio|aes128_lowpower:u_aes128_lowpower|AES128_updated_new:u_reusable_aes|state_after_shiftrows[102]" File: D:/mtech/sem 4/midesm presetation/riscv_aes_advancements/risc_aes_custom_ISA/journal_report_can_ids/github_full_validation_20261003/RTL/AES/Reusable/00_aes128_top.sv Line: 86
    Info (17048): Logic cell "mem_stage:u_mem_stage|aes_mmio:u_aes_mmio|aes128_lowpower:u_aes128_lowpower|AES128_updated_new:u_reusable_aes|state_after_shiftrows[38]" File: D:/mtech/sem 4/midesm presetation/riscv_aes_advancements/risc_aes_custom_ISA/journal_report_can_ids/github_full_validation_20261003/RTL/AES/Reusable/00_aes128_top.sv Line: 86
    Info (17048): Logic cell "mem_stage:u_mem_stage|aes_mmio:u_aes_mmio|aes128_lowpower:u_aes128_lowpower|AES128_updated_new:u_reusable_aes|state_after_shiftrows[68]" File: D:/mtech/sem 4/midesm presetation/riscv_aes_advancements/risc_aes_custom_ISA/journal_report_can_ids/github_full_validation_20261003/RTL/AES/Reusable/00_aes128_top.sv Line: 86
    Info (17048): Logic cell "mem_stage:u_mem_stage|aes_mmio:u_aes_mmio|aes128_lowpower:u_aes128_lowpower|AES128_updated_new:u_reusable_aes|state_after_shiftrows[100]" File: D:/mtech/sem 4/midesm presetation/riscv_aes_advancements/risc_aes_custom_ISA/journal_report_can_ids/github_full_validation_20261003/RTL/AES/Reusable/00_aes128_top.sv Line: 86
    Info (17048): Logic cell "mem_stage:u_mem_stage|aes_mmio:u_aes_mmio|aes128_lowpower:u_aes128_lowpower|AES128_updated_new:u_reusable_aes|state_after_shiftrows[36]" File: D:/mtech/sem 4/midesm presetation/riscv_aes_advancements/risc_aes_custom_ISA/journal_report_can_ids/github_full_validation_20261003/RTL/AES/Reusable/00_aes128_top.sv Line: 86
    Info (17048): Logic cell "mem_stage:u_mem_stage|aes_mmio:u_aes_mmio|aes128_lowpower:u_aes128_lowpower|AES128_updated_new:u_reusable_aes|state_after_shiftrows[73]" File: D:/mtech/sem 4/midesm presetation/riscv_aes_advancements/risc_aes_custom_ISA/journal_report_can_ids/github_full_validation_20261003/RTL/AES/Reusable/00_aes128_top.sv Line: 86
    Info (17048): Logic cell "mem_stage:u_mem_stage|aes_mmio:u_aes_mmio|aes128_lowpower:u_aes128_lowpower|AES128_updated_new:u_reusable_aes|state_after_shiftrows[105]" File: D:/mtech/sem 4/midesm presetation/riscv_aes_advancements/risc_aes_custom_ISA/journal_report_can_ids/github_full_validation_20261003/RTL/AES/Reusable/00_aes128_top.sv Line: 86
    Info (17048): Logic cell "mem_stage:u_mem_stage|aes_mmio:u_aes_mmio|aes128_lowpower:u_aes128_lowpower|AES128_updated_new:u_reusable_aes|state_after_shiftrows[41]" File: D:/mtech/sem 4/midesm presetation/riscv_aes_advancements/risc_aes_custom_ISA/journal_report_can_ids/github_full_validation_20261003/RTL/AES/Reusable/00_aes128_top.sv Line: 86
    Info (17048): Logic cell "mem_stage:u_mem_stage|aes_mmio:u_aes_mmio|aes128_lowpower:u_aes128_lowpower|AES128_updated_new:u_reusable_aes|state_after_shiftrows[75]" File: D:/mtech/sem 4/midesm presetation/riscv_aes_advancements/risc_aes_custom_ISA/journal_report_can_ids/github_full_validation_20261003/RTL/AES/Reusable/00_aes128_top.sv Line: 86
    Info (17048): Logic cell "mem_stage:u_mem_stage|aes_mmio:u_aes_mmio|aes128_lowpower:u_aes128_lowpower|AES128_updated_new:u_reusable_aes|state_after_shiftrows[107]" File: D:/mtech/sem 4/midesm presetation/riscv_aes_advancements/risc_aes_custom_ISA/journal_report_can_ids/github_full_validation_20261003/RTL/AES/Reusable/00_aes128_top.sv Line: 86
    Info (17048): Logic cell "mem_stage:u_mem_stage|aes_mmio:u_aes_mmio|aes128_lowpower:u_aes128_lowpower|AES128_updated_new:u_reusable_aes|state_after_shiftrows[43]" File: D:/mtech/sem 4/midesm presetation/riscv_aes_advancements/risc_aes_custom_ISA/journal_report_can_ids/github_full_validation_20261003/RTL/AES/Reusable/00_aes128_top.sv Line: 86
    Info (17048): Logic cell "mem_stage:u_mem_stage|aes_mmio:u_aes_mmio|aes128_lowpower:u_aes128_lowpower|AES128_updated_new:u_reusable_aes|state_after_shiftrows[74]" File: D:/mtech/sem 4/midesm presetation/riscv_aes_advancements/risc_aes_custom_ISA/journal_report_can_ids/github_full_validation_20261003/RTL/AES/Reusable/00_aes128_top.sv Line: 86
    Info (17048): Logic cell "mem_stage:u_mem_stage|aes_mmio:u_aes_mmio|aes128_lowpower:u_aes128_lowpower|AES128_updated_new:u_reusable_aes|state_after_shiftrows[106]" File: D:/mtech/sem 4/midesm presetation/riscv_aes_advancements/risc_aes_custom_ISA/journal_report_can_ids/github_full_validation_20261003/RTL/AES/Reusable/00_aes128_top.sv Line: 86
    Info (17048): Logic cell "mem_stage:u_mem_stage|aes_mmio:u_aes_mmio|aes128_lowpower:u_aes128_lowpower|AES128_updated_new:u_reusable_aes|state_after_shiftrows[42]" File: D:/mtech/sem 4/midesm presetation/riscv_aes_advancements/risc_aes_custom_ISA/journal_report_can_ids/github_full_validation_20261003/RTL/AES/Reusable/00_aes128_top.sv Line: 86
    Info (17048): Logic cell "mem_stage:u_mem_stage|aes_mmio:u_aes_mmio|aes128_lowpower:u_aes128_lowpower|AES128_updated_new:u_reusable_aes|state_after_shiftrows[72]" File: D:/mtech/sem 4/midesm presetation/riscv_aes_advancements/risc_aes_custom_ISA/journal_report_can_ids/github_full_validation_20261003/RTL/AES/Reusable/00_aes128_top.sv Line: 86
    Info (17048): Logic cell "mem_stage:u_mem_stage|aes_mmio:u_aes_mmio|aes128_lowpower:u_aes128_lowpower|AES128_updated_new:u_reusable_aes|state_after_shiftrows[104]" File: D:/mtech/sem 4/midesm presetation/riscv_aes_advancements/risc_aes_custom_ISA/journal_report_can_ids/github_full_validation_20261003/RTL/AES/Reusable/00_aes128_top.sv Line: 86
    Info (17048): Logic cell "mem_stage:u_mem_stage|aes_mmio:u_aes_mmio|aes128_lowpower:u_aes128_lowpower|AES128_updated_new:u_reusable_aes|state_after_shiftrows[40]" File: D:/mtech/sem 4/midesm presetation/riscv_aes_advancements/risc_aes_custom_ISA/journal_report_can_ids/github_full_validation_20261003/RTL/AES/Reusable/00_aes128_top.sv Line: 86
    Info (17048): Logic cell "mem_stage:u_mem_stage|aes_mmio:u_aes_mmio|aes128_lowpower:u_aes128_lowpower|AES128_updated_new:u_reusable_aes|state_after_shiftrows[78]" File: D:/mtech/sem 4/midesm presetation/riscv_aes_advancements/risc_aes_custom_ISA/journal_report_can_ids/github_full_validation_20261003/RTL/AES/Reusable/00_aes128_top.sv Line: 86
    Info (17048): Logic cell "mem_stage:u_mem_stage|aes_mmio:u_aes_mmio|aes128_lowpower:u_aes128_lowpower|AES128_updated_new:u_reusable_aes|state_after_shiftrows[110]" File: D:/mtech/sem 4/midesm presetation/riscv_aes_advancements/risc_aes_custom_ISA/journal_report_can_ids/github_full_validation_20261003/RTL/AES/Reusable/00_aes128_top.sv Line: 86
    Info (17048): Logic cell "mem_stage:u_mem_stage|aes_mmio:u_aes_mmio|aes128_lowpower:u_aes128_lowpower|AES128_updated_new:u_reusable_aes|state_after_shiftrows[46]" File: D:/mtech/sem 4/midesm presetation/riscv_aes_advancements/risc_aes_custom_ISA/journal_report_can_ids/github_full_validation_20261003/RTL/AES/Reusable/00_aes128_top.sv Line: 86
    Info (17048): Logic cell "mem_stage:u_mem_stage|aes_mmio:u_aes_mmio|aes128_lowpower:u_aes128_lowpower|AES128_updated_new:u_reusable_aes|state_after_shiftrows[77]" File: D:/mtech/sem 4/midesm presetation/riscv_aes_advancements/risc_aes_custom_ISA/journal_report_can_ids/github_full_validation_20261003/RTL/AES/Reusable/00_aes128_top.sv Line: 86
    Info (17048): Logic cell "mem_stage:u_mem_stage|aes_mmio:u_aes_mmio|aes128_lowpower:u_aes128_lowpower|AES128_updated_new:u_reusable_aes|state_after_shiftrows[109]" File: D:/mtech/sem 4/midesm presetation/riscv_aes_advancements/risc_aes_custom_ISA/journal_report_can_ids/github_full_validation_20261003/RTL/AES/Reusable/00_aes128_top.sv Line: 86
    Info (17048): Logic cell "mem_stage:u_mem_stage|aes_mmio:u_aes_mmio|aes128_lowpower:u_aes128_lowpower|AES128_updated_new:u_reusable_aes|state_after_shiftrows[45]" File: D:/mtech/sem 4/midesm presetation/riscv_aes_advancements/risc_aes_custom_ISA/journal_report_can_ids/github_full_validation_20261003/RTL/AES/Reusable/00_aes128_top.sv Line: 86
    Info (17048): Logic cell "mem_stage:u_mem_stage|aes_mmio:u_aes_mmio|aes128_lowpower:u_aes128_lowpower|AES128_updated_new:u_reusable_aes|state_after_shiftrows[76]" File: D:/mtech/sem 4/midesm presetation/riscv_aes_advancements/risc_aes_custom_ISA/journal_report_can_ids/github_full_validation_20261003/RTL/AES/Reusable/00_aes128_top.sv Line: 86
    Info (17048): Logic cell "mem_stage:u_mem_stage|aes_mmio:u_aes_mmio|aes128_lowpower:u_aes128_lowpower|AES128_updated_new:u_reusable_aes|state_after_shiftrows[108]" File: D:/mtech/sem 4/midesm presetation/riscv_aes_advancements/risc_aes_custom_ISA/journal_report_can_ids/github_full_validation_20261003/RTL/AES/Reusable/00_aes128_top.sv Line: 86
    Info (17048): Logic cell "mem_stage:u_mem_stage|aes_mmio:u_aes_mmio|aes128_lowpower:u_aes128_lowpower|AES128_updated_new:u_reusable_aes|state_after_shiftrows[44]" File: D:/mtech/sem 4/midesm presetation/riscv_aes_advancements/risc_aes_custom_ISA/journal_report_can_ids/github_full_validation_20261003/RTL/AES/Reusable/00_aes128_top.sv Line: 86
    Info (17048): Logic cell "mem_stage:u_mem_stage|aes_mmio:u_aes_mmio|aes128_lowpower:u_aes128_lowpower|AES128_updated_new:u_reusable_aes|state_after_shiftrows[80]" File: D:/mtech/sem 4/midesm presetation/riscv_aes_advancements/risc_aes_custom_ISA/journal_report_can_ids/github_full_validation_20261003/RTL/AES/Reusable/00_aes128_top.sv Line: 86
    Info (17048): Logic cell "mem_stage:u_mem_stage|aes_mmio:u_aes_mmio|aes128_lowpower:u_aes128_lowpower|AES128_updated_new:u_reusable_aes|state_after_shiftrows[112]" File: D:/mtech/sem 4/midesm presetation/riscv_aes_advancements/risc_aes_custom_ISA/journal_report_can_ids/github_full_validation_20261003/RTL/AES/Reusable/00_aes128_top.sv Line: 86
    Info (17048): Logic cell "mem_stage:u_mem_stage|aes_mmio:u_aes_mmio|aes128_lowpower:u_aes128_lowpower|AES128_updated_new:u_reusable_aes|state_after_shiftrows[48]" File: D:/mtech/sem 4/midesm presetation/riscv_aes_advancements/risc_aes_custom_ISA/journal_report_can_ids/github_full_validation_20261003/RTL/AES/Reusable/00_aes128_top.sv Line: 86
    Info (17048): Logic cell "mem_stage:u_mem_stage|aes_mmio:u_aes_mmio|aes128_lowpower:u_aes128_lowpower|AES128_updated_new:u_reusable_aes|state_after_shiftrows[79]" File: D:/mtech/sem 4/midesm presetation/riscv_aes_advancements/risc_aes_custom_ISA/journal_report_can_ids/github_full_validation_20261003/RTL/AES/Reusable/00_aes128_top.sv Line: 86
    Info (17048): Logic cell "mem_stage:u_mem_stage|aes_mmio:u_aes_mmio|aes128_lowpower:u_aes128_lowpower|AES128_updated_new:u_reusable_aes|state_after_shiftrows[111]" File: D:/mtech/sem 4/midesm presetation/riscv_aes_advancements/risc_aes_custom_ISA/journal_report_can_ids/github_full_validation_20261003/RTL/AES/Reusable/00_aes128_top.sv Line: 86
    Info (17048): Logic cell "mem_stage:u_mem_stage|aes_mmio:u_aes_mmio|aes128_lowpower:u_aes128_lowpower|AES128_updated_new:u_reusable_aes|state_after_shiftrows[47]" File: D:/mtech/sem 4/midesm presetation/riscv_aes_advancements/risc_aes_custom_ISA/journal_report_can_ids/github_full_validation_20261003/RTL/AES/Reusable/00_aes128_top.sv Line: 86
    Info (17048): Logic cell "mem_stage:u_mem_stage|aes_mmio:u_aes_mmio|aes128_lowpower:u_aes128_lowpower|AES128_updated_new:u_reusable_aes|state_after_shiftrows[82]" File: D:/mtech/sem 4/midesm presetation/riscv_aes_advancements/risc_aes_custom_ISA/journal_report_can_ids/github_full_validation_20261003/RTL/AES/Reusable/00_aes128_top.sv Line: 86
    Info (17048): Logic cell "mem_stage:u_mem_stage|aes_mmio:u_aes_mmio|aes128_lowpower:u_aes128_lowpower|AES128_updated_new:u_reusable_aes|state_after_shiftrows[114]" File: D:/mtech/sem 4/midesm presetation/riscv_aes_advancements/risc_aes_custom_ISA/journal_report_can_ids/github_full_validation_20261003/RTL/AES/Reusable/00_aes128_top.sv Line: 86
    Info (17048): Logic cell "mem_stage:u_mem_stage|aes_mmio:u_aes_mmio|aes128_lowpower:u_aes128_lowpower|AES128_updated_new:u_reusable_aes|state_after_shiftrows[50]" File: D:/mtech/sem 4/midesm presetation/riscv_aes_advancements/risc_aes_custom_ISA/journal_report_can_ids/github_full_validation_20261003/RTL/AES/Reusable/00_aes128_top.sv Line: 86
    Info (17048): Logic cell "mem_stage:u_mem_stage|aes_mmio:u_aes_mmio|aes128_lowpower:u_aes128_lowpower|AES128_updated_new:u_reusable_aes|state_after_shiftrows[81]" File: D:/mtech/sem 4/midesm presetation/riscv_aes_advancements/risc_aes_custom_ISA/journal_report_can_ids/github_full_validation_20261003/RTL/AES/Reusable/00_aes128_top.sv Line: 86
    Info (17048): Logic cell "mem_stage:u_mem_stage|aes_mmio:u_aes_mmio|aes128_lowpower:u_aes128_lowpower|AES128_updated_new:u_reusable_aes|state_after_shiftrows[113]" File: D:/mtech/sem 4/midesm presetation/riscv_aes_advancements/risc_aes_custom_ISA/journal_report_can_ids/github_full_validation_20261003/RTL/AES/Reusable/00_aes128_top.sv Line: 86
    Info (17048): Logic cell "mem_stage:u_mem_stage|aes_mmio:u_aes_mmio|aes128_lowpower:u_aes128_lowpower|AES128_updated_new:u_reusable_aes|state_after_shiftrows[49]" File: D:/mtech/sem 4/midesm presetation/riscv_aes_advancements/risc_aes_custom_ISA/journal_report_can_ids/github_full_validation_20261003/RTL/AES/Reusable/00_aes128_top.sv Line: 86
    Info (17048): Logic cell "mem_stage:u_mem_stage|aes_mmio:u_aes_mmio|aes128_lowpower:u_aes128_lowpower|AES128_updated_new:u_reusable_aes|state_after_shiftrows[85]" File: D:/mtech/sem 4/midesm presetation/riscv_aes_advancements/risc_aes_custom_ISA/journal_report_can_ids/github_full_validation_20261003/RTL/AES/Reusable/00_aes128_top.sv Line: 86
    Info (17048): Logic cell "mem_stage:u_mem_stage|aes_mmio:u_aes_mmio|aes128_lowpower:u_aes128_lowpower|AES128_updated_new:u_reusable_aes|state_after_shiftrows[117]" File: D:/mtech/sem 4/midesm presetation/riscv_aes_advancements/risc_aes_custom_ISA/journal_report_can_ids/github_full_validation_20261003/RTL/AES/Reusable/00_aes128_top.sv Line: 86
    Info (17048): Logic cell "mem_stage:u_mem_stage|aes_mmio:u_aes_mmio|aes128_lowpower:u_aes128_lowpower|AES128_updated_new:u_reusable_aes|state_after_shiftrows[53]" File: D:/mtech/sem 4/midesm presetation/riscv_aes_advancements/risc_aes_custom_ISA/journal_report_can_ids/github_full_validation_20261003/RTL/AES/Reusable/00_aes128_top.sv Line: 86
    Info (17048): Logic cell "mem_stage:u_mem_stage|aes_mmio:u_aes_mmio|aes128_lowpower:u_aes128_lowpower|AES128_updated_new:u_reusable_aes|state_after_shiftrows[84]" File: D:/mtech/sem 4/midesm presetation/riscv_aes_advancements/risc_aes_custom_ISA/journal_report_can_ids/github_full_validation_20261003/RTL/AES/Reusable/00_aes128_top.sv Line: 86
    Info (17048): Logic cell "mem_stage:u_mem_stage|aes_mmio:u_aes_mmio|aes128_lowpower:u_aes128_lowpower|AES128_updated_new:u_reusable_aes|state_after_shiftrows[116]" File: D:/mtech/sem 4/midesm presetation/riscv_aes_advancements/risc_aes_custom_ISA/journal_report_can_ids/github_full_validation_20261003/RTL/AES/Reusable/00_aes128_top.sv Line: 86
    Info (17048): Logic cell "mem_stage:u_mem_stage|aes_mmio:u_aes_mmio|aes128_lowpower:u_aes128_lowpower|AES128_updated_new:u_reusable_aes|state_after_shiftrows[52]" File: D:/mtech/sem 4/midesm presetation/riscv_aes_advancements/risc_aes_custom_ISA/journal_report_can_ids/github_full_validation_20261003/RTL/AES/Reusable/00_aes128_top.sv Line: 86
    Info (17048): Logic cell "mem_stage:u_mem_stage|aes_mmio:u_aes_mmio|aes128_lowpower:u_aes128_lowpower|AES128_updated_new:u_reusable_aes|state_after_shiftrows[83]" File: D:/mtech/sem 4/midesm presetation/riscv_aes_advancements/risc_aes_custom_ISA/journal_report_can_ids/github_full_validation_20261003/RTL/AES/Reusable/00_aes128_top.sv Line: 86
    Info (17048): Logic cell "mem_stage:u_mem_stage|aes_mmio:u_aes_mmio|aes128_lowpower:u_aes128_lowpower|AES128_updated_new:u_reusable_aes|state_after_shiftrows[115]" File: D:/mtech/sem 4/midesm presetation/riscv_aes_advancements/risc_aes_custom_ISA/journal_report_can_ids/github_full_validation_20261003/RTL/AES/Reusable/00_aes128_top.sv Line: 86
    Info (17048): Logic cell "mem_stage:u_mem_stage|aes_mmio:u_aes_mmio|aes128_lowpower:u_aes128_lowpower|AES128_updated_new:u_reusable_aes|state_after_shiftrows[51]" File: D:/mtech/sem 4/midesm presetation/riscv_aes_advancements/risc_aes_custom_ISA/journal_report_can_ids/github_full_validation_20261003/RTL/AES/Reusable/00_aes128_top.sv Line: 86
    Info (17048): Logic cell "mem_stage:u_mem_stage|aes_mmio:u_aes_mmio|aes128_lowpower:u_aes128_lowpower|AES128_updated_new:u_reusable_aes|state_after_shiftrows[87]" File: D:/mtech/sem 4/midesm presetation/riscv_aes_advancements/risc_aes_custom_ISA/journal_report_can_ids/github_full_validation_20261003/RTL/AES/Reusable/00_aes128_top.sv Line: 86
    Info (17048): Logic cell "mem_stage:u_mem_stage|aes_mmio:u_aes_mmio|aes128_lowpower:u_aes128_lowpower|AES128_updated_new:u_reusable_aes|state_after_shiftrows[119]" File: D:/mtech/sem 4/midesm presetation/riscv_aes_advancements/risc_aes_custom_ISA/journal_report_can_ids/github_full_validation_20261003/RTL/AES/Reusable/00_aes128_top.sv Line: 86
    Info (17048): Logic cell "mem_stage:u_mem_stage|aes_mmio:u_aes_mmio|aes128_lowpower:u_aes128_lowpower|AES128_updated_new:u_reusable_aes|state_after_shiftrows[55]" File: D:/mtech/sem 4/midesm presetation/riscv_aes_advancements/risc_aes_custom_ISA/journal_report_can_ids/github_full_validation_20261003/RTL/AES/Reusable/00_aes128_top.sv Line: 86
    Info (17048): Logic cell "mem_stage:u_mem_stage|aes_mmio:u_aes_mmio|aes128_lowpower:u_aes128_lowpower|AES128_updated_new:u_reusable_aes|state_after_shiftrows[86]" File: D:/mtech/sem 4/midesm presetation/riscv_aes_advancements/risc_aes_custom_ISA/journal_report_can_ids/github_full_validation_20261003/RTL/AES/Reusable/00_aes128_top.sv Line: 86
    Info (17048): Logic cell "mem_stage:u_mem_stage|aes_mmio:u_aes_mmio|aes128_lowpower:u_aes128_lowpower|AES128_updated_new:u_reusable_aes|state_after_shiftrows[118]" File: D:/mtech/sem 4/midesm presetation/riscv_aes_advancements/risc_aes_custom_ISA/journal_report_can_ids/github_full_validation_20261003/RTL/AES/Reusable/00_aes128_top.sv Line: 86
    Info (17048): Logic cell "mem_stage:u_mem_stage|aes_mmio:u_aes_mmio|aes128_lowpower:u_aes128_lowpower|AES128_updated_new:u_reusable_aes|state_after_shiftrows[54]" File: D:/mtech/sem 4/midesm presetation/riscv_aes_advancements/risc_aes_custom_ISA/journal_report_can_ids/github_full_validation_20261003/RTL/AES/Reusable/00_aes128_top.sv Line: 86
    Info (17048): Logic cell "mem_stage:u_mem_stage|aes_mmio:u_aes_mmio|aes128_lowpower:u_aes128_lowpower|AES128_updated_new:u_reusable_aes|state_after_shiftrows[89]" File: D:/mtech/sem 4/midesm presetation/riscv_aes_advancements/risc_aes_custom_ISA/journal_report_can_ids/github_full_validation_20261003/RTL/AES/Reusable/00_aes128_top.sv Line: 86
    Info (17048): Logic cell "mem_stage:u_mem_stage|aes_mmio:u_aes_mmio|aes128_lowpower:u_aes128_lowpower|AES128_updated_new:u_reusable_aes|state_after_shiftrows[121]" File: D:/mtech/sem 4/midesm presetation/riscv_aes_advancements/risc_aes_custom_ISA/journal_report_can_ids/github_full_validation_20261003/RTL/AES/Reusable/00_aes128_top.sv Line: 86
    Info (17048): Logic cell "mem_stage:u_mem_stage|aes_mmio:u_aes_mmio|aes128_lowpower:u_aes128_lowpower|AES128_updated_new:u_reusable_aes|state_after_shiftrows[57]" File: D:/mtech/sem 4/midesm presetation/riscv_aes_advancements/risc_aes_custom_ISA/journal_report_can_ids/github_full_validation_20261003/RTL/AES/Reusable/00_aes128_top.sv Line: 86
    Info (17048): Logic cell "mem_stage:u_mem_stage|aes_mmio:u_aes_mmio|aes128_lowpower:u_aes128_lowpower|AES128_updated_new:u_reusable_aes|state_after_shiftrows[88]" File: D:/mtech/sem 4/midesm presetation/riscv_aes_advancements/risc_aes_custom_ISA/journal_report_can_ids/github_full_validation_20261003/RTL/AES/Reusable/00_aes128_top.sv Line: 86
    Info (17048): Logic cell "mem_stage:u_mem_stage|aes_mmio:u_aes_mmio|aes128_lowpower:u_aes128_lowpower|AES128_updated_new:u_reusable_aes|state_after_shiftrows[120]" File: D:/mtech/sem 4/midesm presetation/riscv_aes_advancements/risc_aes_custom_ISA/journal_report_can_ids/github_full_validation_20261003/RTL/AES/Reusable/00_aes128_top.sv Line: 86
    Info (17048): Logic cell "mem_stage:u_mem_stage|aes_mmio:u_aes_mmio|aes128_lowpower:u_aes128_lowpower|AES128_updated_new:u_reusable_aes|state_after_shiftrows[56]" File: D:/mtech/sem 4/midesm presetation/riscv_aes_advancements/risc_aes_custom_ISA/journal_report_can_ids/github_full_validation_20261003/RTL/AES/Reusable/00_aes128_top.sv Line: 86
    Info (17048): Logic cell "mem_stage:u_mem_stage|aes_mmio:u_aes_mmio|aes128_lowpower:u_aes128_lowpower|AES128_updated_new:u_reusable_aes|state_after_shiftrows[92]" File: D:/mtech/sem 4/midesm presetation/riscv_aes_advancements/risc_aes_custom_ISA/journal_report_can_ids/github_full_validation_20261003/RTL/AES/Reusable/00_aes128_top.sv Line: 86
    Info (17048): Logic cell "mem_stage:u_mem_stage|aes_mmio:u_aes_mmio|aes128_lowpower:u_aes128_lowpower|AES128_updated_new:u_reusable_aes|state_after_shiftrows[124]" File: D:/mtech/sem 4/midesm presetation/riscv_aes_advancements/risc_aes_custom_ISA/journal_report_can_ids/github_full_validation_20261003/RTL/AES/Reusable/00_aes128_top.sv Line: 86
    Info (17048): Logic cell "mem_stage:u_mem_stage|aes_mmio:u_aes_mmio|aes128_lowpower:u_aes128_lowpower|AES128_updated_new:u_reusable_aes|state_after_shiftrows[60]" File: D:/mtech/sem 4/midesm presetation/riscv_aes_advancements/risc_aes_custom_ISA/journal_report_can_ids/github_full_validation_20261003/RTL/AES/Reusable/00_aes128_top.sv Line: 86
    Info (17048): Logic cell "mem_stage:u_mem_stage|aes_mmio:u_aes_mmio|aes128_lowpower:u_aes128_lowpower|AES128_updated_new:u_reusable_aes|state_after_shiftrows[91]" File: D:/mtech/sem 4/midesm presetation/riscv_aes_advancements/risc_aes_custom_ISA/journal_report_can_ids/github_full_validation_20261003/RTL/AES/Reusable/00_aes128_top.sv Line: 86
    Info (17048): Logic cell "mem_stage:u_mem_stage|aes_mmio:u_aes_mmio|aes128_lowpower:u_aes128_lowpower|AES128_updated_new:u_reusable_aes|state_after_shiftrows[123]" File: D:/mtech/sem 4/midesm presetation/riscv_aes_advancements/risc_aes_custom_ISA/journal_report_can_ids/github_full_validation_20261003/RTL/AES/Reusable/00_aes128_top.sv Line: 86
    Info (17048): Logic cell "mem_stage:u_mem_stage|aes_mmio:u_aes_mmio|aes128_lowpower:u_aes128_lowpower|AES128_updated_new:u_reusable_aes|state_after_shiftrows[59]" File: D:/mtech/sem 4/midesm presetation/riscv_aes_advancements/risc_aes_custom_ISA/journal_report_can_ids/github_full_validation_20261003/RTL/AES/Reusable/00_aes128_top.sv Line: 86
    Info (17048): Logic cell "mem_stage:u_mem_stage|aes_mmio:u_aes_mmio|aes128_lowpower:u_aes128_lowpower|AES128_updated_new:u_reusable_aes|state_after_shiftrows[90]" File: D:/mtech/sem 4/midesm presetation/riscv_aes_advancements/risc_aes_custom_ISA/journal_report_can_ids/github_full_validation_20261003/RTL/AES/Reusable/00_aes128_top.sv Line: 86
    Info (17048): Logic cell "mem_stage:u_mem_stage|aes_mmio:u_aes_mmio|aes128_lowpower:u_aes128_lowpower|AES128_updated_new:u_reusable_aes|state_after_shiftrows[122]" File: D:/mtech/sem 4/midesm presetation/riscv_aes_advancements/risc_aes_custom_ISA/journal_report_can_ids/github_full_validation_20261003/RTL/AES/Reusable/00_aes128_top.sv Line: 86
    Info (17048): Logic cell "mem_stage:u_mem_stage|aes_mmio:u_aes_mmio|aes128_lowpower:u_aes128_lowpower|AES128_updated_new:u_reusable_aes|state_after_shiftrows[58]" File: D:/mtech/sem 4/midesm presetation/riscv_aes_advancements/risc_aes_custom_ISA/journal_report_can_ids/github_full_validation_20261003/RTL/AES/Reusable/00_aes128_top.sv Line: 86
    Info (17048): Logic cell "mem_stage:u_mem_stage|aes_mmio:u_aes_mmio|aes128_lowpower:u_aes128_lowpower|AES128_updated_new:u_reusable_aes|state_after_shiftrows[95]" File: D:/mtech/sem 4/midesm presetation/riscv_aes_advancements/risc_aes_custom_ISA/journal_report_can_ids/github_full_validation_20261003/RTL/AES/Reusable/00_aes128_top.sv Line: 86
    Info (17048): Logic cell "mem_stage:u_mem_stage|aes_mmio:u_aes_mmio|aes128_lowpower:u_aes128_lowpower|AES128_updated_new:u_reusable_aes|state_after_shiftrows[127]" File: D:/mtech/sem 4/midesm presetation/riscv_aes_advancements/risc_aes_custom_ISA/journal_report_can_ids/github_full_validation_20261003/RTL/AES/Reusable/00_aes128_top.sv Line: 86
    Info (17048): Logic cell "mem_stage:u_mem_stage|aes_mmio:u_aes_mmio|aes128_lowpower:u_aes128_lowpower|AES128_updated_new:u_reusable_aes|state_after_shiftrows[63]" File: D:/mtech/sem 4/midesm presetation/riscv_aes_advancements/risc_aes_custom_ISA/journal_report_can_ids/github_full_validation_20261003/RTL/AES/Reusable/00_aes128_top.sv Line: 86
    Info (17048): Logic cell "mem_stage:u_mem_stage|aes_mmio:u_aes_mmio|aes128_lowpower:u_aes128_lowpower|AES128_updated_new:u_reusable_aes|state_after_shiftrows[94]" File: D:/mtech/sem 4/midesm presetation/riscv_aes_advancements/risc_aes_custom_ISA/journal_report_can_ids/github_full_validation_20261003/RTL/AES/Reusable/00_aes128_top.sv Line: 86
    Info (17048): Logic cell "mem_stage:u_mem_stage|aes_mmio:u_aes_mmio|aes128_lowpower:u_aes128_lowpower|AES128_updated_new:u_reusable_aes|state_after_shiftrows[126]" File: D:/mtech/sem 4/midesm presetation/riscv_aes_advancements/risc_aes_custom_ISA/journal_report_can_ids/github_full_validation_20261003/RTL/AES/Reusable/00_aes128_top.sv Line: 86
    Info (17048): Logic cell "mem_stage:u_mem_stage|aes_mmio:u_aes_mmio|aes128_lowpower:u_aes128_lowpower|AES128_updated_new:u_reusable_aes|state_after_shiftrows[62]" File: D:/mtech/sem 4/midesm presetation/riscv_aes_advancements/risc_aes_custom_ISA/journal_report_can_ids/github_full_validation_20261003/RTL/AES/Reusable/00_aes128_top.sv Line: 86
    Info (17048): Logic cell "mem_stage:u_mem_stage|aes_mmio:u_aes_mmio|aes128_lowpower:u_aes128_lowpower|AES128_updated_new:u_reusable_aes|state_after_shiftrows[93]" File: D:/mtech/sem 4/midesm presetation/riscv_aes_advancements/risc_aes_custom_ISA/journal_report_can_ids/github_full_validation_20261003/RTL/AES/Reusable/00_aes128_top.sv Line: 86
    Info (17048): Logic cell "mem_stage:u_mem_stage|aes_mmio:u_aes_mmio|aes128_lowpower:u_aes128_lowpower|AES128_updated_new:u_reusable_aes|state_after_shiftrows[125]" File: D:/mtech/sem 4/midesm presetation/riscv_aes_advancements/risc_aes_custom_ISA/journal_report_can_ids/github_full_validation_20261003/RTL/AES/Reusable/00_aes128_top.sv Line: 86
    Info (17048): Logic cell "mem_stage:u_mem_stage|aes_mmio:u_aes_mmio|aes128_lowpower:u_aes128_lowpower|AES128_updated_new:u_reusable_aes|state_after_shiftrows[61]" File: D:/mtech/sem 4/midesm presetation/riscv_aes_advancements/risc_aes_custom_ISA/journal_report_can_ids/github_full_validation_20261003/RTL/AES/Reusable/00_aes128_top.sv Line: 86
    Info (17048): Logic cell "mem_stage:u_mem_stage|canfd_secoc_mmio:u_canfd_secoc_mmio|aes128_lowpower:u_secoc_aes|AES128_updated_new:u_reusable_aes|state_after_shiftrows[38]" File: D:/mtech/sem 4/midesm presetation/riscv_aes_advancements/risc_aes_custom_ISA/journal_report_can_ids/github_full_validation_20261003/RTL/AES/Reusable/00_aes128_top.sv Line: 86
    Info (17048): Logic cell "mem_stage:u_mem_stage|canfd_secoc_mmio:u_canfd_secoc_mmio|aes128_lowpower:u_secoc_aes|AES128_updated_new:u_reusable_aes|state_after_shiftrows[6]" File: D:/mtech/sem 4/midesm presetation/riscv_aes_advancements/risc_aes_custom_ISA/journal_report_can_ids/github_full_validation_20261003/RTL/AES/Reusable/00_aes128_top.sv Line: 86
    Info (17048): Logic cell "mem_stage:u_mem_stage|canfd_secoc_mmio:u_canfd_secoc_mmio|aes128_lowpower:u_secoc_aes|AES128_updated_new:u_reusable_aes|state_after_shiftrows[53]" File: D:/mtech/sem 4/midesm presetation/riscv_aes_advancements/risc_aes_custom_ISA/journal_report_can_ids/github_full_validation_20261003/RTL/AES/Reusable/00_aes128_top.sv Line: 86
    Info (17048): Logic cell "mem_stage:u_mem_stage|canfd_secoc_mmio:u_canfd_secoc_mmio|aes128_lowpower:u_secoc_aes|AES128_updated_new:u_reusable_aes|state_after_shiftrows[21]" File: D:/mtech/sem 4/midesm presetation/riscv_aes_advancements/risc_aes_custom_ISA/journal_report_can_ids/github_full_validation_20261003/RTL/AES/Reusable/00_aes128_top.sv Line: 86
    Info (17048): Logic cell "mem_stage:u_mem_stage|canfd_secoc_mmio:u_canfd_secoc_mmio|aes128_lowpower:u_secoc_aes|AES128_updated_new:u_reusable_aes|state_after_shiftrows[46]" File: D:/mtech/sem 4/midesm presetation/riscv_aes_advancements/risc_aes_custom_ISA/journal_report_can_ids/github_full_validation_20261003/RTL/AES/Reusable/00_aes128_top.sv Line: 86
    Info (17048): Logic cell "mem_stage:u_mem_stage|canfd_secoc_mmio:u_canfd_secoc_mmio|aes128_lowpower:u_secoc_aes|AES128_updated_new:u_reusable_aes|state_after_shiftrows[14]" File: D:/mtech/sem 4/midesm presetation/riscv_aes_advancements/risc_aes_custom_ISA/journal_report_can_ids/github_full_validation_20261003/RTL/AES/Reusable/00_aes128_top.sv Line: 86
    Info (17048): Logic cell "mem_stage:u_mem_stage|canfd_secoc_mmio:u_canfd_secoc_mmio|aes128_lowpower:u_secoc_aes|AES128_updated_new:u_reusable_aes|state_after_shiftrows[54]" File: D:/mtech/sem 4/midesm presetation/riscv_aes_advancements/risc_aes_custom_ISA/journal_report_can_ids/github_full_validation_20261003/RTL/AES/Reusable/00_aes128_top.sv Line: 86
    Info (17048): Logic cell "mem_stage:u_mem_stage|canfd_secoc_mmio:u_canfd_secoc_mmio|aes128_lowpower:u_secoc_aes|AES128_updated_new:u_reusable_aes|state_after_shiftrows[22]" File: D:/mtech/sem 4/midesm presetation/riscv_aes_advancements/risc_aes_custom_ISA/journal_report_can_ids/github_full_validation_20261003/RTL/AES/Reusable/00_aes128_top.sv Line: 86
    Info (17048): Logic cell "mem_stage:u_mem_stage|canfd_secoc_mmio:u_canfd_secoc_mmio|aes128_lowpower:u_secoc_aes|AES128_updated_new:u_reusable_aes|state_after_shiftrows[61]" File: D:/mtech/sem 4/midesm presetation/riscv_aes_advancements/risc_aes_custom_ISA/journal_report_can_ids/github_full_validation_20261003/RTL/AES/Reusable/00_aes128_top.sv Line: 86
    Info (17048): Logic cell "mem_stage:u_mem_stage|canfd_secoc_mmio:u_canfd_secoc_mmio|aes128_lowpower:u_secoc_aes|AES128_updated_new:u_reusable_aes|state_after_shiftrows[29]" File: D:/mtech/sem 4/midesm presetation/riscv_aes_advancements/risc_aes_custom_ISA/journal_report_can_ids/github_full_validation_20261003/RTL/AES/Reusable/00_aes128_top.sv Line: 86
    Info (17048): Logic cell "mem_stage:u_mem_stage|canfd_secoc_mmio:u_canfd_secoc_mmio|aes128_lowpower:u_secoc_aes|AES128_updated_new:u_reusable_aes|state_after_shiftrows[55]" File: D:/mtech/sem 4/midesm presetation/riscv_aes_advancements/risc_aes_custom_ISA/journal_report_can_ids/github_full_validation_20261003/RTL/AES/Reusable/00_aes128_top.sv Line: 86
    Info (17048): Logic cell "mem_stage:u_mem_stage|canfd_secoc_mmio:u_canfd_secoc_mmio|aes128_lowpower:u_secoc_aes|AES128_updated_new:u_reusable_aes|state_after_shiftrows[23]" File: D:/mtech/sem 4/midesm presetation/riscv_aes_advancements/risc_aes_custom_ISA/journal_report_can_ids/github_full_validation_20261003/RTL/AES/Reusable/00_aes128_top.sv Line: 86
    Info (17048): Logic cell "mem_stage:u_mem_stage|canfd_secoc_mmio:u_canfd_secoc_mmio|aes128_lowpower:u_secoc_aes|AES128_updated_new:u_reusable_aes|state_after_shiftrows[39]" File: D:/mtech/sem 4/midesm presetation/riscv_aes_advancements/risc_aes_custom_ISA/journal_report_can_ids/github_full_validation_20261003/RTL/AES/Reusable/00_aes128_top.sv Line: 86
    Info (17048): Logic cell "mem_stage:u_mem_stage|canfd_secoc_mmio:u_canfd_secoc_mmio|aes128_lowpower:u_secoc_aes|AES128_updated_new:u_reusable_aes|state_after_shiftrows[7]" File: D:/mtech/sem 4/midesm presetation/riscv_aes_advancements/risc_aes_custom_ISA/journal_report_can_ids/github_full_validation_20261003/RTL/AES/Reusable/00_aes128_top.sv Line: 86
    Info (17048): Logic cell "mem_stage:u_mem_stage|canfd_secoc_mmio:u_canfd_secoc_mmio|aes128_lowpower:u_secoc_aes|AES128_updated_new:u_reusable_aes|state_after_shiftrows[47]" File: D:/mtech/sem 4/midesm presetation/riscv_aes_advancements/risc_aes_custom_ISA/journal_report_can_ids/github_full_validation_20261003/RTL/AES/Reusable/00_aes128_top.sv Line: 86
    Info (17048): Logic cell "mem_stage:u_mem_stage|canfd_secoc_mmio:u_canfd_secoc_mmio|aes128_lowpower:u_secoc_aes|AES128_updated_new:u_reusable_aes|state_after_shiftrows[15]" File: D:/mtech/sem 4/midesm presetation/riscv_aes_advancements/risc_aes_custom_ISA/journal_report_can_ids/github_full_validation_20261003/RTL/AES/Reusable/00_aes128_top.sv Line: 86
    Info (17048): Logic cell "mem_stage:u_mem_stage|canfd_secoc_mmio:u_canfd_secoc_mmio|aes128_lowpower:u_secoc_aes|AES128_updated_new:u_reusable_aes|state_after_shiftrows[62]" File: D:/mtech/sem 4/midesm presetation/riscv_aes_advancements/risc_aes_custom_ISA/journal_report_can_ids/github_full_validation_20261003/RTL/AES/Reusable/00_aes128_top.sv Line: 86
    Info (17048): Logic cell "mem_stage:u_mem_stage|canfd_secoc_mmio:u_canfd_secoc_mmio|aes128_lowpower:u_secoc_aes|AES128_updated_new:u_reusable_aes|state_after_shiftrows[30]" File: D:/mtech/sem 4/midesm presetation/riscv_aes_advancements/risc_aes_custom_ISA/journal_report_can_ids/github_full_validation_20261003/RTL/AES/Reusable/00_aes128_top.sv Line: 86
    Info (17048): Logic cell "mem_stage:u_mem_stage|canfd_secoc_mmio:u_canfd_secoc_mmio|aes128_lowpower:u_secoc_aes|AES128_updated_new:u_reusable_aes|state_after_shiftrows[63]" File: D:/mtech/sem 4/midesm presetation/riscv_aes_advancements/risc_aes_custom_ISA/journal_report_can_ids/github_full_validation_20261003/RTL/AES/Reusable/00_aes128_top.sv Line: 86
    Info (17048): Logic cell "mem_stage:u_mem_stage|canfd_secoc_mmio:u_canfd_secoc_mmio|aes128_lowpower:u_secoc_aes|AES128_updated_new:u_reusable_aes|state_after_shiftrows[31]" File: D:/mtech/sem 4/midesm presetation/riscv_aes_advancements/risc_aes_custom_ISA/journal_report_can_ids/github_full_validation_20261003/RTL/AES/Reusable/00_aes128_top.sv Line: 86
    Info (17048): Logic cell "mem_stage:u_mem_stage|canfd_secoc_mmio:u_canfd_secoc_mmio|aes128_lowpower:u_secoc_aes|AES128_updated_new:u_reusable_aes|state_after_shiftrows[59]" File: D:/mtech/sem 4/midesm presetation/riscv_aes_advancements/risc_aes_custom_ISA/journal_report_can_ids/github_full_validation_20261003/RTL/AES/Reusable/00_aes128_top.sv Line: 86
    Info (17048): Logic cell "mem_stage:u_mem_stage|canfd_secoc_mmio:u_canfd_secoc_mmio|aes128_lowpower:u_secoc_aes|AES128_updated_new:u_reusable_aes|state_after_shiftrows[27]" File: D:/mtech/sem 4/midesm presetation/riscv_aes_advancements/risc_aes_custom_ISA/journal_report_can_ids/github_full_validation_20261003/RTL/AES/Reusable/00_aes128_top.sv Line: 86
    Info (17048): Logic cell "mem_stage:u_mem_stage|canfd_secoc_mmio:u_canfd_secoc_mmio|aes128_lowpower:u_secoc_aes|AES128_updated_new:u_reusable_aes|state_after_shiftrows[52]" File: D:/mtech/sem 4/midesm presetation/riscv_aes_advancements/risc_aes_custom_ISA/journal_report_can_ids/github_full_validation_20261003/RTL/AES/Reusable/00_aes128_top.sv Line: 86
    Info (17048): Logic cell "mem_stage:u_mem_stage|canfd_secoc_mmio:u_canfd_secoc_mmio|aes128_lowpower:u_secoc_aes|AES128_updated_new:u_reusable_aes|state_after_shiftrows[20]" File: D:/mtech/sem 4/midesm presetation/riscv_aes_advancements/risc_aes_custom_ISA/journal_report_can_ids/github_full_validation_20261003/RTL/AES/Reusable/00_aes128_top.sv Line: 86
    Info (17048): Logic cell "mem_stage:u_mem_stage|canfd_secoc_mmio:u_canfd_secoc_mmio|aes128_lowpower:u_secoc_aes|AES128_updated_new:u_reusable_aes|state_after_shiftrows[51]" File: D:/mtech/sem 4/midesm presetation/riscv_aes_advancements/risc_aes_custom_ISA/journal_report_can_ids/github_full_validation_20261003/RTL/AES/Reusable/00_aes128_top.sv Line: 86
    Info (17048): Logic cell "mem_stage:u_mem_stage|canfd_secoc_mmio:u_canfd_secoc_mmio|aes128_lowpower:u_secoc_aes|AES128_updated_new:u_reusable_aes|state_after_shiftrows[19]" File: D:/mtech/sem 4/midesm presetation/riscv_aes_advancements/risc_aes_custom_ISA/journal_report_can_ids/github_full_validation_20261003/RTL/AES/Reusable/00_aes128_top.sv Line: 86
    Info (17048): Logic cell "mem_stage:u_mem_stage|canfd_secoc_mmio:u_canfd_secoc_mmio|aes128_lowpower:u_secoc_aes|AES128_updated_new:u_reusable_aes|state_after_shiftrows[36]" File: D:/mtech/sem 4/midesm presetation/riscv_aes_advancements/risc_aes_custom_ISA/journal_report_can_ids/github_full_validation_20261003/RTL/AES/Reusable/00_aes128_top.sv Line: 86
    Info (17048): Logic cell "mem_stage:u_mem_stage|canfd_secoc_mmio:u_canfd_secoc_mmio|aes128_lowpower:u_secoc_aes|AES128_updated_new:u_reusable_aes|state_after_shiftrows[4]" File: D:/mtech/sem 4/midesm presetation/riscv_aes_advancements/risc_aes_custom_ISA/journal_report_can_ids/github_full_validation_20261003/RTL/AES/Reusable/00_aes128_top.sv Line: 86
    Info (17048): Logic cell "mem_stage:u_mem_stage|canfd_secoc_mmio:u_canfd_secoc_mmio|aes128_lowpower:u_secoc_aes|AES128_updated_new:u_reusable_aes|state_after_shiftrows[44]" File: D:/mtech/sem 4/midesm presetation/riscv_aes_advancements/risc_aes_custom_ISA/journal_report_can_ids/github_full_validation_20261003/RTL/AES/Reusable/00_aes128_top.sv Line: 86
    Info (17048): Logic cell "mem_stage:u_mem_stage|canfd_secoc_mmio:u_canfd_secoc_mmio|aes128_lowpower:u_secoc_aes|AES128_updated_new:u_reusable_aes|state_after_shiftrows[12]" File: D:/mtech/sem 4/midesm presetation/riscv_aes_advancements/risc_aes_custom_ISA/journal_report_can_ids/github_full_validation_20261003/RTL/AES/Reusable/00_aes128_top.sv Line: 86
    Info (17048): Logic cell "mem_stage:u_mem_stage|canfd_secoc_mmio:u_canfd_secoc_mmio|aes128_lowpower:u_secoc_aes|AES128_updated_new:u_reusable_aes|state_after_shiftrows[37]" File: D:/mtech/sem 4/midesm presetation/riscv_aes_advancements/risc_aes_custom_ISA/journal_report_can_ids/github_full_validation_20261003/RTL/AES/Reusable/00_aes128_top.sv Line: 86
    Info (17048): Logic cell "mem_stage:u_mem_stage|canfd_secoc_mmio:u_canfd_secoc_mmio|aes128_lowpower:u_secoc_aes|AES128_updated_new:u_reusable_aes|state_after_shiftrows[5]" File: D:/mtech/sem 4/midesm presetation/riscv_aes_advancements/risc_aes_custom_ISA/journal_report_can_ids/github_full_validation_20261003/RTL/AES/Reusable/00_aes128_top.sv Line: 86
    Info (17048): Logic cell "mem_stage:u_mem_stage|canfd_secoc_mmio:u_canfd_secoc_mmio|aes128_lowpower:u_secoc_aes|AES128_updated_new:u_reusable_aes|state_after_shiftrows[45]" File: D:/mtech/sem 4/midesm presetation/riscv_aes_advancements/risc_aes_custom_ISA/journal_report_can_ids/github_full_validation_20261003/RTL/AES/Reusable/00_aes128_top.sv Line: 86
    Info (17048): Logic cell "mem_stage:u_mem_stage|canfd_secoc_mmio:u_canfd_secoc_mmio|aes128_lowpower:u_secoc_aes|AES128_updated_new:u_reusable_aes|state_after_shiftrows[13]" File: D:/mtech/sem 4/midesm presetation/riscv_aes_advancements/risc_aes_custom_ISA/journal_report_can_ids/github_full_validation_20261003/RTL/AES/Reusable/00_aes128_top.sv Line: 86
    Info (17048): Logic cell "mem_stage:u_mem_stage|canfd_secoc_mmio:u_canfd_secoc_mmio|aes128_lowpower:u_secoc_aes|AES128_updated_new:u_reusable_aes|state_after_shiftrows[60]" File: D:/mtech/sem 4/midesm presetation/riscv_aes_advancements/risc_aes_custom_ISA/journal_report_can_ids/github_full_validation_20261003/RTL/AES/Reusable/00_aes128_top.sv Line: 86
    Info (17048): Logic cell "mem_stage:u_mem_stage|canfd_secoc_mmio:u_canfd_secoc_mmio|aes128_lowpower:u_secoc_aes|AES128_updated_new:u_reusable_aes|state_after_shiftrows[28]" File: D:/mtech/sem 4/midesm presetation/riscv_aes_advancements/risc_aes_custom_ISA/journal_report_can_ids/github_full_validation_20261003/RTL/AES/Reusable/00_aes128_top.sv Line: 86
    Info (17048): Logic cell "mem_stage:u_mem_stage|canfd_secoc_mmio:u_canfd_secoc_mmio|aes128_lowpower:u_secoc_aes|AES128_updated_new:u_reusable_aes|state_after_shiftrows[32]" File: D:/mtech/sem 4/midesm presetation/riscv_aes_advancements/risc_aes_custom_ISA/journal_report_can_ids/github_full_validation_20261003/RTL/AES/Reusable/00_aes128_top.sv Line: 86
    Info (17048): Logic cell "mem_stage:u_mem_stage|canfd_secoc_mmio:u_canfd_secoc_mmio|aes128_lowpower:u_secoc_aes|AES128_updated_new:u_reusable_aes|state_after_shiftrows[0]" File: D:/mtech/sem 4/midesm presetation/riscv_aes_advancements/risc_aes_custom_ISA/journal_report_can_ids/github_full_validation_20261003/RTL/AES/Reusable/00_aes128_top.sv Line: 86
    Info (17048): Logic cell "mem_stage:u_mem_stage|canfd_secoc_mmio:u_canfd_secoc_mmio|aes128_lowpower:u_secoc_aes|AES128_updated_new:u_reusable_aes|state_after_shiftrows[40]" File: D:/mtech/sem 4/midesm presetation/riscv_aes_advancements/risc_aes_custom_ISA/journal_report_can_ids/github_full_validation_20261003/RTL/AES/Reusable/00_aes128_top.sv Line: 86
    Info (17048): Logic cell "mem_stage:u_mem_stage|canfd_secoc_mmio:u_canfd_secoc_mmio|aes128_lowpower:u_secoc_aes|AES128_updated_new:u_reusable_aes|state_after_shiftrows[8]" File: D:/mtech/sem 4/midesm presetation/riscv_aes_advancements/risc_aes_custom_ISA/journal_report_can_ids/github_full_validation_20261003/RTL/AES/Reusable/00_aes128_top.sv Line: 86
    Info (17048): Logic cell "mem_stage:u_mem_stage|canfd_secoc_mmio:u_canfd_secoc_mmio|aes128_lowpower:u_secoc_aes|AES128_updated_new:u_reusable_aes|state_after_shiftrows[48]" File: D:/mtech/sem 4/midesm presetation/riscv_aes_advancements/risc_aes_custom_ISA/journal_report_can_ids/github_full_validation_20261003/RTL/AES/Reusable/00_aes128_top.sv Line: 86
    Info (17048): Logic cell "mem_stage:u_mem_stage|canfd_secoc_mmio:u_canfd_secoc_mmio|aes128_lowpower:u_secoc_aes|AES128_updated_new:u_reusable_aes|state_after_shiftrows[16]" File: D:/mtech/sem 4/midesm presetation/riscv_aes_advancements/risc_aes_custom_ISA/journal_report_can_ids/github_full_validation_20261003/RTL/AES/Reusable/00_aes128_top.sv Line: 86
    Info (17048): Logic cell "mem_stage:u_mem_stage|canfd_secoc_mmio:u_canfd_secoc_mmio|aes128_lowpower:u_secoc_aes|AES128_updated_new:u_reusable_aes|state_after_shiftrows[50]" File: D:/mtech/sem 4/midesm presetation/riscv_aes_advancements/risc_aes_custom_ISA/journal_report_can_ids/github_full_validation_20261003/RTL/AES/Reusable/00_aes128_top.sv Line: 86
    Info (17048): Logic cell "mem_stage:u_mem_stage|canfd_secoc_mmio:u_canfd_secoc_mmio|aes128_lowpower:u_secoc_aes|AES128_updated_new:u_reusable_aes|state_after_shiftrows[18]" File: D:/mtech/sem 4/midesm presetation/riscv_aes_advancements/risc_aes_custom_ISA/journal_report_can_ids/github_full_validation_20261003/RTL/AES/Reusable/00_aes128_top.sv Line: 86
    Info (17048): Logic cell "mem_stage:u_mem_stage|canfd_secoc_mmio:u_canfd_secoc_mmio|aes128_lowpower:u_secoc_aes|AES128_updated_new:u_reusable_aes|state_after_shiftrows[58]" File: D:/mtech/sem 4/midesm presetation/riscv_aes_advancements/risc_aes_custom_ISA/journal_report_can_ids/github_full_validation_20261003/RTL/AES/Reusable/00_aes128_top.sv Line: 86
    Info (17048): Logic cell "mem_stage:u_mem_stage|canfd_secoc_mmio:u_canfd_secoc_mmio|aes128_lowpower:u_secoc_aes|AES128_updated_new:u_reusable_aes|state_after_shiftrows[26]" File: D:/mtech/sem 4/midesm presetation/riscv_aes_advancements/risc_aes_custom_ISA/journal_report_can_ids/github_full_validation_20261003/RTL/AES/Reusable/00_aes128_top.sv Line: 86
    Info (17048): Logic cell "mem_stage:u_mem_stage|canfd_secoc_mmio:u_canfd_secoc_mmio|aes128_lowpower:u_secoc_aes|AES128_updated_new:u_reusable_aes|state_after_shiftrows[43]" File: D:/mtech/sem 4/midesm presetation/riscv_aes_advancements/risc_aes_custom_ISA/journal_report_can_ids/github_full_validation_20261003/RTL/AES/Reusable/00_aes128_top.sv Line: 86
    Info (17048): Logic cell "mem_stage:u_mem_stage|canfd_secoc_mmio:u_canfd_secoc_mmio|aes128_lowpower:u_secoc_aes|AES128_updated_new:u_reusable_aes|state_after_shiftrows[11]" File: D:/mtech/sem 4/midesm presetation/riscv_aes_advancements/risc_aes_custom_ISA/journal_report_can_ids/github_full_validation_20261003/RTL/AES/Reusable/00_aes128_top.sv Line: 86
    Info (17048): Logic cell "mem_stage:u_mem_stage|canfd_secoc_mmio:u_canfd_secoc_mmio|aes128_lowpower:u_secoc_aes|AES128_updated_new:u_reusable_aes|state_after_shiftrows[35]" File: D:/mtech/sem 4/midesm presetation/riscv_aes_advancements/risc_aes_custom_ISA/journal_report_can_ids/github_full_validation_20261003/RTL/AES/Reusable/00_aes128_top.sv Line: 86
    Info (17048): Logic cell "mem_stage:u_mem_stage|canfd_secoc_mmio:u_canfd_secoc_mmio|aes128_lowpower:u_secoc_aes|AES128_updated_new:u_reusable_aes|state_after_shiftrows[3]" File: D:/mtech/sem 4/midesm presetation/riscv_aes_advancements/risc_aes_custom_ISA/journal_report_can_ids/github_full_validation_20261003/RTL/AES/Reusable/00_aes128_top.sv Line: 86
    Info (17048): Logic cell "mem_stage:u_mem_stage|canfd_secoc_mmio:u_canfd_secoc_mmio|aes128_lowpower:u_secoc_aes|AES128_updated_new:u_reusable_aes|state_after_shiftrows[56]" File: D:/mtech/sem 4/midesm presetation/riscv_aes_advancements/risc_aes_custom_ISA/journal_report_can_ids/github_full_validation_20261003/RTL/AES/Reusable/00_aes128_top.sv Line: 86
    Info (17048): Logic cell "mem_stage:u_mem_stage|canfd_secoc_mmio:u_canfd_secoc_mmio|aes128_lowpower:u_secoc_aes|AES128_updated_new:u_reusable_aes|state_after_shiftrows[24]" File: D:/mtech/sem 4/midesm presetation/riscv_aes_advancements/risc_aes_custom_ISA/journal_report_can_ids/github_full_validation_20261003/RTL/AES/Reusable/00_aes128_top.sv Line: 86
    Info (17048): Logic cell "mem_stage:u_mem_stage|canfd_secoc_mmio:u_canfd_secoc_mmio|aes128_lowpower:u_secoc_aes|AES128_updated_new:u_reusable_aes|state_after_shiftrows[33]" File: D:/mtech/sem 4/midesm presetation/riscv_aes_advancements/risc_aes_custom_ISA/journal_report_can_ids/github_full_validation_20261003/RTL/AES/Reusable/00_aes128_top.sv Line: 86
    Info (17048): Logic cell "mem_stage:u_mem_stage|canfd_secoc_mmio:u_canfd_secoc_mmio|aes128_lowpower:u_secoc_aes|AES128_updated_new:u_reusable_aes|state_after_shiftrows[1]" File: D:/mtech/sem 4/midesm presetation/riscv_aes_advancements/risc_aes_custom_ISA/journal_report_can_ids/github_full_validation_20261003/RTL/AES/Reusable/00_aes128_top.sv Line: 86
    Info (17048): Logic cell "mem_stage:u_mem_stage|canfd_secoc_mmio:u_canfd_secoc_mmio|aes128_lowpower:u_secoc_aes|AES128_updated_new:u_reusable_aes|state_after_shiftrows[41]" File: D:/mtech/sem 4/midesm presetation/riscv_aes_advancements/risc_aes_custom_ISA/journal_report_can_ids/github_full_validation_20261003/RTL/AES/Reusable/00_aes128_top.sv Line: 86
    Info (17048): Logic cell "mem_stage:u_mem_stage|canfd_secoc_mmio:u_canfd_secoc_mmio|aes128_lowpower:u_secoc_aes|AES128_updated_new:u_reusable_aes|state_after_shiftrows[9]" File: D:/mtech/sem 4/midesm presetation/riscv_aes_advancements/risc_aes_custom_ISA/journal_report_can_ids/github_full_validation_20261003/RTL/AES/Reusable/00_aes128_top.sv Line: 86
    Info (17048): Logic cell "mem_stage:u_mem_stage|canfd_secoc_mmio:u_canfd_secoc_mmio|aes128_lowpower:u_secoc_aes|AES128_updated_new:u_reusable_aes|state_after_shiftrows[49]" File: D:/mtech/sem 4/midesm presetation/riscv_aes_advancements/risc_aes_custom_ISA/journal_report_can_ids/github_full_validation_20261003/RTL/AES/Reusable/00_aes128_top.sv Line: 86
    Info (17048): Logic cell "mem_stage:u_mem_stage|canfd_secoc_mmio:u_canfd_secoc_mmio|aes128_lowpower:u_secoc_aes|AES128_updated_new:u_reusable_aes|state_after_shiftrows[17]" File: D:/mtech/sem 4/midesm presetation/riscv_aes_advancements/risc_aes_custom_ISA/journal_report_can_ids/github_full_validation_20261003/RTL/AES/Reusable/00_aes128_top.sv Line: 86
    Info (17048): Logic cell "mem_stage:u_mem_stage|canfd_secoc_mmio:u_canfd_secoc_mmio|aes128_lowpower:u_secoc_aes|AES128_updated_new:u_reusable_aes|state_after_shiftrows[57]" File: D:/mtech/sem 4/midesm presetation/riscv_aes_advancements/risc_aes_custom_ISA/journal_report_can_ids/github_full_validation_20261003/RTL/AES/Reusable/00_aes128_top.sv Line: 86
    Info (17048): Logic cell "mem_stage:u_mem_stage|canfd_secoc_mmio:u_canfd_secoc_mmio|aes128_lowpower:u_secoc_aes|AES128_updated_new:u_reusable_aes|state_after_shiftrows[25]" File: D:/mtech/sem 4/midesm presetation/riscv_aes_advancements/risc_aes_custom_ISA/journal_report_can_ids/github_full_validation_20261003/RTL/AES/Reusable/00_aes128_top.sv Line: 86
    Info (17048): Logic cell "mem_stage:u_mem_stage|canfd_secoc_mmio:u_canfd_secoc_mmio|aes128_lowpower:u_secoc_aes|AES128_updated_new:u_reusable_aes|state_after_shiftrows[34]" File: D:/mtech/sem 4/midesm presetation/riscv_aes_advancements/risc_aes_custom_ISA/journal_report_can_ids/github_full_validation_20261003/RTL/AES/Reusable/00_aes128_top.sv Line: 86
    Info (17048): Logic cell "mem_stage:u_mem_stage|canfd_secoc_mmio:u_canfd_secoc_mmio|aes128_lowpower:u_secoc_aes|AES128_updated_new:u_reusable_aes|state_after_shiftrows[2]" File: D:/mtech/sem 4/midesm presetation/riscv_aes_advancements/risc_aes_custom_ISA/journal_report_can_ids/github_full_validation_20261003/RTL/AES/Reusable/00_aes128_top.sv Line: 86
    Info (17048): Logic cell "mem_stage:u_mem_stage|canfd_secoc_mmio:u_canfd_secoc_mmio|aes128_lowpower:u_secoc_aes|AES128_updated_new:u_reusable_aes|state_after_shiftrows[42]" File: D:/mtech/sem 4/midesm presetation/riscv_aes_advancements/risc_aes_custom_ISA/journal_report_can_ids/github_full_validation_20261003/RTL/AES/Reusable/00_aes128_top.sv Line: 86
    Info (17048): Logic cell "mem_stage:u_mem_stage|canfd_secoc_mmio:u_canfd_secoc_mmio|aes128_lowpower:u_secoc_aes|AES128_updated_new:u_reusable_aes|state_after_shiftrows[10]" File: D:/mtech/sem 4/midesm presetation/riscv_aes_advancements/risc_aes_custom_ISA/journal_report_can_ids/github_full_validation_20261003/RTL/AES/Reusable/00_aes128_top.sv Line: 86
Info (144001): Generated suppressed messages file D:/mtech/sem 4/midesm presetation/riscv_aes_advancements/risc_aes_custom_ISA/journal_report_can_ids/github_full_validation_20261003/Build/Quartus/riscv_aes_advancements.map.smsg
Info (16010): Generating hard_block partition "hard_block:auto_generated_inst"
    Info (16011): Adding 0 node(s), including 0 DDIO, 0 PLL, 0 transceiver and 0 LCELL
Info (21057): Implemented 35447 device resources after synthesis - the final resource count might be different
    Info (21058): Implemented 3 input pins
    Info (21059): Implemented 104 output pins
    Info (21061): Implemented 35340 logic cells
Info: Quartus Prime Analysis & Synthesis was successful. 0 errors, 0 warnings
    Info: Peak virtual memory: 5123 megabytes
    Info: Processing ended: Sat Oct  3 19:25:22 2026
    Info: Elapsed time: 00:03:26
    Info: Total CPU time (on all processors): 00:00:54


+------------------------------------------+
; Analysis & Synthesis Suppressed Messages ;
+------------------------------------------+
The suppressed messages can be found in D:/mtech/sem 4/midesm presetation/riscv_aes_advancements/risc_aes_custom_ISA/journal_report_can_ids/github_full_validation_20261003/Build/Quartus/riscv_aes_advancements.map.smsg.


