Info: *******************************************************************
Info: Running Quartus Prime Analysis & Synthesis
    Info: Version 23.1std.1 Build 993 05/14/2024 SC Lite Edition
    Info: Copyright (C) 2024  Intel Corporation. All rights reserved.
    Info: Your use of Intel Corporation's design tools, logic functions 
    Info: and other software and tools, and any partner logic 
    Info: functions, and any output files from any of the foregoing 
    Info: (including device programming or simulation files), and any 
    Info: associated documentation or information are expressly subject 
    Info: to the terms and conditions of the Intel Program License 
    Info: Subscription Agreement, the Intel Quartus Prime License Agreement,
    Info: the Intel FPGA IP License Agreement, or other applicable license
    Info: agreement, including, without limitation, that your use is for
    Info: the sole purpose of programming logic devices manufactured by
    Info: Intel and sold by Intel or its authorized distributors.  Please
    Info: refer to the applicable agreement for further details, at
    Info: https://fpgasoftware.intel.com/eula.
    Info: Processing started: Sat Oct  3 19:21:56 2026
Info: Command: quartus_map riscv_aes_advancements
Info (20032): Parallel compilation is enabled and will use up to 2 processors
Info (12021): Found 1 design units, including 1 entities, in source file /mtech/sem 4/midesm presetation/riscv_aes_advancements/risc_aes_custom_isa/journal_report_can_ids/github_full_validation_20261003/rtl/top/riscv_aes_advancements.sv
    Info (12023): Found entity 1: riscv_aes_advancements File: D:/mtech/sem 4/midesm presetation/riscv_aes_advancements/risc_aes_custom_ISA/journal_report_can_ids/github_full_validation_20261003/RTL/Top/riscv_aes_advancements.sv Line: 70
Info (12021): Found 1 design units, including 1 entities, in source file /mtech/sem 4/midesm presetation/riscv_aes_advancements/risc_aes_custom_isa/journal_report_can_ids/github_full_validation_20261003/rtl/cpu/pc_reg.sv
    Info (12023): Found entity 1: pc_reg File: D:/mtech/sem 4/midesm presetation/riscv_aes_advancements/risc_aes_custom_ISA/journal_report_can_ids/github_full_validation_20261003/RTL/CPU/pc_reg.sv Line: 1
Info (12021): Found 1 design units, including 1 entities, in source file /mtech/sem 4/midesm presetation/riscv_aes_advancements/risc_aes_custom_isa/journal_report_can_ids/github_full_validation_20261003/rtl/cpu/if_stage.sv
    Info (12023): Found entity 1: if_stage File: D:/mtech/sem 4/midesm presetation/riscv_aes_advancements/risc_aes_custom_ISA/journal_report_can_ids/github_full_validation_20261003/RTL/CPU/if_stage.sv Line: 1
Info (12021): Found 1 design units, including 1 entities, in source file /mtech/sem 4/midesm presetation/riscv_aes_advancements/risc_aes_custom_isa/journal_report_can_ids/github_full_validation_20261003/rtl/cpu/instr_mem.sv
    Info (12023): Found entity 1: instr_mem File: D:/mtech/sem 4/midesm presetation/riscv_aes_advancements/risc_aes_custom_ISA/journal_report_can_ids/github_full_validation_20261003/RTL/CPU/instr_mem.sv Line: 1
Info (12021): Found 1 design units, including 1 entities, in source file /mtech/sem 4/midesm presetation/riscv_aes_advancements/risc_aes_custom_isa/journal_report_can_ids/github_full_validation_20261003/rtl/cpu/id_stage.sv
    Info (12023): Found entity 1: id_stage File: D:/mtech/sem 4/midesm presetation/riscv_aes_advancements/risc_aes_custom_ISA/journal_report_can_ids/github_full_validation_20261003/RTL/CPU/id_stage.sv Line: 41
Info (12021): Found 1 design units, including 1 entities, in source file /mtech/sem 4/midesm presetation/riscv_aes_advancements/risc_aes_custom_isa/journal_report_can_ids/github_full_validation_20261003/rtl/cpu/reg_file.sv
    Info (12023): Found entity 1: reg_file File: D:/mtech/sem 4/midesm presetation/riscv_aes_advancements/risc_aes_custom_ISA/journal_report_can_ids/github_full_validation_20261003/RTL/CPU/reg_file.sv Line: 63
Info (12021): Found 1 design units, including 1 entities, in source file /mtech/sem 4/midesm presetation/riscv_aes_advancements/risc_aes_custom_isa/journal_report_can_ids/github_full_validation_20261003/rtl/cpu/imm_gen.sv
    Info (12023): Found entity 1: imm_gen File: D:/mtech/sem 4/midesm presetation/riscv_aes_advancements/risc_aes_custom_ISA/journal_report_can_ids/github_full_validation_20261003/RTL/CPU/imm_gen.sv Line: 1
Info (12021): Found 1 design units, including 1 entities, in source file /mtech/sem 4/midesm presetation/riscv_aes_advancements/risc_aes_custom_isa/journal_report_can_ids/github_full_validation_20261003/rtl/cpu/control_unit.sv
    Info (12023): Found entity 1: control_unit File: D:/mtech/sem 4/midesm presetation/riscv_aes_advancements/risc_aes_custom_ISA/journal_report_can_ids/github_full_validation_20261003/RTL/CPU/control_unit.sv Line: 40
Info (12021): Found 1 design units, including 1 entities, in source file /mtech/sem 4/midesm presetation/riscv_aes_advancements/risc_aes_custom_isa/journal_report_can_ids/github_full_validation_20261003/rtl/cpu/hazard_unit.sv
    Info (12023): Found entity 1: hazard_unit File: D:/mtech/sem 4/midesm presetation/riscv_aes_advancements/risc_aes_custom_ISA/journal_report_can_ids/github_full_validation_20261003/RTL/CPU/hazard_unit.sv Line: 1
Info (12021): Found 1 design units, including 1 entities, in source file /mtech/sem 4/midesm presetation/riscv_aes_advancements/risc_aes_custom_isa/journal_report_can_ids/github_full_validation_20261003/rtl/cpu/forwarding_unit.sv
    Info (12023): Found entity 1: forwarding_unit File: D:/mtech/sem 4/midesm presetation/riscv_aes_advancements/risc_aes_custom_ISA/journal_report_can_ids/github_full_validation_20261003/RTL/CPU/forwarding_unit.sv Line: 1
Info (12021): Found 1 design units, including 1 entities, in source file /mtech/sem 4/midesm presetation/riscv_aes_advancements/risc_aes_custom_isa/journal_report_can_ids/github_full_validation_20261003/rtl/cpu/ex_stage.sv
    Info (12023): Found entity 1: ex_stage File: D:/mtech/sem 4/midesm presetation/riscv_aes_advancements/risc_aes_custom_ISA/journal_report_can_ids/github_full_validation_20261003/RTL/CPU/ex_stage.sv Line: 55
Info (12021): Found 1 design units, including 1 entities, in source file /mtech/sem 4/midesm presetation/riscv_aes_advancements/risc_aes_custom_isa/journal_report_can_ids/github_full_validation_20261003/rtl/cpu/alu.sv
    Info (12023): Found entity 1: alu File: D:/mtech/sem 4/midesm presetation/riscv_aes_advancements/risc_aes_custom_ISA/journal_report_can_ids/github_full_validation_20261003/RTL/CPU/alu.sv Line: 61
Info (12021): Found 1 design units, including 1 entities, in source file /mtech/sem 4/midesm presetation/riscv_aes_advancements/risc_aes_custom_isa/journal_report_can_ids/github_full_validation_20261003/rtl/cpu/mem_stage.sv
    Info (12023): Found entity 1: mem_stage File: D:/mtech/sem 4/midesm presetation/riscv_aes_advancements/risc_aes_custom_ISA/journal_report_can_ids/github_full_validation_20261003/RTL/CPU/mem_stage.sv Line: 39
Info (12021): Found 1 design units, including 1 entities, in source file /mtech/sem 4/midesm presetation/riscv_aes_advancements/risc_aes_custom_isa/journal_report_can_ids/github_full_validation_20261003/rtl/cpu/load_store_unit.sv
    Info (12023): Found entity 1: load_store_unit File: D:/mtech/sem 4/midesm presetation/riscv_aes_advancements/risc_aes_custom_ISA/journal_report_can_ids/github_full_validation_20261003/RTL/CPU/load_store_unit.sv Line: 22
Info (12021): Found 1 design units, including 1 entities, in source file /mtech/sem 4/midesm presetation/riscv_aes_advancements/risc_aes_custom_isa/journal_report_can_ids/github_full_validation_20261003/rtl/cpu/data_mem.sv
    Info (12023): Found entity 1: data_mem File: D:/mtech/sem 4/midesm presetation/riscv_aes_advancements/risc_aes_custom_ISA/journal_report_can_ids/github_full_validation_20261003/RTL/CPU/data_mem.sv Line: 23
Info (12021): Found 1 design units, including 1 entities, in source file /mtech/sem 4/midesm presetation/riscv_aes_advancements/risc_aes_custom_isa/journal_report_can_ids/github_full_validation_20261003/rtl/aes/aes_mmio.sv
    Info (12023): Found entity 1: aes_mmio File: D:/mtech/sem 4/midesm presetation/riscv_aes_advancements/risc_aes_custom_ISA/journal_report_can_ids/github_full_validation_20261003/RTL/AES/aes_mmio.sv Line: 61
Info (12021): Found 1 design units, including 1 entities, in source file /mtech/sem 4/midesm presetation/riscv_aes_advancements/risc_aes_custom_isa/journal_report_can_ids/github_full_validation_20261003/rtl/aes/reusable/00_aes128_top.sv
    Info (12023): Found entity 1: AES128_updated_new File: D:/mtech/sem 4/midesm presetation/riscv_aes_advancements/risc_aes_custom_ISA/journal_report_can_ids/github_full_validation_20261003/RTL/AES/Reusable/00_aes128_top.sv Line: 26
Info (12021): Found 1 design units, including 1 entities, in source file /mtech/sem 4/midesm presetation/riscv_aes_advancements/risc_aes_custom_isa/journal_report_can_ids/github_full_validation_20261003/rtl/aes/reusable/01_aes_sbox_rom.sv
    Info (12023): Found entity 1: AES_SBOX_ROM File: D:/mtech/sem 4/midesm presetation/riscv_aes_advancements/risc_aes_custom_ISA/journal_report_can_ids/github_full_validation_20261003/RTL/AES/Reusable/01_aes_sbox_rom.sv Line: 15
Info (12021): Found 1 design units, including 1 entities, in source file /mtech/sem 4/midesm presetation/riscv_aes_advancements/risc_aes_custom_isa/journal_report_can_ids/github_full_validation_20261003/rtl/aes/reusable/02_aes_sbox_seq.sv
    Info (12023): Found entity 1: AES_SBOX_SEQ File: D:/mtech/sem 4/midesm presetation/riscv_aes_advancements/risc_aes_custom_ISA/journal_report_can_ids/github_full_validation_20261003/RTL/AES/Reusable/02_aes_sbox_seq.sv Line: 17
Info (12021): Found 1 design units, including 1 entities, in source file /mtech/sem 4/midesm presetation/riscv_aes_advancements/risc_aes_custom_isa/journal_report_can_ids/github_full_validation_20261003/rtl/aes/reusable/03_aes_mix_columns_seq.sv
    Info (12023): Found entity 1: AES_MIXCOL_SEQ File: D:/mtech/sem 4/midesm presetation/riscv_aes_advancements/risc_aes_custom_ISA/journal_report_can_ids/github_full_validation_20261003/RTL/AES/Reusable/03_aes_mix_columns_seq.sv Line: 15
Info (12021): Found 1 design units, including 1 entities, in source file /mtech/sem 4/midesm presetation/riscv_aes_advancements/risc_aes_custom_isa/journal_report_can_ids/github_full_validation_20261003/rtl/aes/reusable/04_aes_key_expand_seq.sv
    Info (12023): Found entity 1: AES_KEYEXP_SEQ File: D:/mtech/sem 4/midesm presetation/riscv_aes_advancements/risc_aes_custom_ISA/journal_report_can_ids/github_full_validation_20261003/RTL/AES/Reusable/04_aes_key_expand_seq.sv Line: 20
Info (12021): Found 1 design units, including 1 entities, in source file /mtech/sem 4/midesm presetation/riscv_aes_advancements/risc_aes_custom_isa/journal_report_can_ids/github_full_validation_20261003/rtl/aes/aes128_lowpower.sv
    Info (12023): Found entity 1: aes128_lowpower File: D:/mtech/sem 4/midesm presetation/riscv_aes_advancements/risc_aes_custom_ISA/journal_report_can_ids/github_full_validation_20261003/RTL/AES/aes128_lowpower.sv Line: 30
Info (12021): Found 1 design units, including 1 entities, in source file /mtech/sem 4/midesm presetation/riscv_aes_advancements/risc_aes_custom_isa/journal_report_can_ids/github_full_validation_20261003/rtl/peripherals/uart_tx.sv
    Info (12023): Found entity 1: uart_tx File: D:/mtech/sem 4/midesm presetation/riscv_aes_advancements/risc_aes_custom_ISA/journal_report_can_ids/github_full_validation_20261003/RTL/Peripherals/uart_tx.sv Line: 34
Info (12021): Found 1 design units, including 1 entities, in source file /mtech/sem 4/midesm presetation/riscv_aes_advancements/risc_aes_custom_isa/journal_report_can_ids/github_full_validation_20261003/rtl/peripherals/uart_mmio.sv
    Info (12023): Found entity 1: uart_mmio File: D:/mtech/sem 4/midesm presetation/riscv_aes_advancements/risc_aes_custom_ISA/journal_report_can_ids/github_full_validation_20261003/RTL/Peripherals/uart_mmio.sv Line: 30
Info (12021): Found 1 design units, including 1 entities, in source file /mtech/sem 4/midesm presetation/riscv_aes_advancements/risc_aes_custom_isa/journal_report_can_ids/github_full_validation_20261003/rtl/peripherals/sensor_mmio.sv
    Info (12023): Found entity 1: sensor_mmio File: D:/mtech/sem 4/midesm presetation/riscv_aes_advancements/risc_aes_custom_ISA/journal_report_can_ids/github_full_validation_20261003/RTL/Peripherals/sensor_mmio.sv Line: 28
Info (12021): Found 1 design units, including 1 entities, in source file /mtech/sem 4/midesm presetation/riscv_aes_advancements/risc_aes_custom_isa/journal_report_can_ids/github_full_validation_20261003/rtl/peripherals/sensor_spi_mmio.sv
    Info (12023): Found entity 1: sensor_spi_mmio File: D:/mtech/sem 4/midesm presetation/riscv_aes_advancements/risc_aes_custom_ISA/journal_report_can_ids/github_full_validation_20261003/RTL/Peripherals/sensor_spi_mmio.sv Line: 33
Info (12021): Found 1 design units, including 1 entities, in source file /mtech/sem 4/midesm presetation/riscv_aes_advancements/risc_aes_custom_isa/journal_report_can_ids/github_full_validation_20261003/rtl/peripherals/simple_intc.sv
    Info (12023): Found entity 1: simple_intc File: D:/mtech/sem 4/midesm presetation/riscv_aes_advancements/risc_aes_custom_ISA/journal_report_can_ids/github_full_validation_20261003/RTL/Peripherals/simple_intc.sv Line: 31
Info (12021): Found 1 design units, including 1 entities, in source file /mtech/sem 4/midesm presetation/riscv_aes_advancements/risc_aes_custom_isa/journal_report_can_ids/github_full_validation_20261003/rtl/peripherals/dma_lite.sv
    Info (12023): Found entity 1: dma_lite File: D:/mtech/sem 4/midesm presetation/riscv_aes_advancements/risc_aes_custom_ISA/journal_report_can_ids/github_full_validation_20261003/RTL/Peripherals/dma_lite.sv Line: 32
Info (12021): Found 1 design units, including 1 entities, in source file /mtech/sem 4/midesm presetation/riscv_aes_advancements/risc_aes_custom_isa/journal_report_can_ids/github_full_validation_20261003/rtl/can/canfd_secoc_mmio.sv
    Info (12023): Found entity 1: canfd_secoc_mmio File: D:/mtech/sem 4/midesm presetation/riscv_aes_advancements/risc_aes_custom_ISA/journal_report_can_ids/github_full_validation_20261003/RTL/CAN/canfd_secoc_mmio.sv Line: 31
Info (12021): Found 1 design units, including 1 entities, in source file /mtech/sem 4/midesm presetation/riscv_aes_advancements/risc_aes_custom_isa/journal_report_can_ids/github_full_validation_20261003/rtl/can/can_ids_mmio.sv
    Info (12023): Found entity 1: can_ids_mmio File: D:/mtech/sem 4/midesm presetation/riscv_aes_advancements/risc_aes_custom_ISA/journal_report_can_ids/github_full_validation_20261003/RTL/CAN/can_ids_mmio.sv Line: 76
Info (12021): Found 1 design units, including 1 entities, in source file /mtech/sem 4/midesm presetation/riscv_aes_advancements/risc_aes_custom_isa/journal_report_can_ids/github_full_validation_20261003/rtl/peripherals/power_mgmt_mmio.sv
    Info (12023): Found entity 1: power_mgmt_mmio File: D:/mtech/sem 4/midesm presetation/riscv_aes_advancements/risc_aes_custom_ISA/journal_report_can_ids/github_full_validation_20261003/RTL/Peripherals/power_mgmt_mmio.sv Line: 36
Info (12021): Found 1 design units, including 1 entities, in source file /mtech/sem 4/midesm presetation/riscv_aes_advancements/risc_aes_custom_isa/journal_report_can_ids/github_full_validation_20261003/rtl/cpu/wb_stage.sv
    Info (12023): Found entity 1: wb_stage File: D:/mtech/sem 4/midesm presetation/riscv_aes_advancements/risc_aes_custom_ISA/journal_report_can_ids/github_full_validation_20261003/RTL/CPU/wb_stage.sv Line: 1
Info (12021): Found 1 design units, including 1 entities, in source file /mtech/sem 4/midesm presetation/riscv_aes_advancements/risc_aes_custom_isa/journal_report_can_ids/github_full_validation_20261003/ip/sensor_spi_ip/sensor_spi_ip.v
    Info (12023): Found entity 1: sensor_spi_ip File: D:/mtech/sem 4/midesm presetation/riscv_aes_advancements/risc_aes_custom_ISA/journal_report_can_ids/github_full_validation_20261003/IP/sensor_spi_ip/sensor_spi_ip.v Line: 42
Info (12127): Elaborating entity "riscv_aes_advancements" for the top level hierarchy
Info (12128): Elaborating entity "pc_reg" for hierarchy "pc_reg:u_pc_reg" File: D:/mtech/sem 4/midesm presetation/riscv_aes_advancements/risc_aes_custom_ISA/journal_report_can_ids/github_full_validation_20261003/RTL/Top/riscv_aes_advancements.sv Line: 204
Info (12128): Elaborating entity "if_stage" for hierarchy "if_stage:u_if_stage" File: D:/mtech/sem 4/midesm presetation/riscv_aes_advancements/risc_aes_custom_ISA/journal_report_can_ids/github_full_validation_20261003/RTL/Top/riscv_aes_advancements.sv Line: 212
Info (12128): Elaborating entity "instr_mem" for hierarchy "if_stage:u_if_stage|instr_mem:u_instr_mem" File: D:/mtech/sem 4/midesm presetation/riscv_aes_advancements/risc_aes_custom_ISA/journal_report_can_ids/github_full_validation_20261003/RTL/CPU/if_stage.sv Line: 8
Info (12128): Elaborating entity "id_stage" for hierarchy "id_stage:u_id_stage" File: D:/mtech/sem 4/midesm presetation/riscv_aes_advancements/risc_aes_custom_ISA/journal_report_can_ids/github_full_validation_20261003/RTL/Top/riscv_aes_advancements.sv Line: 266
Info (12128): Elaborating entity "reg_file" for hierarchy "id_stage:u_id_stage|reg_file:u_reg_file" File: D:/mtech/sem 4/midesm presetation/riscv_aes_advancements/risc_aes_custom_ISA/journal_report_can_ids/github_full_validation_20261003/RTL/CPU/id_stage.sv Line: 126
Info (12128): Elaborating entity "imm_gen" for hierarchy "id_stage:u_id_stage|imm_gen:u_imm_gen" File: D:/mtech/sem 4/midesm presetation/riscv_aes_advancements/risc_aes_custom_ISA/journal_report_can_ids/github_full_validation_20261003/RTL/CPU/id_stage.sv Line: 137
Info (12128): Elaborating entity "control_unit" for hierarchy "id_stage:u_id_stage|control_unit:u_control_unit" File: D:/mtech/sem 4/midesm presetation/riscv_aes_advancements/risc_aes_custom_ISA/journal_report_can_ids/github_full_validation_20261003/RTL/CPU/id_stage.sv Line: 163
Info (12128): Elaborating entity "hazard_unit" for hierarchy "hazard_unit:u_hazard_unit" File: D:/mtech/sem 4/midesm presetation/riscv_aes_advancements/risc_aes_custom_ISA/journal_report_can_ids/github_full_validation_20261003/RTL/Top/riscv_aes_advancements.sv Line: 280
Info (12128): Elaborating entity "forwarding_unit" for hierarchy "forwarding_unit:u_forwarding_unit" File: D:/mtech/sem 4/midesm presetation/riscv_aes_advancements/risc_aes_custom_ISA/journal_report_can_ids/github_full_validation_20261003/RTL/Top/riscv_aes_advancements.sv Line: 369
Info (12128): Elaborating entity "ex_stage" for hierarchy "ex_stage:u_ex_stage" File: D:/mtech/sem 4/midesm presetation/riscv_aes_advancements/risc_aes_custom_ISA/journal_report_can_ids/github_full_validation_20261003/RTL/Top/riscv_aes_advancements.sv Line: 397
Info (10264): Verilog HDL Case Statement information at ex_stage.sv(118): all case item expressions in this case statement are onehot File: D:/mtech/sem 4/midesm presetation/riscv_aes_advancements/risc_aes_custom_ISA/journal_report_can_ids/github_full_validation_20261003/RTL/CPU/ex_stage.sv Line: 118
Info (10264): Verilog HDL Case Statement information at ex_stage.sv(125): all case item expressions in this case statement are onehot File: D:/mtech/sem 4/midesm presetation/riscv_aes_advancements/risc_aes_custom_ISA/journal_report_can_ids/github_full_validation_20261003/RTL/CPU/ex_stage.sv Line: 125
Info (12128): Elaborating entity "alu" for hierarchy "ex_stage:u_ex_stage|alu:u_alu" File: D:/mtech/sem 4/midesm presetation/riscv_aes_advancements/risc_aes_custom_ISA/journal_report_can_ids/github_full_validation_20261003/RTL/CPU/ex_stage.sv Line: 227
Info (12128): Elaborating entity "mem_stage" for hierarchy "mem_stage:u_mem_stage" File: D:/mtech/sem 4/midesm presetation/riscv_aes_advancements/risc_aes_custom_ISA/journal_report_can_ids/github_full_validation_20261003/RTL/Top/riscv_aes_advancements.sv Line: 455
Info (12128): Elaborating entity "load_store_unit" for hierarchy "mem_stage:u_mem_stage|load_store_unit:u_load_store_unit" File: D:/mtech/sem 4/midesm presetation/riscv_aes_advancements/risc_aes_custom_ISA/journal_report_can_ids/github_full_validation_20261003/RTL/CPU/mem_stage.sv Line: 231
Info (12128): Elaborating entity "data_mem" for hierarchy "mem_stage:u_mem_stage|data_mem:u_data_mem" File: D:/mtech/sem 4/midesm presetation/riscv_aes_advancements/risc_aes_custom_ISA/journal_report_can_ids/github_full_validation_20261003/RTL/CPU/mem_stage.sv Line: 249
Info (12128): Elaborating entity "aes_mmio" for hierarchy "mem_stage:u_mem_stage|aes_mmio:u_aes_mmio" File: D:/mtech/sem 4/midesm presetation/riscv_aes_advancements/risc_aes_custom_ISA/journal_report_can_ids/github_full_validation_20261003/RTL/CPU/mem_stage.sv Line: 277
Info (10264): Verilog HDL Case Statement information at aes_mmio.sv(272): all case item expressions in this case statement are onehot File: D:/mtech/sem 4/midesm presetation/riscv_aes_advancements/risc_aes_custom_ISA/journal_report_can_ids/github_full_validation_20261003/RTL/AES/aes_mmio.sv Line: 272
Info (12128): Elaborating entity "aes128_lowpower" for hierarchy "mem_stage:u_mem_stage|aes_mmio:u_aes_mmio|aes128_lowpower:u_aes128_lowpower" File: D:/mtech/sem 4/midesm presetation/riscv_aes_advancements/risc_aes_custom_ISA/journal_report_can_ids/github_full_validation_20261003/RTL/AES/aes_mmio.sv Line: 378
Info (12128): Elaborating entity "AES128_updated_new" for hierarchy "mem_stage:u_mem_stage|aes_mmio:u_aes_mmio|aes128_lowpower:u_aes128_lowpower|AES128_updated_new:u_reusable_aes" File: D:/mtech/sem 4/midesm presetation/riscv_aes_advancements/risc_aes_custom_ISA/journal_report_can_ids/github_full_validation_20261003/RTL/AES/aes128_lowpower.sv Line: 56
Info (12128): Elaborating entity "AES_SBOX_SEQ" for hierarchy "mem_stage:u_mem_stage|aes_mmio:u_aes_mmio|aes128_lowpower:u_aes128_lowpower|AES128_updated_new:u_reusable_aes|AES_SBOX_SEQ:u_sbox" File: D:/mtech/sem 4/midesm presetation/riscv_aes_advancements/risc_aes_custom_ISA/journal_report_can_ids/github_full_validation_20261003/RTL/AES/Reusable/00_aes128_top.sv Line: 104
Info (12128): Elaborating entity "AES_SBOX_ROM" for hierarchy "mem_stage:u_mem_stage|aes_mmio:u_aes_mmio|aes128_lowpower:u_aes128_lowpower|AES128_updated_new:u_reusable_aes|AES_SBOX_SEQ:u_sbox|AES_SBOX_ROM:rom" File: D:/mtech/sem 4/midesm presetation/riscv_aes_advancements/risc_aes_custom_ISA/journal_report_can_ids/github_full_validation_20261003/RTL/AES/Reusable/02_aes_sbox_seq.sv Line: 32
Info (12128): Elaborating entity "AES_MIXCOL_SEQ" for hierarchy "mem_stage:u_mem_stage|aes_mmio:u_aes_mmio|aes128_lowpower:u_aes128_lowpower|AES128_updated_new:u_reusable_aes|AES_MIXCOL_SEQ:u_mix" File: D:/mtech/sem 4/midesm presetation/riscv_aes_advancements/risc_aes_custom_ISA/journal_report_can_ids/github_full_validation_20261003/RTL/AES/Reusable/00_aes128_top.sv Line: 105
Info (12128): Elaborating entity "AES_KEYEXP_SEQ" for hierarchy "mem_stage:u_mem_stage|aes_mmio:u_aes_mmio|aes128_lowpower:u_aes128_lowpower|AES128_updated_new:u_reusable_aes|AES_KEYEXP_SEQ:u_key" File: D:/mtech/sem 4/midesm presetation/riscv_aes_advancements/risc_aes_custom_ISA/journal_report_can_ids/github_full_validation_20261003/RTL/AES/Reusable/00_aes128_top.sv Line: 106
Info (12128): Elaborating entity "sensor_spi_mmio" for hierarchy "mem_stage:u_mem_stage|sensor_spi_mmio:u_sensor_spi_mmio" File: D:/mtech/sem 4/midesm presetation/riscv_aes_advancements/risc_aes_custom_ISA/journal_report_can_ids/github_full_validation_20261003/RTL/CPU/mem_stage.sv Line: 297
Info (12128): Elaborating entity "sensor_spi_ip" for hierarchy "mem_stage:u_mem_stage|sensor_spi_mmio:u_sensor_spi_mmio|sensor_spi_ip:u_sensor_spi_ip" File: D:/mtech/sem 4/midesm presetation/riscv_aes_advancements/risc_aes_custom_ISA/journal_report_can_ids/github_full_validation_20261003/RTL/Peripherals/sensor_spi_mmio.sv Line: 132
Info (12128): Elaborating entity "uart_mmio" for hierarchy "mem_stage:u_mem_stage|uart_mmio:u_uart_mmio" File: D:/mtech/sem 4/midesm presetation/riscv_aes_advancements/risc_aes_custom_ISA/journal_report_can_ids/github_full_validation_20261003/RTL/CPU/mem_stage.sv Line: 315
Info (12128): Elaborating entity "uart_tx" for hierarchy "mem_stage:u_mem_stage|uart_mmio:u_uart_mmio|uart_tx:u_uart_tx" File: D:/mtech/sem 4/midesm presetation/riscv_aes_advancements/risc_aes_custom_ISA/journal_report_can_ids/github_full_validation_20261003/RTL/Peripherals/uart_mmio.sv Line: 141
Info (12128): Elaborating entity "simple_intc" for hierarchy "mem_stage:u_mem_stage|simple_intc:u_simple_intc" File: D:/mtech/sem 4/midesm presetation/riscv_aes_advancements/risc_aes_custom_ISA/journal_report_can_ids/github_full_validation_20261003/RTL/CPU/mem_stage.sv Line: 336
Info (10264): Verilog HDL Case Statement information at simple_intc.sv(84): all case item expressions in this case statement are onehot File: D:/mtech/sem 4/midesm presetation/riscv_aes_advancements/risc_aes_custom_ISA/journal_report_can_ids/github_full_validation_20261003/RTL/Peripherals/simple_intc.sv Line: 84
Info (12128): Elaborating entity "dma_lite" for hierarchy "mem_stage:u_mem_stage|dma_lite:u_dma_lite" File: D:/mtech/sem 4/midesm presetation/riscv_aes_advancements/risc_aes_custom_ISA/journal_report_can_ids/github_full_validation_20261003/RTL/CPU/mem_stage.sv Line: 359
Info (12128): Elaborating entity "canfd_secoc_mmio" for hierarchy "mem_stage:u_mem_stage|canfd_secoc_mmio:u_canfd_secoc_mmio" File: D:/mtech/sem 4/midesm presetation/riscv_aes_advancements/risc_aes_custom_ISA/journal_report_can_ids/github_full_validation_20261003/RTL/CPU/mem_stage.sv Line: 394
Info (10264): Verilog HDL Case Statement information at canfd_secoc_mmio.sv(384): all case item expressions in this case statement are onehot File: D:/mtech/sem 4/midesm presetation/riscv_aes_advancements/risc_aes_custom_ISA/journal_report_can_ids/github_full_validation_20261003/RTL/CAN/canfd_secoc_mmio.sv Line: 384
Info (10264): Verilog HDL Case Statement information at canfd_secoc_mmio.sv(413): all case item expressions in this case statement are onehot File: D:/mtech/sem 4/midesm presetation/riscv_aes_advancements/risc_aes_custom_ISA/journal_report_can_ids/github_full_validation_20261003/RTL/CAN/canfd_secoc_mmio.sv Line: 413
Info (12128): Elaborating entity "can_ids_mmio" for hierarchy "mem_stage:u_mem_stage|can_ids_mmio:u_can_ids_mmio" File: D:/mtech/sem 4/midesm presetation/riscv_aes_advancements/risc_aes_custom_ISA/journal_report_can_ids/github_full_validation_20261003/RTL/CPU/mem_stage.sv Line: 418
Info (12128): Elaborating entity "power_mgmt_mmio" for hierarchy "mem_stage:u_mem_stage|power_mgmt_mmio:u_power_mgmt_mmio" File: D:/mtech/sem 4/midesm presetation/riscv_aes_advancements/risc_aes_custom_ISA/journal_report_can_ids/github_full_validation_20261003/RTL/CPU/mem_stage.sv Line: 439
Info (12128): Elaborating entity "wb_stage" for hierarchy "wb_stage:u_wb_stage" File: D:/mtech/sem 4/midesm presetation/riscv_aes_advancements/risc_aes_custom_ISA/journal_report_can_ids/github_full_validation_20261003/RTL/Top/riscv_aes_advancements.sv Line: 488
Info (276014): Found 10 instances of uninferred RAM logic
    Info (276007): RAM logic "mem_stage:u_mem_stage|canfd_secoc_mmio:u_canfd_secoc_mmio|aes128_lowpower:u_secoc_aes|AES128_updated_new:u_reusable_aes|AES_KEYEXP_SEQ:u_key|AES_SBOX_ROM:s3|Ram0" is uninferred due to asynchronous read logic File: D:/mtech/sem 4/midesm presetation/riscv_aes_advancements/risc_aes_custom_ISA/journal_report_can_ids/github_full_validation_20261003/RTL/AES/Reusable/01_aes_sbox_rom.sv Line: 22
    Info (276007): RAM logic "mem_stage:u_mem_stage|canfd_secoc_mmio:u_canfd_secoc_mmio|aes128_lowpower:u_secoc_aes|AES128_updated_new:u_reusable_aes|AES_KEYEXP_SEQ:u_key|AES_SBOX_ROM:s2|Ram0" is uninferred due to asynchronous read logic File: D:/mtech/sem 4/midesm presetation/riscv_aes_advancements/risc_aes_custom_ISA/journal_report_can_ids/github_full_validation_20261003/RTL/AES/Reusable/01_aes_sbox_rom.sv Line: 22
    Info (276007): RAM logic "mem_stage:u_mem_stage|canfd_secoc_mmio:u_canfd_secoc_mmio|aes128_lowpower:u_secoc_aes|AES128_updated_new:u_reusable_aes|AES_KEYEXP_SEQ:u_key|AES_SBOX_ROM:s1|Ram0" is uninferred due to asynchronous read logic File: D:/mtech/sem 4/midesm presetation/riscv_aes_advancements/risc_aes_custom_ISA/journal_report_can_ids/github_full_validation_20261003/RTL/AES/Reusable/01_aes_sbox_rom.sv Line: 22
    Info (276007): RAM logic "mem_stage:u_mem_stage|canfd_secoc_mmio:u_canfd_secoc_mmio|aes128_lowpower:u_secoc_aes|AES128_updated_new:u_reusable_aes|AES_KEYEXP_SEQ:u_key|AES_SBOX_ROM:s0|Ram0" is uninferred due to asynchronous read logic File: D:/mtech/sem 4/midesm presetation/riscv_aes_advancements/risc_aes_custom_ISA/journal_report_can_ids/github_full_validation_20261003/RTL/AES/Reusable/01_aes_sbox_rom.sv Line: 22
    Info (276007): RAM logic "mem_stage:u_mem_stage|canfd_secoc_mmio:u_canfd_secoc_mmio|aes128_lowpower:u_secoc_aes|AES128_updated_new:u_reusable_aes|AES_SBOX_SEQ:u_sbox|AES_SBOX_ROM:rom|Ram0" is uninferred due to asynchronous read logic File: D:/mtech/sem 4/midesm presetation/riscv_aes_advancements/risc_aes_custom_ISA/journal_report_can_ids/github_full_validation_20261003/RTL/AES/Reusable/01_aes_sbox_rom.sv Line: 22
    Info (276007): RAM logic "mem_stage:u_mem_stage|aes_mmio:u_aes_mmio|aes128_lowpower:u_aes128_lowpower|AES128_updated_new:u_reusable_aes|AES_KEYEXP_SEQ:u_key|AES_SBOX_ROM:s3|Ram0" is uninferred due to asynchronous read logic File: D:/mtech/sem 4/midesm presetation/riscv_aes_advancements/risc_aes_custom_ISA/journal_report_can_ids/github_full_validation_20261003/RTL/AES/Reusable/01_aes_sbox_rom.sv Line: 22
    Info (276007): RAM logic "mem_stage:u_mem_stage|aes_mmio:u_aes_mmio|aes128_lowpower:u_aes128_lowpower|AES128_updated_new:u_reusable_aes|AES_KEYEXP_SEQ:u_key|AES_SBOX_ROM:s2|Ram0" is uninferred due to asynchronous read logic File: D:/mtech/sem 4/midesm presetation/riscv_aes_advancements/risc_aes_custom_ISA/journal_report_can_ids/github_full_validation_20261003/RTL/AES/Reusable/01_aes_sbox_rom.sv Line: 22
    Info (276007): RAM logic "mem_stage:u_mem_stage|aes_mmio:u_aes_mmio|aes128_lowpower:u_aes128_lowpower|AES128_updated_new:u_reusable_aes|AES_KEYEXP_SEQ:u_key|AES_SBOX_ROM:s1|Ram0" is uninferred due to asynchronous read logic File: D:/mtech/sem 4/midesm presetation/riscv_aes_advancements/risc_aes_custom_ISA/journal_report_can_ids/github_full_validation_20261003/RTL/AES/Reusable/01_aes_sbox_rom.sv Line: 22
    Info (276007): RAM logic "mem_stage:u_mem_stage|aes_mmio:u_aes_mmio|aes128_lowpower:u_aes128_lowpower|AES128_updated_new:u_reusable_aes|AES_KEYEXP_SEQ:u_key|AES_SBOX_ROM:s0|Ram0" is uninferred due to asynchronous read logic File: D:/mtech/sem 4/midesm presetation/riscv_aes_advancements/risc_aes_custom_ISA/journal_report_can_ids/github_full_validation_20261003/RTL/AES/Reusable/01_aes_sbox_rom.sv Line: 22
    Info (276007): RAM logic "mem_stage:u_mem_stage|aes_mmio:u_aes_mmio|aes128_lowpower:u_aes128_lowpower|AES128_updated_new:u_reusable_aes|AES_SBOX_SEQ:u_sbox|AES_SBOX_ROM:rom|Ram0" is uninferred due to asynchronous read logic File: D:/mtech/sem 4/midesm presetation/riscv_aes_advancements/risc_aes_custom_ISA/journal_report_can_ids/github_full_validation_20261003/RTL/AES/Reusable/01_aes_sbox_rom.sv Line: 22
Info (286030): Timing-Driven Synthesis is running
Info (17049): 561 registers lost all their fanouts during netlist optimizations.
Info (17016): Found the following redundant logic cells in design
    Info (17048): Logic cell "mem_stage:u_mem_stage|aes_mmio:u_aes_mmio|aes128_lowpower:u_aes128_lowpower|AES128_updated_new:u_reusable_aes|state_after_shiftrows[0]" File: D:/mtech/sem 4/midesm presetation/riscv_aes_advancements/risc_aes_custom_ISA/journal_report_can_ids/github_full_validation_20261003/RTL/AES/Reusable/00_aes128_top.sv Line: 86
    Info (17048): Logic cell "mem_stage:u_mem_stage|aes_mmio:u_aes_mmio|aes128_lowpower:u_aes128_lowpower|AES128_updated_new:u_reusable_aes|state_after_shiftrows[1]" File: D:/mtech/sem 4/midesm presetation/riscv_aes_advancements/risc_aes_custom_ISA/journal_report_can_ids/github_full_validation_20261003/RTL/AES/Reusable/00_aes128_top.sv Line: 86
    Info (17048): Logic cell "mem_stage:u_mem_stage|aes_mmio:u_aes_mmio|aes128_lowpower:u_aes128_lowpower|AES128_updated_new:u_reusable_aes|state_after_shiftrows[2]" File: D:/mtech/sem 4/midesm presetation/riscv_aes_advancements/risc_aes_custom_ISA/journal_report_can_ids/github_full_validation_20261003/RTL/AES/Reusable/00_aes128_top.sv Line: 86
    Info (17048): Logic cell "mem_stage:u_mem_stage|aes_mmio:u_aes_mmio|aes128_lowpower:u_aes128_lowpower|AES128_updated_new:u_reusable_aes|state_after_shiftrows[3]" File: D:/mtech/sem 4/midesm presetation/riscv_aes_advancements/risc_aes_custom_ISA/journal_report_can_ids/github_full_validation_20261003/RTL/AES/Reusable/00_aes128_top.sv Line: 86
    Info (17048): Logic cell "mem_stage:u_mem_stage|aes_mmio:u_aes_mmio|aes128_lowpower:u_aes128_lowpower|AES128_updated_new:u_reusable_aes|state_after_shiftrows[4]" File: D:/mtech/sem 4/midesm presetation/riscv_aes_advancements/risc_aes_custom_ISA/journal_report_can_ids/github_full_validation_20261003/RTL/AES/Reusable/00_aes128_top.sv Line: 86
    Info (17048): Logic cell "mem_stage:u_mem_stage|aes_mmio:u_aes_mmio|aes128_lowpower:u_aes128_lowpower|AES128_updated_new:u_reusable_aes|state_after_shiftrows[5]" File: D:/mtech/sem 4/midesm presetation/riscv_aes_advancements/risc_aes_custom_ISA/journal_report_can_ids/github_full_validation_20261003/RTL/AES/Reusable/00_aes128_top.sv Line: 86
    Info (17048): Logic cell "mem_stage:u_mem_stage|aes_mmio:u_aes_mmio|aes128_lowpower:u_aes128_lowpower|AES128_updated_new:u_reusable_aes|state_after_shiftrows[6]" File: D:/mtech/sem 4/midesm presetation/riscv_aes_advancements/risc_aes_custom_ISA/journal_report_can_ids/github_full_validation_20261003/RTL/AES/Reusable/00_aes128_top.sv Line: 86
    Info (17048): Logic cell "mem_stage:u_mem_stage|aes_mmio:u_aes_mmio|aes128_lowpower:u_aes128_lowpower|AES128_updated_new:u_reusable_aes|state_after_shiftrows[7]" File: D:/mtech/sem 4/midesm presetation/riscv_aes_advancements/risc_aes_custom_ISA/journal_report_can_ids/github_full_validation_20261003/RTL/AES/Reusable/00_aes128_top.sv Line: 86
    Info (17048): Logic cell "mem_stage:u_mem_stage|aes_mmio:u_aes_mmio|aes128_lowpower:u_aes128_lowpower|AES128_updated_new:u_reusable_aes|state_after_shiftrows[8]" File: D:/mtech/sem 4/midesm presetation/riscv_aes_advancements/risc_aes_custom_ISA/journal_report_can_ids/github_full_validation_20261003/RTL/AES/Reusable/00_aes128_top.sv Line: 86
    Info (17048): Logic cell "mem_stage:u_mem_stage|aes_mmio:u_aes_mmio|aes128_lowpower:u_aes128_lowpower|AES128_updated_new:u_reusable_aes|state_after_shiftrows[9]" File: D:/mtech/sem 4/midesm presetation/riscv_aes_advancements/risc_aes_custom_ISA/journal_report_can_ids/github_full_validation_20261003/RTL/AES/Reusable/00_aes128_top.sv Line: 86
    Info (17048): Logic cell "mem_stage:u_mem_stage|aes_mmio:u_aes_mmio|aes128_lowpower:u_aes128_lowpower|AES128_updated_new:u_reusable_aes|state_after_shiftrows[10]" File: D:/mtech/sem 4/midesm presetation/riscv_aes_advancements/risc_aes_custom_ISA/journal_report_can_ids/github_full_validation_20261003/RTL/AES/Reusable/00_aes128_top.sv Line: 86
    Info (17048): Logic cell "mem_stage:u_mem_stage|aes_mmio:u_aes_mmio|aes128_lowpower:u_aes128_lowpower|AES128_updated_new:u_reusable_aes|state_after_shiftrows[11]" File: D:/mtech/sem 4/midesm presetation/riscv_aes_advancements/risc_aes_custom_ISA/journal_report_can_ids/github_full_validation_20261003/RTL/AES/Reusable/00_aes128_top.sv Line: 86
    Info (17048): Logic cell "mem_stage:u_mem_stage|aes_mmio:u_aes_mmio|aes128_lowpower:u_aes128_lowpower|AES128_updated_new:u_reusable_aes|state_after_shiftrows[12]" File: D:/mtech/sem 4/midesm presetation/riscv_aes_advancements/risc_aes_custom_ISA/journal_report_can_ids/github_full_validation_20261003/RTL/AES/Reusable/00_aes128_top.sv Line: 86
    Info (17048): Logic cell "mem_stage:u_mem_stage|aes_mmio:u_aes_mmio|aes128_lowpower:u_aes128_lowpower|AES128_updated_new:u_reusable_aes|state_after_shiftrows[13]" File: D:/mtech/sem 4/midesm presetation/riscv_aes_advancements/risc_aes_custom_ISA/journal_report_can_ids/github_full_validation_20261003/RTL/AES/Reusable/00_aes128_top.sv Line: 86
    Info (17048): Logic cell "mem_stage:u_mem_stage|aes_mmio:u_aes_mmio|aes128_lowpower:u_aes128_lowpower|AES128_updated_new:u_reusable_aes|state_after_shiftrows[14]" File: D:/mtech/sem 4/midesm presetation/riscv_aes_advancements/risc_aes_custom_ISA/journal_report_can_ids/github_full_validation_20261003/RTL/AES/Reusable/00_aes128_top.sv Line: 86
    Info (17048): Logic cell "mem_stage:u_mem_stage|aes_mmio:u_aes_mmio|aes128_lowpower:u_aes128_lowpower|AES128_updated_new:u_reusable_aes|state_after_shiftrows[15]" File: D:/mtech/sem 4/midesm presetation/riscv_aes_advancements/risc_aes_custom_ISA/journal_report_can_ids/github_full_validation_20261003/RTL/AES/Reusable/00_aes128_top.sv Line: 86
    Info (17048): Logic cell "mem_stage:u_mem_stage|aes_mmio:u_aes_mmio|aes128_lowpower:u_aes128_lowpower|AES128_updated_new:u_reusable_aes|state_after_shiftrows[16]" File: D:/mtech/sem 4/midesm presetation/riscv_aes_advancements/risc_aes_custom_ISA/journal_report_can_ids/github_full_validation_20261003/RTL/AES/Reusable/00_aes128_top.sv Line: 86
    Info (17048): Logic cell "mem_stage:u_mem_stage|aes_mmio:u_aes_mmio|aes128_lowpower:u_aes128_lowpower|AES128_updated_new:u_reusable_aes|state_after_shiftrows[17]" File: D:/mtech/sem 4/midesm presetation/riscv_aes_advancements/risc_aes_custom_ISA/journal_report_can_ids/github_full_validation_20261003/RTL/AES/Reusable/00_aes128_top.sv Line: 86
    Info (17048): Logic cell "mem_stage:u_mem_stage|aes_mmio:u_aes_mmio|aes128_lowpower:u_aes128_lowpower|AES128_updated_new:u_reusable_aes|state_after_shiftrows[18]" File: D:/mtech/sem 4/midesm presetation/riscv_aes_advancements/risc_aes_custom_ISA/journal_report_can_ids/github_full_validation_20261003/RTL/AES/Reusable/00_aes128_top.sv Line: 86
    Info (17048): Logic cell "mem_stage:u_mem_stage|aes_mmio:u_aes_mmio|aes128_lowpower:u_aes128_lowpower|AES128_updated_new:u_reusable_aes|state_after_shiftrows[19]" File: D:/mtech/sem 4/midesm presetation/riscv_aes_advancements/risc_aes_custom_ISA/journal_report_can_ids/github_full_validation_20261003/RTL/AES/Reusable/00_aes128_top.sv Line: 86
    Info (17048): Logic cell "mem_stage:u_mem_stage|aes_mmio:u_aes_mmio|aes128_lowpower:u_aes128_lowpower|AES128_updated_new:u_reusable_aes|state_after_shiftrows[20]" File: D:/mtech/sem 4/midesm presetation/riscv_aes_advancements/risc_aes_custom_ISA/journal_report_can_ids/github_full_validation_20261003/RTL/AES/Reusable/00_aes128_top.sv Line: 86
    Info (17048): Logic cell "mem_stage:u_mem_stage|aes_mmio:u_aes_mmio|aes128_lowpower:u_aes128_lowpower|AES128_updated_new:u_reusable_aes|state_after_shiftrows[21]" File: D:/mtech/sem 4/midesm presetation/riscv_aes_advancements/risc_aes_custom_ISA/journal_report_can_ids/github_full_validation_20261003/RTL/AES/Reusable/00_aes128_top.sv Line: 86
    Info (17048): Logic cell "mem_stage:u_mem_stage|aes_mmio:u_aes_mmio|aes128_lowpower:u_aes128_lowpower|AES128_updated_new:u_reusable_aes|state_after_shiftrows[22]" File: D:/mtech/sem 4/midesm presetation/riscv_aes_advancements/risc_aes_custom_ISA/journal_report_can_ids/github_full_validation_20261003/RTL/AES/Reusable/00_aes128_top.sv Line: 86
    Info (17048): Logic cell "mem_stage:u_mem_stage|aes_mmio:u_aes_mmio|aes128_lowpower:u_aes128_lowpower|AES128_updated_new:u_reusable_aes|state_after_shiftrows[23]" File: D:/mtech/sem 4/midesm presetation/riscv_aes_advancements/risc_aes_custom_ISA/journal_report_can_ids/github_full_validation_20261003/RTL/AES/Reusable/00_aes128_top.sv Line: 86
    Info (17048): Logic cell "mem_stage:u_mem_stage|aes_mmio:u_aes_mmio|aes128_lowpower:u_aes128_lowpower|AES128_updated_new:u_reusable_aes|state_after_shiftrows[24]" File: D:/mtech/sem 4/midesm presetation/riscv_aes_advancements/risc_aes_custom_ISA/journal_report_can_ids/github_full_validation_20261003/RTL/AES/Reusable/00_aes128_top.sv Line: 86
    Info (17048): Logic cell "mem_stage:u_mem_stage|aes_mmio:u_aes_mmio|aes128_lowpower:u_aes128_lowpower|AES128_updated_new:u_reusable_aes|state_after_shiftrows[25]" File: D:/mtech/sem 4/midesm presetation/riscv_aes_advancements/risc_aes_custom_ISA/journal_report_can_ids/github_full_validation_20261003/RTL/AES/Reusable/00_aes128_top.sv Line: 86
    Info (17048): Logic cell "mem_stage:u_mem_stage|aes_mmio:u_aes_mmio|aes128_lowpower:u_aes128_lowpower|AES128_updated_new:u_reusable_aes|state_after_shiftrows[26]" File: D:/mtech/sem 4/midesm presetation/riscv_aes_advancements/risc_aes_custom_ISA/journal_report_can_ids/github_full_validation_20261003/RTL/AES/Reusable/00_aes128_top.sv Line: 86
    Info (17048): Logic cell "mem_stage:u_mem_stage|aes_mmio:u_aes_mmio|aes128_lowpower:u_aes128_lowpower|AES128_updated_new:u_reusable_aes|state_after_shiftrows[27]" File: D:/mtech/sem 4/midesm presetation/riscv_aes_advancements/risc_aes_custom_ISA/journal_report_can_ids/github_full_validation_20261003/RTL/AES/Reusable/00_aes128_top.sv Line: 86
    Info (17048): Logic cell "mem_stage:u_mem_stage|aes_mmio:u_aes_mmio|aes128_lowpower:u_aes128_lowpower|AES128_updated_new:u_reusable_aes|state_after_shiftrows[28]" File: D:/mtech/sem 4/midesm presetation/riscv_aes_advancements/risc_aes_custom_ISA/journal_report_can_ids/github_full_validation_20261003/RTL/AES/Reusable/00_aes128_top.sv Line: 86
    Info (17048): Logic cell "mem_stage:u_mem_stage|aes_mmio:u_aes_mmio|aes128_lowpower:u_aes128_lowpower|AES128_updated_new:u_reusable_aes|state_after_shiftrows[29]" File: D:/mtech/sem 4/midesm presetation/riscv_aes_advancements/risc_aes_custom_ISA/journal_report_can_ids/github_full_validation_20261003/RTL/AES/Reusable/00_aes128_top.sv Line: 86
    Info (17048): Logic cell "mem_stage:u_mem_stage|aes_mmio:u_aes_mmio|aes128_lowpower:u_aes128_lowpower|AES128_updated_new:u_reusable_aes|state_after_shiftrows[30]" File: D:/mtech/sem 4/midesm presetation/riscv_aes_advancements/risc_aes_custom_ISA/journal_report_can_ids/github_full_validation_20261003/RTL/AES/Reusable/00_aes128_top.sv Line: 86
    Info (17048): Logic cell "mem_stage:u_mem_stage|aes_mmio:u_aes_mmio|aes128_lowpower:u_aes128_lowpower|AES128_updated_new:u_reusable_aes|state_after_shiftrows[31]" File: D:/mtech/sem 4/midesm presetation/riscv_aes_advancements/risc_aes_custom_ISA/journal_report_can_ids/github_full_validation_20261003/RTL/AES/Reusable/00_aes128_top.sv Line: 86
    Info (17048): Logic cell "mem_stage:u_mem_stage|canfd_secoc_mmio:u_canfd_secoc_mmio|aes128_lowpower:u_secoc_aes|AES128_updated_new:u_reusable_aes|state_after_shiftrows[126]" File: D:/mtech/sem 4/midesm presetation/riscv_aes_advancements/risc_aes_custom_ISA/journal_report_can_ids/github_full_validation_20261003/RTL/AES/Reusable/00_aes128_top.sv Line: 86
    Info (17048): Logic cell "mem_stage:u_mem_stage|canfd_secoc_mmio:u_canfd_secoc_mmio|aes128_lowpower:u_secoc_aes|AES128_updated_new:u_reusable_aes|state_after_shiftrows[127]" File: D:/mtech/sem 4/midesm presetation/riscv_aes_advancements/risc_aes_custom_ISA/journal_report_can_ids/github_full_validation_20261003/RTL/AES/Reusable/00_aes128_top.sv Line: 86
    Info (17048): Logic cell "mem_stage:u_mem_stage|canfd_secoc_mmio:u_canfd_secoc_mmio|aes128_lowpower:u_secoc_aes|AES128_updated_new:u_reusable_aes|state_after_shiftrows[124]" File: D:/mtech/sem 4/midesm presetation/riscv_aes_advancements/risc_aes_custom_ISA/journal_report_can_ids/github_full_validation_20261003/RTL/AES/Reusable/00_aes128_top.sv Line: 86
    Info (17048): Logic cell "mem_stage:u_mem_stage|canfd_secoc_mmio:u_canfd_secoc_mmio|aes128_lowpower:u_secoc_aes|AES128_updated_new:u_reusable_aes|state_after_shiftrows[125]" File: D:/mtech/sem 4/midesm presetation/riscv_aes_advancements/risc_aes_custom_ISA/journal_report_can_ids/github_full_validation_20261003/RTL/AES/Reusable/00_aes128_top.sv Line: 86
    Info (17048): Logic cell "mem_stage:u_mem_stage|canfd_secoc_mmio:u_canfd_secoc_mmio|aes128_lowpower:u_secoc_aes|AES128_updated_new:u_reusable_aes|state_after_shiftrows[120]" File: D:/mtech/sem 4/midesm presetation/riscv_aes_advancements/risc_aes_custom_ISA/journal_report_can_ids/github_full_validation_20261003/RTL/AES/Reusable/00_aes128_top.sv Line: 86
    Info (17048): Logic cell "mem_stage:u_mem_stage|canfd_secoc_mmio:u_canfd_secoc_mmio|aes128_lowpower:u_secoc_aes|AES128_updated_new:u_reusable_aes|state_after_shiftrows[123]" File: D:/mtech/sem 4/midesm presetation/riscv_aes_advancements/risc_aes_custom_ISA/journal_report_can_ids/github_full_validation_20261003/RTL/AES/Reusable/00_aes128_top.sv Line: 86
    Info (17048): Logic cell "mem_stage:u_mem_stage|canfd_secoc_mmio:u_canfd_secoc_mmio|aes128_lowpower:u_secoc_aes|AES128_updated_new:u_reusable_aes|state_after_shiftrows[118]" File: D:/mtech/sem 4/midesm presetation/riscv_aes_advancements/risc_aes_custom_ISA/journal_report_can_ids/github_full_validation_20261003/RTL/AES/Reusable/00_aes128_top.sv Line: 86
    Info (17048): Logic cell "mem_stage:u_mem_stage|canfd_secoc_mmio:u_canfd_secoc_mmio|aes128_lowpower:u_secoc_aes|AES128_updated_new:u_reusable_aes|state_after_shiftrows[119]" File: D:/mtech/sem 4/midesm presetation/riscv_aes_advancements/risc_aes_custom_ISA/journal_report_can_ids/github_full_validation_20261003/RTL/AES/Reusable/00_aes128_top.sv Line: 86
    Info (17048): Logic cell "mem_stage:u_mem_stage|canfd_secoc_mmio:u_canfd_secoc_mmio|aes128_lowpower:u_secoc_aes|AES128_updated_new:u_reusable_aes|state_after_shiftrows[121]" File: D:/mtech/sem 4/midesm presetation/riscv_aes_advancements/risc_aes_custom_ISA/journal_report_can_ids/github_full_validation_20261003/RTL/AES/Reusable/00_aes128_top.sv Line: 86
    Info (17048): Logic cell "mem_stage:u_mem_stage|canfd_secoc_mmio:u_canfd_secoc_mmio|aes128_lowpower:u_secoc_aes|AES128_updated_new:u_reusable_aes|state_after_shiftrows[122]" File: D:/mtech/sem 4/midesm presetation/riscv_aes_advancements/risc_aes_custom_ISA/journal_report_can_ids/github_full_validation_20261003/RTL/AES/Reusable/00_aes128_top.sv Line: 86
    Info (17048): Logic cell "mem_stage:u_mem_stage|canfd_secoc_mmio:u_canfd_secoc_mmio|aes128_lowpower:u_secoc_aes|AES128_updated_new:u_reusable_aes|state_after_shiftrows[115]" File: D:/mtech/sem 4/midesm presetation/riscv_aes_advancements/risc_aes_custom_ISA/journal_report_can_ids/github_full_validation_20261003/RTL/AES/Reusable/00_aes128_top.sv Line: 86
    Info (17048): Logic cell "mem_stage:u_mem_stage|canfd_secoc_mmio:u_canfd_secoc_mmio|aes128_lowpower:u_secoc_aes|AES128_updated_new:u_reusable_aes|state_after_shiftrows[116]" File: D:/mtech/sem 4/midesm presetation/riscv_aes_advancements/risc_aes_custom_ISA/journal_report_can_ids/github_full_validation_20261003/RTL/AES/Reusable/00_aes128_top.sv Line: 86
    Info (17048): Logic cell "mem_stage:u_mem_stage|canfd_secoc_mmio:u_canfd_secoc_mmio|aes128_lowpower:u_secoc_aes|AES128_updated_new:u_reusable_aes|state_after_shiftrows[117]" File: D:/mtech/sem 4/midesm presetation/riscv_aes_advancements/risc_aes_custom_ISA/journal_report_can_ids/github_full_validation_20261003/RTL/AES/Reusable/00_aes128_top.sv Line: 86
    Info (17048): Logic cell "mem_stage:u_mem_stage|canfd_secoc_mmio:u_canfd_secoc_mmio|aes128_lowpower:u_secoc_aes|AES128_updated_new:u_reusable_aes|state_after_shiftrows[114]" File: D:/mtech/sem 4/midesm presetation/riscv_aes_advancements/risc_aes_custom_ISA/journal_report_can_ids/github_full_validation_20261003/RTL/AES/Reusable/00_aes128_top.sv Line: 86
    Info (17048): Logic cell "mem_stage:u_mem_stage|canfd_secoc_mmio:u_canfd_secoc_mmio|aes128_lowpower:u_secoc_aes|AES128_updated_new:u_reusable_aes|state_after_shiftrows[112]" File: D:/mtech/sem 4/midesm presetation/riscv_aes_advancements/risc_aes_custom_ISA/journal_report_can_ids/github_full_validation_20261003/RTL/AES/Reusable/00_aes128_top.sv Line: 86
    Info (17048): Logic cell "mem_stage:u_mem_stage|canfd_secoc_mmio:u_canfd_secoc_mmio|aes128_lowpower:u_secoc_aes|AES128_updated_new:u_reusable_aes|state_after_shiftrows[113]" File: D:/mtech/sem 4/midesm presetation/riscv_aes_advancements/risc_aes_custom_ISA/journal_report_can_ids/github_full_validation_20261003/RTL/AES/Reusable/00_aes128_top.sv Line: 86
    Info (17048): Logic cell "mem_stage:u_mem_stage|canfd_secoc_mmio:u_canfd_secoc_mmio|aes128_lowpower:u_secoc_aes|AES128_updated_new:u_reusable_aes|state_after_shiftrows[108]" File: D:/mtech/sem 4/midesm presetation/riscv_aes_advancements/risc_aes_custom_ISA/journal_report_can_ids/github_full_validation_20261003/RTL/AES/Reusable/00_aes128_top.sv Line: 86
    Info (17048): Logic cell "mem_stage:u_mem_stage|canfd_secoc_mmio:u_canfd_secoc_mmio|aes128_lowpower:u_secoc_aes|AES128_updated_new:u_reusable_aes|state_after_shiftrows[109]" File: D:/mtech/sem 4/midesm presetation/riscv_aes_advancements/risc_aes_custom_ISA/journal_report_can_ids/github_full_validation_20261003/RTL/AES/Reusable/00_aes128_top.sv Line: 86
    Info (17048): Logic cell "mem_stage:u_mem_stage|canfd_secoc_mmio:u_canfd_secoc_mmio|aes128_lowpower:u_secoc_aes|AES128_updated_new:u_reusable_aes|state_after_shiftrows[110]" File: D:/mtech/sem 4/midesm presetation/riscv_aes_advancements/risc_aes_custom_ISA/journal_report_can_ids/github_full_validation_20261003/RTL/AES/Reusable/00_aes128_top.sv Line: 86
    Info (17048): Logic cell "mem_stage:u_mem_stage|canfd_secoc_mmio:u_canfd_secoc_mmio|aes128_lowpower:u_secoc_aes|AES128_updated_new:u_reusable_aes|state_after_shiftrows[111]" File: D:/mtech/sem 4/midesm presetation/riscv_aes_advancements/risc_aes_custom_ISA/journal_report_can_ids/github_full_validation_20261003/RTL/AES/Reusable/00_aes128_top.sv Line: 86
    Info (17048): Logic cell "mem_stage:u_mem_stage|canfd_secoc_mmio:u_canfd_secoc_mmio|aes128_lowpower:u_secoc_aes|AES128_updated_new:u_reusable_aes|state_after_shiftrows[106]" File: D:/mtech/sem 4/midesm presetation/riscv_aes_advancements/risc_aes_custom_ISA/journal_report_can_ids/github_full_validation_20261003/RTL/AES/Reusable/00_aes128_top.sv Line: 86
    Info (17048): Logic cell "mem_stage:u_mem_stage|canfd_secoc_mmio:u_canfd_secoc_mmio|aes128_lowpower:u_secoc_aes|AES128_updated_new:u_reusable_aes|state_after_shiftrows[107]" File: D:/mtech/sem 4/midesm presetation/riscv_aes_advancements/risc_aes_custom_ISA/journal_report_can_ids/github_full_validation_20261003/RTL/AES/Reusable/00_aes128_top.sv Line: 86
    Info (17048): Logic cell "mem_stage:u_mem_stage|canfd_secoc_mmio:u_canfd_secoc_mmio|aes128_lowpower:u_secoc_aes|AES128_updated_new:u_reusable_aes|state_after_shiftrows[102]" File: D:/mtech/sem 4/midesm presetation/riscv_aes_advancements/risc_aes_custom_ISA/journal_report_can_ids/github_full_validation_20261003/RTL/AES/Reusable/00_aes128_top.sv Line: 86
    Info (17048): Logic cell "mem_stage:u_mem_stage|canfd_secoc_mmio:u_canfd_secoc_mmio|aes128_lowpower:u_secoc_aes|AES128_updated_new:u_reusable_aes|state_after_shiftrows[105]" File: D:/mtech/sem 4/midesm presetation/riscv_aes_advancements/risc_aes_custom_ISA/journal_report_can_ids/github_full_validation_20261003/RTL/AES/Reusable/00_aes128_top.sv Line: 86
    Info (17048): Logic cell "mem_stage:u_mem_stage|canfd_secoc_mmio:u_canfd_secoc_mmio|aes128_lowpower:u_secoc_aes|AES128_updated_new:u_reusable_aes|state_after_shiftrows[100]" File: D:/mtech/sem 4/midesm presetation/riscv_aes_advancements/risc_aes_custom_ISA/journal_report_can_ids/github_full_validation_20261003/RTL/AES/Reusable/00_aes128_top.sv Line: 86
    Info (17048): Logic cell "mem_stage:u_mem_stage|canfd_secoc_mmio:u_canfd_secoc_mmio|aes128_lowpower:u_secoc_aes|AES128_updated_new:u_reusable_aes|state_after_shiftrows[101]" File: D:/mtech/sem 4/midesm presetation/riscv_aes_advancements/risc_aes_custom_ISA/journal_report_can_ids/github_full_validation_20261003/RTL/AES/Reusable/00_aes128_top.sv Line: 86
    Info (17048): Logic cell "mem_stage:u_mem_stage|canfd_secoc_mmio:u_canfd_secoc_mmio|aes128_lowpower:u_secoc_aes|AES128_updated_new:u_reusable_aes|state_after_shiftrows[103]" File: D:/mtech/sem 4/midesm presetation/riscv_aes_advancements/risc_aes_custom_ISA/journal_report_can_ids/github_full_validation_20261003/RTL/AES/Reusable/00_aes128_top.sv Line: 86
    Info (17048): Logic cell "mem_stage:u_mem_stage|canfd_secoc_mmio:u_canfd_secoc_mmio|aes128_lowpower:u_secoc_aes|AES128_updated_new:u_reusable_aes|state_after_shiftrows[104]" File: D:/mtech/sem 4/midesm presetation/riscv_aes_advancements/risc_aes_custom_ISA/journal_report_can_ids/github_full_validation_20261003/RTL/AES/Reusable/00_aes128_top.sv Line: 86
    Info (17048): Logic cell "mem_stage:u_mem_stage|canfd_secoc_mmio:u_canfd_secoc_mmio|aes128_lowpower:u_secoc_aes|AES128_updated_new:u_reusable_aes|state_after_shiftrows[79]" File: D:/mtech/sem 4/midesm presetation/riscv_aes_advancements/risc_aes_custom_ISA/journal_report_can_ids/github_full_validation_20261003/RTL/AES/Reusable/00_aes128_top.sv Line: 86
    Info (17048): Logic cell "mem_stage:u_mem_stage|canfd_secoc_mmio:u_canfd_secoc_mmio|aes128_lowpower:u_secoc_aes|AES128_updated_new:u_reusable_aes|state_after_shiftrows[80]" File: D:/mtech/sem 4/midesm presetation/riscv_aes_advancements/risc_aes_custom_ISA/journal_report_can_ids/github_full_validation_20261003/RTL/AES/Reusable/00_aes128_top.sv Line: 86
    Info (17048): Logic cell "mem_stage:u_mem_stage|canfd_secoc_mmio:u_canfd_secoc_mmio|aes128_lowpower:u_secoc_aes|AES128_updated_new:u_reusable_aes|state_after_shiftrows[81]" File: D:/mtech/sem 4/midesm presetation/riscv_aes_advancements/risc_aes_custom_ISA/journal_report_can_ids/github_full_validation_20261003/RTL/AES/Reusable/00_aes128_top.sv Line: 86
    Info (17048): Logic cell "mem_stage:u_mem_stage|canfd_secoc_mmio:u_canfd_secoc_mmio|aes128_lowpower:u_secoc_aes|AES128_updated_new:u_reusable_aes|state_after_shiftrows[72]" File: D:/mtech/sem 4/midesm presetation/riscv_aes_advancements/risc_aes_custom_ISA/journal_report_can_ids/github_full_validation_20261003/RTL/AES/Reusable/00_aes128_top.sv Line: 86
    Info (17048): Logic cell "mem_stage:u_mem_stage|canfd_secoc_mmio:u_canfd_secoc_mmio|aes128_lowpower:u_secoc_aes|AES128_updated_new:u_reusable_aes|state_after_shiftrows[76]" File: D:/mtech/sem 4/midesm presetation/riscv_aes_advancements/risc_aes_custom_ISA/journal_report_can_ids/github_full_validation_20261003/RTL/AES/Reusable/00_aes128_top.sv Line: 86
    Info (17048): Logic cell "mem_stage:u_mem_stage|canfd_secoc_mmio:u_canfd_secoc_mmio|aes128_lowpower:u_secoc_aes|AES128_updated_new:u_reusable_aes|state_after_shiftrows[77]" File: D:/mtech/sem 4/midesm presetation/riscv_aes_advancements/risc_aes_custom_ISA/journal_report_can_ids/github_full_validation_20261003/RTL/AES/Reusable/00_aes128_top.sv Line: 86
    Info (17048): Logic cell "mem_stage:u_mem_stage|canfd_secoc_mmio:u_canfd_secoc_mmio|aes128_lowpower:u_secoc_aes|AES128_updated_new:u_reusable_aes|state_after_shiftrows[78]" File: D:/mtech/sem 4/midesm presetation/riscv_aes_advancements/risc_aes_custom_ISA/journal_report_can_ids/github_full_validation_20261003/RTL/AES/Reusable/00_aes128_top.sv Line: 86
    Info (17048): Logic cell "mem_stage:u_mem_stage|canfd_secoc_mmio:u_canfd_secoc_mmio|aes128_lowpower:u_secoc_aes|AES128_updated_new:u_reusable_aes|state_after_shiftrows[73]" File: D:/mtech/sem 4/midesm presetation/riscv_aes_advancements/risc_aes_custom_ISA/journal_report_can_ids/github_full_validation_20261003/RTL/AES/Reusable/00_aes128_top.sv Line: 86
    Info (17048): Logic cell "mem_stage:u_mem_stage|canfd_secoc_mmio:u_canfd_secoc_mmio|aes128_lowpower:u_secoc_aes|AES128_updated_new:u_reusable_aes|state_after_shiftrows[74]" File: D:/mtech/sem 4/midesm presetation/riscv_aes_advancements/risc_aes_custom_ISA/journal_report_can_ids/github_full_validation_20261003/RTL/AES/Reusable/00_aes128_top.sv Line: 86
    Info (17048): Logic cell "mem_stage:u_mem_stage|canfd_secoc_mmio:u_canfd_secoc_mmio|aes128_lowpower:u_secoc_aes|AES128_updated_new:u_reusable_aes|state_after_shiftrows[75]" File: D:/mtech/sem 4/midesm presetation/riscv_aes_advancements/risc_aes_custom_ISA/journal_report_can_ids/github_full_validation_20261003/RTL/AES/Reusable/00_aes128_top.sv Line: 86
    Info (17048): Logic cell "mem_stage:u_mem_stage|canfd_secoc_mmio:u_canfd_secoc_mmio|aes128_lowpower:u_secoc_aes|AES128_updated_new:u_reusable_aes|state_after_shiftrows[70]" File: D:/mtech/sem 4/midesm presetation/riscv_aes_advancements/risc_aes_custom_ISA/journal_report_can_ids/github_full_validation_20261003/RTL/AES/Reusable/00_aes128_top.sv Line: 86
    Info (17048): Logic cell "mem_stage:u_mem_stage|canfd_secoc_mmio:u_canfd_secoc_mmio|aes128_lowpower:u_secoc_aes|AES128_updated_new:u_reusable_aes|state_after_shiftrows[71]" File: D:/mtech/sem 4/midesm presetation/riscv_aes_advancements/risc_aes_custom_ISA/journal_report_can_ids/github_full_validation_20261003/RTL/AES/Reusable/00_aes128_top.sv Line: 86
    Info (17048): Logic cell "mem_stage:u_mem_stage|canfd_secoc_mmio:u_canfd_secoc_mmio|aes128_lowpower:u_secoc_aes|AES128_updated_new:u_reusable_aes|state_after_shiftrows[66]" File: D:/mtech/sem 4/midesm presetation/riscv_aes_advancements/risc_aes_custom_ISA/journal_report_can_ids/github_full_validation_20261003/RTL/AES/Reusable/00_aes128_top.sv Line: 86
    Info (17048): Logic cell "mem_stage:u_mem_stage|canfd_secoc_mmio:u_canfd_secoc_mmio|aes128_lowpower:u_secoc_aes|AES128_updated_new:u_reusable_aes|state_after_shiftrows[69]" File: D:/mtech/sem 4/midesm presetation/riscv_aes_advancements/risc_aes_custom_ISA/journal_report_can_ids/github_full_validation_20261003/RTL/AES/Reusable/00_aes128_top.sv Line: 86
    Info (17048): Logic cell "mem_stage:u_mem_stage|canfd_secoc_mmio:u_canfd_secoc_mmio|aes128_lowpower:u_secoc_aes|AES128_updated_new:u_reusable_aes|state_after_shiftrows[64]" File: D:/mtech/sem 4/midesm presetation/riscv_aes_advancements/risc_aes_custom_ISA/journal_report_can_ids/github_full_validation_20261003/RTL/AES/Reusable/00_aes128_top.sv Line: 86
    Info (17048): Logic cell "mem_stage:u_mem_stage|canfd_secoc_mmio:u_canfd_secoc_mmio|aes128_lowpower:u_secoc_aes|AES128_updated_new:u_reusable_aes|state_after_shiftrows[65]" File: D:/mtech/sem 4/midesm presetation/riscv_aes_advancements/risc_aes_custom_ISA/journal_report_can_ids/github_full_validation_20261003/RTL/AES/Reusable/00_aes128_top.sv Line: 86
    Info (17048): Logic cell "mem_stage:u_mem_stage|canfd_secoc_mmio:u_canfd_secoc_mmio|aes128_lowpower:u_secoc_aes|AES128_updated_new:u_reusable_aes|state_after_shiftrows[67]" File: D:/mtech/sem 4/midesm presetation/riscv_aes_advancements/risc_aes_custom_ISA/journal_report_can_ids/github_full_validation_20261003/RTL/AES/Reusable/00_aes128_top.sv Line: 86
    Info (17048): Logic cell "mem_stage:u_mem_stage|canfd_secoc_mmio:u_canfd_secoc_mmio|aes128_lowpower:u_secoc_aes|AES128_updated_new:u_reusable_aes|state_after_shiftrows[68]" File: D:/mtech/sem 4/midesm presetation/riscv_aes_advancements/risc_aes_custom_ISA/journal_report_can_ids/github_full_validation_20261003/RTL/AES/Reusable/00_aes128_top.sv Line: 86
    Info (17048): Logic cell "mem_stage:u_mem_stage|canfd_secoc_mmio:u_canfd_secoc_mmio|aes128_lowpower:u_secoc_aes|AES128_updated_new:u_reusable_aes|state_after_shiftrows[97]" File: D:/mtech/sem 4/midesm presetation/riscv_aes_advancements/risc_aes_custom_ISA/journal_report_can_ids/github_full_validation_20261003/RTL/AES/Reusable/00_aes128_top.sv Line: 86
    Info (17048): Logic cell "mem_stage:u_mem_stage|canfd_secoc_mmio:u_canfd_secoc_mmio|aes128_lowpower:u_secoc_aes|AES128_updated_new:u_reusable_aes|state_after_shiftrows[98]" File: D:/mtech/sem 4/midesm presetation/riscv_aes_advancements/risc_aes_custom_ISA/journal_report_can_ids/github_full_validation_20261003/RTL/AES/Reusable/00_aes128_top.sv Line: 86
    Info (17048): Logic cell "mem_stage:u_mem_stage|canfd_secoc_mmio:u_canfd_secoc_mmio|aes128_lowpower:u_secoc_aes|AES128_updated_new:u_reusable_aes|state_after_shiftrows[99]" File: D:/mtech/sem 4/midesm presetation/riscv_aes_advancements/risc_aes_custom_ISA/journal_report_can_ids/github_full_validation_20261003/RTL/AES/Reusable/00_aes128_top.sv Line: 86
    Info (17048): Logic cell "mem_stage:u_mem_stage|canfd_secoc_mmio:u_canfd_secoc_mmio|aes128_lowpower:u_secoc_aes|AES128_updated_new:u_reusable_aes|state_after_shiftrows[93]" File: D:/mtech/sem 4/midesm presetation/riscv_aes_advancements/risc_aes_custom_ISA/journal_report_can_ids/github_full_validation_20261003/RTL/AES/Reusable/00_aes128_top.sv Line: 86
    Info (17048): Logic cell "mem_stage:u_mem_stage|canfd_secoc_mmio:u_canfd_secoc_mmio|aes128_lowpower:u_secoc_aes|AES128_updated_new:u_reusable_aes|state_after_shiftrows[94]" File: D:/mtech/sem 4/midesm presetation/riscv_aes_advancements/risc_aes_custom_ISA/journal_report_can_ids/github_full_validation_20261003/RTL/AES/Reusable/00_aes128_top.sv Line: 86
    Info (17048): Logic cell "mem_stage:u_mem_stage|canfd_secoc_mmio:u_canfd_secoc_mmio|aes128_lowpower:u_secoc_aes|AES128_updated_new:u_reusable_aes|state_after_shiftrows[95]" File: D:/mtech/sem 4/midesm presetation/riscv_aes_advancements/risc_aes_custom_ISA/journal_report_can_ids/github_full_validation_20261003/RTL/AES/Reusable/00_aes128_top.sv Line: 86
    Info (17048): Logic cell "mem_stage:u_mem_stage|canfd_secoc_mmio:u_canfd_secoc_mmio|aes128_lowpower:u_secoc_aes|AES128_updated_new:u_reusable_aes|state_after_shiftrows[96]" File: D:/mtech/sem 4/midesm presetation/riscv_aes_advancements/risc_aes_custom_ISA/journal_report_can_ids/github_full_validation_20261003/RTL/AES/Reusable/00_aes128_top.sv Line: 86
    Info (17048): Logic cell "mem_stage:u_mem_stage|canfd_secoc_mmio:u_canfd_secoc_mmio|aes128_lowpower:u_secoc_aes|AES128_updated_new:u_reusable_aes|state_after_shiftrows[91]" File: D:/mtech/sem 4/midesm presetation/riscv_aes_advancements/risc_aes_custom_ISA/journal_report_can_ids/github_full_validation_20261003/RTL/AES/Reusable/00_aes128_top.sv Line: 86
    Info (17048): Logic cell "mem_stage:u_mem_stage|canfd_secoc_mmio:u_canfd_secoc_mmio|aes128_lowpower:u_secoc_aes|AES128_updated_new:u_reusable_aes|state_after_shiftrows[92]" File: D:/mtech/sem 4/midesm presetation/riscv_aes_advancements/risc_aes_custom_ISA/journal_report_can_ids/github_full_validation_20261003/RTL/AES/Reusable/00_aes128_top.sv Line: 86
    Info (17048): Logic cell "mem_stage:u_mem_stage|canfd_secoc_mmio:u_canfd_secoc_mmio|aes128_lowpower:u_secoc_aes|AES128_updated_new:u_reusable_aes|state_after_shiftrows[90]" File: D:/mtech/sem 4/midesm presetation/riscv_aes_advancements/risc_aes_custom_ISA/journal_report_can_ids/github_full_validation_20261003/RTL/AES/Reusable/00_aes128_top.sv Line: 86
    Info (17048): Logic cell "mem_stage:u_mem_stage|canfd_secoc_mmio:u_canfd_secoc_mmio|aes128_lowpower:u_secoc_aes|AES128_updated_new:u_reusable_aes|state_after_shiftrows[88]" File: D:/mtech/sem 4/midesm presetation/riscv_aes_advancements/risc_aes_custom_ISA/journal_report_can_ids/github_full_validation_20261003/RTL/AES/Reusable/00_aes128_top.sv Line: 86
    Info (17048): Logic cell "mem_stage:u_mem_stage|canfd_secoc_mmio:u_canfd_secoc_mmio|aes128_lowpower:u_secoc_aes|AES128_updated_new:u_reusable_aes|state_after_shiftrows[89]" File: D:/mtech/sem 4/midesm presetation/riscv_aes_advancements/risc_aes_custom_ISA/journal_report_can_ids/github_full_validation_20261003/RTL/AES/Reusable/00_aes128_top.sv Line: 86
    Info (17048): Logic cell "mem_stage:u_mem_stage|canfd_secoc_mmio:u_canfd_secoc_mmio|aes128_lowpower:u_secoc_aes|AES128_updated_new:u_reusable_aes|state_after_shiftrows[84]" File: D:/mtech/sem 4/midesm presetation/riscv_aes_advancements/risc_aes_custom_ISA/journal_report_can_ids/github_full_validation_20261003/RTL/AES/Reusable/00_aes128_top.sv Line: 86
    Info (17048): Logic cell "mem_stage:u_mem_stage|canfd_secoc_mmio:u_canfd_secoc_mmio|aes128_lowpower:u_secoc_aes|AES128_updated_new:u_reusable_aes|state_after_shiftrows[87]" File: D:/mtech/sem 4/midesm presetation/riscv_aes_advancements/risc_aes_custom_ISA/journal_report_can_ids/github_full_validation_20261003/RTL/AES/Reusable/00_aes128_top.sv Line: 86
    Info (17048): Logic cell "mem_stage:u_mem_stage|canfd_secoc_mmio:u_canfd_secoc_mmio|aes128_lowpower:u_secoc_aes|AES128_updated_new:u_reusable_aes|state_after_shiftrows[82]" File: D:/mtech/sem 4/midesm presetation/riscv_aes_advancements/risc_aes_custom_ISA/journal_report_can_ids/github_full_validation_20261003/RTL/AES/Reusable/00_aes128_top.sv Line: 86
    Info (17048): Logic cell "mem_stage:u_mem_stage|canfd_secoc_mmio:u_canfd_secoc_mmio|aes128_lowpower:u_secoc_aes|AES128_updated_new:u_reusable_aes|state_after_shiftrows[83]" File: D:/mtech/sem 4/midesm presetation/riscv_aes_advancements/risc_aes_custom_ISA/journal_report_can_ids/github_full_validation_20261003/RTL/AES/Reusable/00_aes128_top.sv Line: 86
    Info (17048): Logic cell "mem_stage:u_mem_stage|canfd_secoc_mmio:u_canfd_secoc_mmio|aes128_lowpower:u_secoc_aes|AES128_updated_new:u_reusable_aes|state_after_shiftrows[85]" File: D:/mtech/sem 4/midesm presetation/riscv_aes_advancements/risc_aes_custom_ISA/journal_report_can_ids/github_full_validation_20261003/RTL/AES/Reusable/00_aes128_top.sv Line: 86
    Info (17048): Logic cell "mem_stage:u_mem_stage|canfd_secoc_mmio:u_canfd_secoc_mmio|aes128_lowpower:u_secoc_aes|AES128_updated_new:u_reusable_aes|state_after_shiftrows[86]" File: D:/mtech/sem 4/midesm presetation/riscv_aes_advancements/risc_aes_custom_ISA/journal_report_can_ids/github_full_validation_20261003/RTL/AES/Reusable/00_aes128_top.sv Line: 86
    Info (17048): Logic cell "mem_stage:u_mem_stage|aes_mmio:u_aes_mmio|aes128_lowpower:u_aes128_lowpower|AES128_updated_new:u_reusable_aes|state_after_shiftrows[67]" File: D:/mtech/sem 4/midesm presetation/riscv_aes_advancements/risc_aes_custom_ISA/journal_report_can_ids/github_full_validation_20261003/RTL/AES/Reusable/00_aes128_top.sv Line: 86
    Info (17048): Logic cell "mem_stage:u_mem_stage|aes_mmio:u_aes_mmio|aes128_lowpower:u_aes128_lowpower|AES128_updated_new:u_reusable_aes|state_after_shiftrows[99]" File: D:/mtech/sem 4/midesm presetation/riscv_aes_advancements/risc_aes_custom_ISA/journal_report_can_ids/github_full_validation_20261003/RTL/AES/Reusable/00_aes128_top.sv Line: 86
    Info (17048): Logic cell "mem_stage:u_mem_stage|aes_mmio:u_aes_mmio|aes128_lowpower:u_aes128_lowpower|AES128_updated_new:u_reusable_aes|state_after_shiftrows[35]" File: D:/mtech/sem 4/midesm presetation/riscv_aes_advancements/risc_aes_custom_ISA/journal_report_can_ids/github_full_validation_20261003/RTL/AES/Reusable/00_aes128_top.sv Line: 86
    Info (17048): Logic cell "mem_stage:u_mem_stage|aes_mmio:u_aes_mmio|aes128_lowpower:u_aes128_lowpower|AES128_updated_new:u_reusable_aes|state_after_shiftrows[66]" File: D:/mtech/sem 4/midesm presetation/riscv_aes_advancements/risc_aes_custom_ISA/journal_report_can_ids/github_full_validation_20261003/RTL/AES/Reusable/00_aes128_top.sv Line: 86
    Info (17048): Logic cell "mem_stage:u_mem_stage|aes_mmio:u_aes_mmio|aes128_lowpower:u_aes128_lowpower|AES128_updated_new:u_reusable_aes|state_after_shiftrows[98]" File: D:/mtech/sem 4/midesm presetation/riscv_aes_advancements/risc_aes_custom_ISA/journal_report_can_ids/github_full_validation_20261003/RTL/AES/Reusable/00_aes128_top.sv Line: 86
    Info (17048): Logic cell "mem_stage:u_mem_stage|aes_mmio:u_aes_mmio|aes128_lowpower:u_aes128_lowpower|AES128_updated_new:u_reusable_aes|state_after_shiftrows[34]" File: D:/mtech/sem 4/midesm presetation/riscv_aes_advancements/risc_aes_custom_ISA/journal_report_can_ids/github_full_validation_20261003/RTL/AES/Reusable/00_aes128_top.sv Line: 86
    Info (17048): Logic cell "mem_stage:u_mem_stage|aes_mmio:u_aes_mmio|aes128_lowpower:u_aes128_lowpower|AES128_updated_new:u_reusable_aes|state_after_shiftrows[64]" File: D:/mtech/sem 4/midesm presetation/riscv_aes_advancements/risc_aes_custom_ISA/journal_report_can_ids/github_full_validation_20261003/RTL/AES/Reusable/00_aes128_top.sv Line: 86
    Info (17048): Logic cell "mem_stage:u_mem_stage|aes_mmio:u_aes_mmio|aes128_lowpower:u_aes128_lowpower|AES128_updated_new:u_reusable_aes|state_after_shiftrows[96]" File: D:/mtech/sem 4/midesm presetation/riscv_aes_advancements/risc_aes_custom_ISA/journal_report_can_ids/github_full_validation_20261003/RTL/AES/Reusable/00_aes128_top.sv Line: 86
    Info (17048): Logic cell "mem_stage:u_mem_stage|aes_mmio:u_aes_mmio|aes128_lowpower:u_aes128_lowpower|AES128_updated_new:u_reusable_aes|state_after_shiftrows[32]" File: D:/mtech/sem 4/midesm presetation/riscv_aes_advancements/risc_aes_custom_ISA/journal_report_can_ids/github_full_validation_20261003/RTL/AES/Reusable/00_aes128_top.sv Line: 86
    Info (17048): Logic cell "mem_stage:u_mem_stage|aes_mmio:u_aes_mmio|aes128_lowpower:u_aes128_lowpower|AES128_updated_new:u_reusable_aes|state_after_shiftrows[65]" File: D:/mtech/sem 4/midesm presetation/riscv_aes_advancements/risc_aes_custom_ISA/journal_report_can_ids/github_full_validation_20261003/RTL/AES/Reusable/00_aes128_top.sv Line: 86
    Info (17048): Logic cell "mem_stage:u_mem_stage|aes_mmio:u_aes_mmio|aes128_lowpower:u_aes128_lowpower|AES128_updated_new:u_reusable_aes|state_after_shiftrows[97]" File: D:/mtech/sem 4/midesm presetation/riscv_aes_advancements/risc_aes_custom_ISA/journal_report_can_ids/github_full_validation_20261003/RTL/AES/Reusable/00_aes128_top.sv Line: 86
    Info (17048): Logic cell "mem_stage:u_mem_stage|aes_mmio:u_aes_mmio|aes128_lowpower:u_aes128_lowpower|AES128_updated_new:u_reusable_aes|state_after_shiftrows[33]" File: D:/mtech/sem 4/midesm presetation/riscv_aes_advancements/risc_aes_custom_ISA/journal_report_can_ids/github_full_validation_20261003/RTL/AES/Reusable/00_aes128_top.sv Line: 86
    Info (17048): Logic cell "mem_stage:u_mem_stage|aes_mmio:u_aes_mmio|aes128_lowpower:u_aes128_lowpower|AES128_updated_new:u_reusable_aes|state_after_shiftrows[69]" File: D:/mtech/sem 4/midesm presetation/riscv_aes_advancements/risc_aes_custom_ISA/journal_report_can_ids/github_full_validation_20261003/RTL/AES/Reusable/00_aes128_top.sv Line: 86
    Info (17048): Logic cell "mem_stage:u_mem_stage|aes_mmio:u_aes_mmio|aes128_lowpower:u_aes128_lowpower|AES128_updated_new:u_reusable_aes|state_after_shiftrows[101]" File: D:/mtech/sem 4/midesm presetation/riscv_aes_advancements/risc_aes_custom_ISA/journal_report_can_ids/github_full_validation_20261003/RTL/AES/Reusable/00_aes128_top.sv Line: 86
    Info (17048): Logic cell "mem_stage:u_mem_stage|aes_mmio:u_aes_mmio|aes128_lowpower:u_aes128_lowpower|AES128_updated_new:u_reusable_aes|state_after_shiftrows[37]" File: D:/mtech/sem 4/midesm presetation/riscv_aes_advancements/risc_aes_custom_ISA/journal_report_can_ids/github_full_validation_20261003/RTL/AES/Reusable/00_aes128_top.sv Line: 86
    Info (17048): Logic cell "mem_stage:u_mem_stage|aes_mmio:u_aes_mmio|aes128_lowpower:u_aes128_lowpower|AES128_updated_new:u_reusable_aes|state_after_shiftrows[71]" File: D:/mtech/sem 4/midesm presetation/riscv_aes_advancements/risc_aes_custom_ISA/journal_report_can_ids/github_full_validation_20261003/RTL/AES/Reusable/00_aes128_top.sv Line: 86
    Info (17048): Logic cell "mem_stage:u_mem_stage|aes_mmio:u_aes_mmio|aes128_lowpower:u_aes128_lowpower|AES128_updated_new:u_reusable_aes|state_after_shiftrows[103]" File: D:/mtech/sem 4/midesm presetation/riscv_aes_advancements/risc_aes_custom_ISA/journal_report_can_ids/github_full_validation_20261003/RTL/AES/Reusable/00_aes128_top.sv Line: 86
    Info (17048): Logic cell "mem_stage:u_mem_stage|aes_mmio:u_aes_mmio|aes128_lowpower:u_aes128_lowpower|AES128_updated_new:u_reusable_aes|state_after_shiftrows[39]" File: D:/mtech/sem 4/midesm presetation/riscv_aes_advancements/risc_aes_custom_ISA/journal_report_can_ids/github_full_validation_20261003/RTL/AES/Reusable/00_aes128_top.sv Line: 86
    Info (17048): Logic cell "mem_stage:u_mem_stage|aes_mmio:u_aes_mmio|aes128_lowpower:u_aes128_lowpower|AES128_updated_new:u_reusable_aes|state_after_shiftrows[70]" File: D:/mtech/sem 4/midesm presetation/riscv_aes_advancements/risc_aes_custom_ISA/journal_report_can_ids/github_full_validation_20261003/RTL/AES/Reusable/00_aes128_top.sv Line: 86
    Info (17048): Logic cell "mem_stage:u_mem_stage|aes_mmio:u_aes_mmio|aes128_lowpower:u_aes128_lowpower|AES128_updated_new:u_reusable_aes|state_after_shiftrows[102]" File: D:/mtech/sem 4/midesm presetation/riscv_aes_advancements/risc_aes_custom_ISA/journal_report_can_ids/github_full_validation_20261003/RTL/AES/Reusable/00_aes128_top.sv Line: 86
    Info (17048): Logic cell "mem_stage:u_mem_stage|aes_mmio:u_aes_mmio|aes128_lowpower:u_aes128_lowpower|AES128_updated_new:u_reusable_aes|state_after_shiftrows[38]" File: D:/mtech/sem 4/midesm presetation/riscv_aes_advancements/risc_aes_custom_ISA/journal_report_can_ids/github_full_validation_20261003/RTL/AES/Reusable/00_aes128_top.sv Line: 86
    Info (17048): Logic cell "mem_stage:u_mem_stage|aes_mmio:u_aes_mmio|aes128_lowpower:u_aes128_lowpower|AES128_updated_new:u_reusable_aes|state_after_shiftrows[68]" File: D:/mtech/sem 4/midesm presetation/riscv_aes_advancements/risc_aes_custom_ISA/journal_report_can_ids/github_full_validation_20261003/RTL/AES/Reusable/00_aes128_top.sv Line: 86
    Info (17048): Logic cell "mem_stage:u_mem_stage|aes_mmio:u_aes_mmio|aes128_lowpower:u_aes128_lowpower|AES128_updated_new:u_reusable_aes|state_after_shiftrows[100]" File: D:/mtech/sem 4/midesm presetation/riscv_aes_advancements/risc_aes_custom_ISA/journal_report_can_ids/github_full_validation_20261003/RTL/AES/Reusable/00_aes128_top.sv Line: 86
    Info (17048): Logic cell "mem_stage:u_mem_stage|aes_mmio:u_aes_mmio|aes128_lowpower:u_aes128_lowpower|AES128_updated_new:u_reusable_aes|state_after_shiftrows[36]" File: D:/mtech/sem 4/midesm presetation/riscv_aes_advancements/risc_aes_custom_ISA/journal_report_can_ids/github_full_validation_20261003/RTL/AES/Reusable/00_aes128_top.sv Line: 86
    Info (17048): Logic cell "mem_stage:u_mem_stage|aes_mmio:u_aes_mmio|aes128_lowpower:u_aes128_lowpower|AES128_updated_new:u_reusable_aes|state_after_shiftrows[73]" File: D:/mtech/sem 4/midesm presetation/riscv_aes_advancements/risc_aes_custom_ISA/journal_report_can_ids/github_full_validation_20261003/RTL/AES/Reusable/00_aes128_top.sv Line: 86
    Info (17048): Logic cell "mem_stage:u_mem_stage|aes_mmio:u_aes_mmio|aes128_lowpower:u_aes128_lowpower|AES128_updated_new:u_reusable_aes|state_after_shiftrows[105]" File: D:/mtech/sem 4/midesm presetation/riscv_aes_advancements/risc_aes_custom_ISA/journal_report_can_ids/github_full_validation_20261003/RTL/AES/Reusable/00_aes128_top.sv Line: 86
    Info (17048): Logic cell "mem_stage:u_mem_stage|aes_mmio:u_aes_mmio|aes128_lowpower:u_aes128_lowpower|AES128_updated_new:u_reusable_aes|state_after_shiftrows[41]" File: D:/mtech/sem 4/midesm presetation/riscv_aes_advancements/risc_aes_custom_ISA/journal_report_can_ids/github_full_validation_20261003/RTL/AES/Reusable/00_aes128_top.sv Line: 86
    Info (17048): Logic cell "mem_stage:u_mem_stage|aes_mmio:u_aes_mmio|aes128_lowpower:u_aes128_lowpower|AES128_updated_new:u_reusable_aes|state_after_shiftrows[75]" File: D:/mtech/sem 4/midesm presetation/riscv_aes_advancements/risc_aes_custom_ISA/journal_report_can_ids/github_full_validation_20261003/RTL/AES/Reusable/00_aes128_top.sv Line: 86
    Info (17048): Logic cell "mem_stage:u_mem_stage|aes_mmio:u_aes_mmio|aes128_lowpower:u_aes128_lowpower|AES128_updated_new:u_reusable_aes|state_after_shiftrows[107]" File: D:/mtech/sem 4/midesm presetation/riscv_aes_advancements/risc_aes_custom_ISA/journal_report_can_ids/github_full_validation_20261003/RTL/AES/Reusable/00_aes128_top.sv Line: 86
    Info (17048): Logic cell "mem_stage:u_mem_stage|aes_mmio:u_aes_mmio|aes128_lowpower:u_aes128_lowpower|AES128_updated_new:u_reusable_aes|state_after_shiftrows[43]" File: D:/mtech/sem 4/midesm presetation/riscv_aes_advancements/risc_aes_custom_ISA/journal_report_can_ids/github_full_validation_20261003/RTL/AES/Reusable/00_aes128_top.sv Line: 86
    Info (17048): Logic cell "mem_stage:u_mem_stage|aes_mmio:u_aes_mmio|aes128_lowpower:u_aes128_lowpower|AES128_updated_new:u_reusable_aes|state_after_shiftrows[74]" File: D:/mtech/sem 4/midesm presetation/riscv_aes_advancements/risc_aes_custom_ISA/journal_report_can_ids/github_full_validation_20261003/RTL/AES/Reusable/00_aes128_top.sv Line: 86
    Info (17048): Logic cell "mem_stage:u_mem_stage|aes_mmio:u_aes_mmio|aes128_lowpower:u_aes128_lowpower|AES128_updated_new:u_reusable_aes|state_after_shiftrows[106]" File: D:/mtech/sem 4/midesm presetation/riscv_aes_advancements/risc_aes_custom_ISA/journal_report_can_ids/github_full_validation_20261003/RTL/AES/Reusable/00_aes128_top.sv Line: 86
    Info (17048): Logic cell "mem_stage:u_mem_stage|aes_mmio:u_aes_mmio|aes128_lowpower:u_aes128_lowpower|AES128_updated_new:u_reusable_aes|state_after_shiftrows[42]" File: D:/mtech/sem 4/midesm presetation/riscv_aes_advancements/risc_aes_custom_ISA/journal_report_can_ids/github_full_validation_20261003/RTL/AES/Reusable/00_aes128_top.sv Line: 86
    Info (17048): Logic cell "mem_stage:u_mem_stage|aes_mmio:u_aes_mmio|aes128_lowpower:u_aes128_lowpower|AES128_updated_new:u_reusable_aes|state_after_shiftrows[72]" File: D:/mtech/sem 4/midesm presetation/riscv_aes_advancements/risc_aes_custom_ISA/journal_report_can_ids/github_full_validation_20261003/RTL/AES/Reusable/00_aes128_top.sv Line: 86
    Info (17048): Logic cell "mem_stage:u_mem_stage|aes_mmio:u_aes_mmio|aes128_lowpower:u_aes128_lowpower|AES128_updated_new:u_reusable_aes|state_after_shiftrows[104]" File: D:/mtech/sem 4/midesm presetation/riscv_aes_advancements/risc_aes_custom_ISA/journal_report_can_ids/github_full_validation_20261003/RTL/AES/Reusable/00_aes128_top.sv Line: 86
    Info (17048): Logic cell "mem_stage:u_mem_stage|aes_mmio:u_aes_mmio|aes128_lowpower:u_aes128_lowpower|AES128_updated_new:u_reusable_aes|state_after_shiftrows[40]" File: D:/mtech/sem 4/midesm presetation/riscv_aes_advancements/risc_aes_custom_ISA/journal_report_can_ids/github_full_validation_20261003/RTL/AES/Reusable/00_aes128_top.sv Line: 86
    Info (17048): Logic cell "mem_stage:u_mem_stage|aes_mmio:u_aes_mmio|aes128_lowpower:u_aes128_lowpower|AES128_updated_new:u_reusable_aes|state_after_shiftrows[78]" File: D:/mtech/sem 4/midesm presetation/riscv_aes_advancements/risc_aes_custom_ISA/journal_report_can_ids/github_full_validation_20261003/RTL/AES/Reusable/00_aes128_top.sv Line: 86
    Info (17048): Logic cell "mem_stage:u_mem_stage|aes_mmio:u_aes_mmio|aes128_lowpower:u_aes128_lowpower|AES128_updated_new:u_reusable_aes|state_after_shiftrows[110]" File: D:/mtech/sem 4/midesm presetation/riscv_aes_advancements/risc_aes_custom_ISA/journal_report_can_ids/github_full_validation_20261003/RTL/AES/Reusable/00_aes128_top.sv Line: 86
    Info (17048): Logic cell "mem_stage:u_mem_stage|aes_mmio:u_aes_mmio|aes128_lowpower:u_aes128_lowpower|AES128_updated_new:u_reusable_aes|state_after_shiftrows[46]" File: D:/mtech/sem 4/midesm presetation/riscv_aes_advancements/risc_aes_custom_ISA/journal_report_can_ids/github_full_validation_20261003/RTL/AES/Reusable/00_aes128_top.sv Line: 86
    Info (17048): Logic cell "mem_stage:u_mem_stage|aes_mmio:u_aes_mmio|aes128_lowpower:u_aes128_lowpower|AES128_updated_new:u_reusable_aes|state_after_shiftrows[77]" File: D:/mtech/sem 4/midesm presetation/riscv_aes_advancements/risc_aes_custom_ISA/journal_report_can_ids/github_full_validation_20261003/RTL/AES/Reusable/00_aes128_top.sv Line: 86
    Info (17048): Logic cell "mem_stage:u_mem_stage|aes_mmio:u_aes_mmio|aes128_lowpower:u_aes128_lowpower|AES128_updated_new:u_reusable_aes|state_after_shiftrows[109]" File: D:/mtech/sem 4/midesm presetation/riscv_aes_advancements/risc_aes_custom_ISA/journal_report_can_ids/github_full_validation_20261003/RTL/AES/Reusable/00_aes128_top.sv Line: 86
    Info (17048): Logic cell "mem_stage:u_mem_stage|aes_mmio:u_aes_mmio|aes128_lowpower:u_aes128_lowpower|AES128_updated_new:u_reusable_aes|state_after_shiftrows[45]" File: D:/mtech/sem 4/midesm presetation/riscv_aes_advancements/risc_aes_custom_ISA/journal_report_can_ids/github_full_validation_20261003/RTL/AES/Reusable/00_aes128_top.sv Line: 86
    Info (17048): Logic cell "mem_stage:u_mem_stage|aes_mmio:u_aes_mmio|aes128_lowpower:u_aes128_lowpower|AES128_updated_new:u_reusable_aes|state_after_shiftrows[76]" File: D:/mtech/sem 4/midesm presetation/riscv_aes_advancements/risc_aes_custom_ISA/journal_report_can_ids/github_full_validation_20261003/RTL/AES/Reusable/00_aes128_top.sv Line: 86
    Info (17048): Logic cell "mem_stage:u_mem_stage|aes_mmio:u_aes_mmio|aes128_lowpower:u_aes128_lowpower|AES128_updated_new:u_reusable_aes|state_after_shiftrows[108]" File: D:/mtech/sem 4/midesm presetation/riscv_aes_advancements/risc_aes_custom_ISA/journal_report_can_ids/github_full_validation_20261003/RTL/AES/Reusable/00_aes128_top.sv Line: 86
    Info (17048): Logic cell "mem_stage:u_mem_stage|aes_mmio:u_aes_mmio|aes128_lowpower:u_aes128_lowpower|AES128_updated_new:u_reusable_aes|state_after_shiftrows[44]" File: D:/mtech/sem 4/midesm presetation/riscv_aes_advancements/risc_aes_custom_ISA/journal_report_can_ids/github_full_validation_20261003/RTL/AES/Reusable/00_aes128_top.sv Line: 86
    Info (17048): Logic cell "mem_stage:u_mem_stage|aes_mmio:u_aes_mmio|aes128_lowpower:u_aes128_lowpower|AES128_updated_new:u_reusable_aes|state_after_shiftrows[80]" File: D:/mtech/sem 4/midesm presetation/riscv_aes_advancements/risc_aes_custom_ISA/journal_report_can_ids/github_full_validation_20261003/RTL/AES/Reusable/00_aes128_top.sv Line: 86
    Info (17048): Logic cell "mem_stage:u_mem_stage|aes_mmio:u_aes_mmio|aes128_lowpower:u_aes128_lowpower|AES128_updated_new:u_reusable_aes|state_after_shiftrows[112]" File: D:/mtech/sem 4/midesm presetation/riscv_aes_advancements/risc_aes_custom_ISA/journal_report_can_ids/github_full_validation_20261003/RTL/AES/Reusable/00_aes128_top.sv Line: 86
    Info (17048): Logic cell "mem_stage:u_mem_stage|aes_mmio:u_aes_mmio|aes128_lowpower:u_aes128_lowpower|AES128_updated_new:u_reusable_aes|state_after_shiftrows[48]" File: D:/mtech/sem 4/midesm presetation/riscv_aes_advancements/risc_aes_custom_ISA/journal_report_can_ids/github_full_validation_20261003/RTL/AES/Reusable/00_aes128_top.sv Line: 86
    Info (17048): Logic cell "mem_stage:u_mem_stage|aes_mmio:u_aes_mmio|aes128_lowpower:u_aes128_lowpower|AES128_updated_new:u_reusable_aes|state_after_shiftrows[79]" File: D:/mtech/sem 4/midesm presetation/riscv_aes_advancements/risc_aes_custom_ISA/journal_report_can_ids/github_full_validation_20261003/RTL/AES/Reusable/00_aes128_top.sv Line: 86
    Info (17048): Logic cell "mem_stage:u_mem_stage|aes_mmio:u_aes_mmio|aes128_lowpower:u_aes128_lowpower|AES128_updated_new:u_reusable_aes|state_after_shiftrows[111]" File: D:/mtech/sem 4/midesm presetation/riscv_aes_advancements/risc_aes_custom_ISA/journal_report_can_ids/github_full_validation_20261003/RTL/AES/Reusable/00_aes128_top.sv Line: 86
    Info (17048): Logic cell "mem_stage:u_mem_stage|aes_mmio:u_aes_mmio|aes128_lowpower:u_aes128_lowpower|AES128_updated_new:u_reusable_aes|state_after_shiftrows[47]" File: D:/mtech/sem 4/midesm presetation/riscv_aes_advancements/risc_aes_custom_ISA/journal_report_can_ids/github_full_validation_20261003/RTL/AES/Reusable/00_aes128_top.sv Line: 86
    Info (17048): Logic cell "mem_stage:u_mem_stage|aes_mmio:u_aes_mmio|aes128_lowpower:u_aes128_lowpower|AES128_updated_new:u_reusable_aes|state_after_shiftrows[82]" File: D:/mtech/sem 4/midesm presetation/riscv_aes_advancements/risc_aes_custom_ISA/journal_report_can_ids/github_full_validation_20261003/RTL/AES/Reusable/00_aes128_top.sv Line: 86
    Info (17048): Logic cell "mem_stage:u_mem_stage|aes_mmio:u_aes_mmio|aes128_lowpower:u_aes128_lowpower|AES128_updated_new:u_reusable_aes|state_after_shiftrows[114]" File: D:/mtech/sem 4/midesm presetation/riscv_aes_advancements/risc_aes_custom_ISA/journal_report_can_ids/github_full_validation_20261003/RTL/AES/Reusable/00_aes128_top.sv Line: 86
    Info (17048): Logic cell "mem_stage:u_mem_stage|aes_mmio:u_aes_mmio|aes128_lowpower:u_aes128_lowpower|AES128_updated_new:u_reusable_aes|state_after_shiftrows[50]" File: D:/mtech/sem 4/midesm presetation/riscv_aes_advancements/risc_aes_custom_ISA/journal_report_can_ids/github_full_validation_20261003/RTL/AES/Reusable/00_aes128_top.sv Line: 86
    Info (17048): Logic cell "mem_stage:u_mem_stage|aes_mmio:u_aes_mmio|aes128_lowpower:u_aes128_lowpower|AES128_updated_new:u_reusable_aes|state_after_shiftrows[81]" File: D:/mtech/sem 4/midesm presetation/riscv_aes_advancements/risc_aes_custom_ISA/journal_report_can_ids/github_full_validation_20261003/RTL/AES/Reusable/00_aes128_top.sv Line: 86
    Info (17048): Logic cell "mem_stage:u_mem_stage|aes_mmio:u_aes_mmio|aes128_lowpower:u_aes128_lowpower|AES128_updated_new:u_reusable_aes|state_after_shiftrows[113]" File: D:/mtech/sem 4/midesm presetation/riscv_aes_advancements/risc_aes_custom_ISA/journal_report_can_ids/github_full_validation_20261003/RTL/AES/Reusable/00_aes128_top.sv Line: 86
    Info (17048): Logic cell "mem_stage:u_mem_stage|aes_mmio:u_aes_mmio|aes128_lowpower:u_aes128_lowpower|AES128_updated_new:u_reusable_aes|state_after_shiftrows[49]" File: D:/mtech/sem 4/midesm presetation/riscv_aes_advancements/risc_aes_custom_ISA/journal_report_can_ids/github_full_validation_20261003/RTL/AES/Reusable/00_aes128_top.sv Line: 86
    Info (17048): Logic cell "mem_stage:u_mem_stage|aes_mmio:u_aes_mmio|aes128_lowpower:u_aes128_lowpower|AES128_updated_new:u_reusable_aes|state_after_shiftrows[85]" File: D:/mtech/sem 4/midesm presetation/riscv_aes_advancements/risc_aes_custom_ISA/journal_report_can_ids/github_full_validation_20261003/RTL/AES/Reusable/00_aes128_top.sv Line: 86
    Info (17048): Logic cell "mem_stage:u_mem_stage|aes_mmio:u_aes_mmio|aes128_lowpower:u_aes128_lowpower|AES128_updated_new:u_reusable_aes|state_after_shiftrows[117]" File: D:/mtech/sem 4/midesm presetation/riscv_aes_advancements/risc_aes_custom_ISA/journal_report_can_ids/github_full_validation_20261003/RTL/AES/Reusable/00_aes128_top.sv Line: 86
    Info (17048): Logic cell "mem_stage:u_mem_stage|aes_mmio:u_aes_mmio|aes128_lowpower:u_aes128_lowpower|AES128_updated_new:u_reusable_aes|state_after_shiftrows[53]" File: D:/mtech/sem 4/midesm presetation/riscv_aes_advancements/risc_aes_custom_ISA/journal_report_can_ids/github_full_validation_20261003/RTL/AES/Reusable/00_aes128_top.sv Line: 86
    Info (17048): Logic cell "mem_stage:u_mem_stage|aes_mmio:u_aes_mmio|aes128_lowpower:u_aes128_lowpower|AES128_updated_new:u_reusable_aes|state_after_shiftrows[84]" File: D:/mtech/sem 4/midesm presetation/riscv_aes_advancements/risc_aes_custom_ISA/journal_report_can_ids/github_full_validation_20261003/RTL/AES/Reusable/00_aes128_top.sv Line: 86
    Info (17048): Logic cell "mem_stage:u_mem_stage|aes_mmio:u_aes_mmio|aes128_lowpower:u_aes128_lowpower|AES128_updated_new:u_reusable_aes|state_after_shiftrows[116]" File: D:/mtech/sem 4/midesm presetation/riscv_aes_advancements/risc_aes_custom_ISA/journal_report_can_ids/github_full_validation_20261003/RTL/AES/Reusable/00_aes128_top.sv Line: 86
    Info (17048): Logic cell "mem_stage:u_mem_stage|aes_mmio:u_aes_mmio|aes128_lowpower:u_aes128_lowpower|AES128_updated_new:u_reusable_aes|state_after_shiftrows[52]" File: D:/mtech/sem 4/midesm presetation/riscv_aes_advancements/risc_aes_custom_ISA/journal_report_can_ids/github_full_validation_20261003/RTL/AES/Reusable/00_aes128_top.sv Line: 86
    Info (17048): Logic cell "mem_stage:u_mem_stage|aes_mmio:u_aes_mmio|aes128_lowpower:u_aes128_lowpower|AES128_updated_new:u_reusable_aes|state_after_shiftrows[83]" File: D:/mtech/sem 4/midesm presetation/riscv_aes_advancements/risc_aes_custom_ISA/journal_report_can_ids/github_full_validation_20261003/RTL/AES/Reusable/00_aes128_top.sv Line: 86
    Info (17048): Logic cell "mem_stage:u_mem_stage|aes_mmio:u_aes_mmio|aes128_lowpower:u_aes128_lowpower|AES128_updated_new:u_reusable_aes|state_after_shiftrows[115]" File: D:/mtech/sem 4/midesm presetation/riscv_aes_advancements/risc_aes_custom_ISA/journal_report_can_ids/github_full_validation_20261003/RTL/AES/Reusable/00_aes128_top.sv Line: 86
    Info (17048): Logic cell "mem_stage:u_mem_stage|aes_mmio:u_aes_mmio|aes128_lowpower:u_aes128_lowpower|AES128_updated_new:u_reusable_aes|state_after_shiftrows[51]" File: D:/mtech/sem 4/midesm presetation/riscv_aes_advancements/risc_aes_custom_ISA/journal_report_can_ids/github_full_validation_20261003/RTL/AES/Reusable/00_aes128_top.sv Line: 86
    Info (17048): Logic cell "mem_stage:u_mem_stage|aes_mmio:u_aes_mmio|aes128_lowpower:u_aes128_lowpower|AES128_updated_new:u_reusable_aes|state_after_shiftrows[87]" File: D:/mtech/sem 4/midesm presetation/riscv_aes_advancements/risc_aes_custom_ISA/journal_report_can_ids/github_full_validation_20261003/RTL/AES/Reusable/00_aes128_top.sv Line: 86
    Info (17048): Logic cell "mem_stage:u_mem_stage|aes_mmio:u_aes_mmio|aes128_lowpower:u_aes128_lowpower|AES128_updated_new:u_reusable_aes|state_after_shiftrows[119]" File: D:/mtech/sem 4/midesm presetation/riscv_aes_advancements/risc_aes_custom_ISA/journal_report_can_ids/github_full_validation_20261003/RTL/AES/Reusable/00_aes128_top.sv Line: 86
    Info (17048): Logic cell "mem_stage:u_mem_stage|aes_mmio:u_aes_mmio|aes128_lowpower:u_aes128_lowpower|AES128_updated_new:u_reusable_aes|state_after_shiftrows[55]" File: D:/mtech/sem 4/midesm presetation/riscv_aes_advancements/risc_aes_custom_ISA/journal_report_can_ids/github_full_validation_20261003/RTL/AES/Reusable/00_aes128_top.sv Line: 86
    Info (17048): Logic cell "mem_stage:u_mem_stage|aes_mmio:u_aes_mmio|aes128_lowpower:u_aes128_lowpower|AES128_updated_new:u_reusable_aes|state_after_shiftrows[86]" File: D:/mtech/sem 4/midesm presetation/riscv_aes_advancements/risc_aes_custom_ISA/journal_report_can_ids/github_full_validation_20261003/RTL/AES/Reusable/00_aes128_top.sv Line: 86
    Info (17048): Logic cell "mem_stage:u_mem_stage|aes_mmio:u_aes_mmio|aes128_lowpower:u_aes128_lowpower|AES128_updated_new:u_reusable_aes|state_after_shiftrows[118]" File: D:/mtech/sem 4/midesm presetation/riscv_aes_advancements/risc_aes_custom_ISA/journal_report_can_ids/github_full_validation_20261003/RTL/AES/Reusable/00_aes128_top.sv Line: 86
    Info (17048): Logic cell "mem_stage:u_mem_stage|aes_mmio:u_aes_mmio|aes128_lowpower:u_aes128_lowpower|AES128_updated_new:u_reusable_aes|state_after_shiftrows[54]" File: D:/mtech/sem 4/midesm presetation/riscv_aes_advancements/risc_aes_custom_ISA/journal_report_can_ids/github_full_validation_20261003/RTL/AES/Reusable/00_aes128_top.sv Line: 86
    Info (17048): Logic cell "mem_stage:u_mem_stage|aes_mmio:u_aes_mmio|aes128_lowpower:u_aes128_lowpower|AES128_updated_new:u_reusable_aes|state_after_shiftrows[89]" File: D:/mtech/sem 4/midesm presetation/riscv_aes_advancements/risc_aes_custom_ISA/journal_report_can_ids/github_full_validation_20261003/RTL/AES/Reusable/00_aes128_top.sv Line: 86
    Info (17048): Logic cell "mem_stage:u_mem_stage|aes_mmio:u_aes_mmio|aes128_lowpower:u_aes128_lowpower|AES128_updated_new:u_reusable_aes|state_after_shiftrows[121]" File: D:/mtech/sem 4/midesm presetation/riscv_aes_advancements/risc_aes_custom_ISA/journal_report_can_ids/github_full_validation_20261003/RTL/AES/Reusable/00_aes128_top.sv Line: 86
    Info (17048): Logic cell "mem_stage:u_mem_stage|aes_mmio:u_aes_mmio|aes128_lowpower:u_aes128_lowpower|AES128_updated_new:u_reusable_aes|state_after_shiftrows[57]" File: D:/mtech/sem 4/midesm presetation/riscv_aes_advancements/risc_aes_custom_ISA/journal_report_can_ids/github_full_validation_20261003/RTL/AES/Reusable/00_aes128_top.sv Line: 86
    Info (17048): Logic cell "mem_stage:u_mem_stage|aes_mmio:u_aes_mmio|aes128_lowpower:u_aes128_lowpower|AES128_updated_new:u_reusable_aes|state_after_shiftrows[88]" File: D:/mtech/sem 4/midesm presetation/riscv_aes_advancements/risc_aes_custom_ISA/journal_report_can_ids/github_full_validation_20261003/RTL/AES/Reusable/00_aes128_top.sv Line: 86
    Info (17048): Logic cell "mem_stage:u_mem_stage|aes_mmio:u_aes_mmio|aes128_lowpower:u_aes128_lowpower|AES128_updated_new:u_reusable_aes|state_after_shiftrows[120]" File: D:/mtech/sem 4/midesm presetation/riscv_aes_advancements/risc_aes_custom_ISA/journal_report_can_ids/github_full_validation_20261003/RTL/AES/Reusable/00_aes128_top.sv Line: 86
    Info (17048): Logic cell "mem_stage:u_mem_stage|aes_mmio:u_aes_mmio|aes128_lowpower:u_aes128_lowpower|AES128_updated_new:u_reusable_aes|state_after_shiftrows[56]" File: D:/mtech/sem 4/midesm presetation/riscv_aes_advancements/risc_aes_custom_ISA/journal_report_can_ids/github_full_validation_20261003/RTL/AES/Reusable/00_aes128_top.sv Line: 86
    Info (17048): Logic cell "mem_stage:u_mem_stage|aes_mmio:u_aes_mmio|aes128_lowpower:u_aes128_lowpower|AES128_updated_new:u_reusable_aes|state_after_shiftrows[92]" File: D:/mtech/sem 4/midesm presetation/riscv_aes_advancements/risc_aes_custom_ISA/journal_report_can_ids/github_full_validation_20261003/RTL/AES/Reusable/00_aes128_top.sv Line: 86
    Info (17048): Logic cell "mem_stage:u_mem_stage|aes_mmio:u_aes_mmio|aes128_lowpower:u_aes128_lowpower|AES128_updated_new:u_reusable_aes|state_after_shiftrows[124]" File: D:/mtech/sem 4/midesm presetation/riscv_aes_advancements/risc_aes_custom_ISA/journal_report_can_ids/github_full_validation_20261003/RTL/AES/Reusable/00_aes128_top.sv Line: 86
    Info (17048): Logic cell "mem_stage:u_mem_stage|aes_mmio:u_aes_mmio|aes128_lowpower:u_aes128_lowpower|AES128_updated_new:u_reusable_aes|state_after_shiftrows[60]" File: D:/mtech/sem 4/midesm presetation/riscv_aes_advancements/risc_aes_custom_ISA/journal_report_can_ids/github_full_validation_20261003/RTL/AES/Reusable/00_aes128_top.sv Line: 86
    Info (17048): Logic cell "mem_stage:u_mem_stage|aes_mmio:u_aes_mmio|aes128_lowpower:u_aes128_lowpower|AES128_updated_new:u_reusable_aes|state_after_shiftrows[91]" File: D:/mtech/sem 4/midesm presetation/riscv_aes_advancements/risc_aes_custom_ISA/journal_report_can_ids/github_full_validation_20261003/RTL/AES/Reusable/00_aes128_top.sv Line: 86
    Info (17048): Logic cell "mem_stage:u_mem_stage|aes_mmio:u_aes_mmio|aes128_lowpower:u_aes128_lowpower|AES128_updated_new:u_reusable_aes|state_after_shiftrows[123]" File: D:/mtech/sem 4/midesm presetation/riscv_aes_advancements/risc_aes_custom_ISA/journal_report_can_ids/github_full_validation_20261003/RTL/AES/Reusable/00_aes128_top.sv Line: 86
    Info (17048): Logic cell "mem_stage:u_mem_stage|aes_mmio:u_aes_mmio|aes128_lowpower:u_aes128_lowpower|AES128_updated_new:u_reusable_aes|state_after_shiftrows[59]" File: D:/mtech/sem 4/midesm presetation/riscv_aes_advancements/risc_aes_custom_ISA/journal_report_can_ids/github_full_validation_20261003/RTL/AES/Reusable/00_aes128_top.sv Line: 86
    Info (17048): Logic cell "mem_stage:u_mem_stage|aes_mmio:u_aes_mmio|aes128_lowpower:u_aes128_lowpower|AES128_updated_new:u_reusable_aes|state_after_shiftrows[90]" File: D:/mtech/sem 4/midesm presetation/riscv_aes_advancements/risc_aes_custom_ISA/journal_report_can_ids/github_full_validation_20261003/RTL/AES/Reusable/00_aes128_top.sv Line: 86
    Info (17048): Logic cell "mem_stage:u_mem_stage|aes_mmio:u_aes_mmio|aes128_lowpower:u_aes128_lowpower|AES128_updated_new:u_reusable_aes|state_after_shiftrows[122]" File: D:/mtech/sem 4/midesm presetation/riscv_aes_advancements/risc_aes_custom_ISA/journal_report_can_ids/github_full_validation_20261003/RTL/AES/Reusable/00_aes128_top.sv Line: 86
    Info (17048): Logic cell "mem_stage:u_mem_stage|aes_mmio:u_aes_mmio|aes128_lowpower:u_aes128_lowpower|AES128_updated_new:u_reusable_aes|state_after_shiftrows[58]" File: D:/mtech/sem 4/midesm presetation/riscv_aes_advancements/risc_aes_custom_ISA/journal_report_can_ids/github_full_validation_20261003/RTL/AES/Reusable/00_aes128_top.sv Line: 86
    Info (17048): Logic cell "mem_stage:u_mem_stage|aes_mmio:u_aes_mmio|aes128_lowpower:u_aes128_lowpower|AES128_updated_new:u_reusable_aes|state_after_shiftrows[95]" File: D:/mtech/sem 4/midesm presetation/riscv_aes_advancements/risc_aes_custom_ISA/journal_report_can_ids/github_full_validation_20261003/RTL/AES/Reusable/00_aes128_top.sv Line: 86
    Info (17048): Logic cell "mem_stage:u_mem_stage|aes_mmio:u_aes_mmio|aes128_lowpower:u_aes128_lowpower|AES128_updated_new:u_reusable_aes|state_after_shiftrows[127]" File: D:/mtech/sem 4/midesm presetation/riscv_aes_advancements/risc_aes_custom_ISA/journal_report_can_ids/github_full_validation_20261003/RTL/AES/Reusable/00_aes128_top.sv Line: 86
    Info (17048): Logic cell "mem_stage:u_mem_stage|aes_mmio:u_aes_mmio|aes128_lowpower:u_aes128_lowpower|AES128_updated_new:u_reusable_aes|state_after_shiftrows[63]" File: D:/mtech/sem 4/midesm presetation/riscv_aes_advancements/risc_aes_custom_ISA/journal_report_can_ids/github_full_validation_20261003/RTL/AES/Reusable/00_aes128_top.sv Line: 86
    Info (17048): Logic cell "mem_stage:u_mem_stage|aes_mmio:u_aes_mmio|aes128_lowpower:u_aes128_lowpower|AES128_updated_new:u_reusable_aes|state_after_shiftrows[94]" File: D:/mtech/sem 4/midesm presetation/riscv_aes_advancements/risc_aes_custom_ISA/journal_report_can_ids/github_full_validation_20261003/RTL/AES/Reusable/00_aes128_top.sv Line: 86
    Info (17048): Logic cell "mem_stage:u_mem_stage|aes_mmio:u_aes_mmio|aes128_lowpower:u_aes128_lowpower|AES128_updated_new:u_reusable_aes|state_after_shiftrows[126]" File: D:/mtech/sem 4/midesm presetation/riscv_aes_advancements/risc_aes_custom_ISA/journal_report_can_ids/github_full_validation_20261003/RTL/AES/Reusable/00_aes128_top.sv Line: 86
    Info (17048): Logic cell "mem_stage:u_mem_stage|aes_mmio:u_aes_mmio|aes128_lowpower:u_aes128_lowpower|AES128_updated_new:u_reusable_aes|state_after_shiftrows[62]" File: D:/mtech/sem 4/midesm presetation/riscv_aes_advancements/risc_aes_custom_ISA/journal_report_can_ids/github_full_validation_20261003/RTL/AES/Reusable/00_aes128_top.sv Line: 86
    Info (17048): Logic cell "mem_stage:u_mem_stage|aes_mmio:u_aes_mmio|aes128_lowpower:u_aes128_lowpower|AES128_updated_new:u_reusable_aes|state_after_shiftrows[93]" File: D:/mtech/sem 4/midesm presetation/riscv_aes_advancements/risc_aes_custom_ISA/journal_report_can_ids/github_full_validation_20261003/RTL/AES/Reusable/00_aes128_top.sv Line: 86
    Info (17048): Logic cell "mem_stage:u_mem_stage|aes_mmio:u_aes_mmio|aes128_lowpower:u_aes128_lowpower|AES128_updated_new:u_reusable_aes|state_after_shiftrows[125]" File: D:/mtech/sem 4/midesm presetation/riscv_aes_advancements/risc_aes_custom_ISA/journal_report_can_ids/github_full_validation_20261003/RTL/AES/Reusable/00_aes128_top.sv Line: 86
    Info (17048): Logic cell "mem_stage:u_mem_stage|aes_mmio:u_aes_mmio|aes128_lowpower:u_aes128_lowpower|AES128_updated_new:u_reusable_aes|state_after_shiftrows[61]" File: D:/mtech/sem 4/midesm presetation/riscv_aes_advancements/risc_aes_custom_ISA/journal_report_can_ids/github_full_validation_20261003/RTL/AES/Reusable/00_aes128_top.sv Line: 86
    Info (17048): Logic cell "mem_stage:u_mem_stage|canfd_secoc_mmio:u_canfd_secoc_mmio|aes128_lowpower:u_secoc_aes|AES128_updated_new:u_reusable_aes|state_after_shiftrows[38]" File: D:/mtech/sem 4/midesm presetation/riscv_aes_advancements/risc_aes_custom_ISA/journal_report_can_ids/github_full_validation_20261003/RTL/AES/Reusable/00_aes128_top.sv Line: 86
    Info (17048): Logic cell "mem_stage:u_mem_stage|canfd_secoc_mmio:u_canfd_secoc_mmio|aes128_lowpower:u_secoc_aes|AES128_updated_new:u_reusable_aes|state_after_shiftrows[6]" File: D:/mtech/sem 4/midesm presetation/riscv_aes_advancements/risc_aes_custom_ISA/journal_report_can_ids/github_full_validation_20261003/RTL/AES/Reusable/00_aes128_top.sv Line: 86
    Info (17048): Logic cell "mem_stage:u_mem_stage|canfd_secoc_mmio:u_canfd_secoc_mmio|aes128_lowpower:u_secoc_aes|AES128_updated_new:u_reusable_aes|state_after_shiftrows[53]" File: D:/mtech/sem 4/midesm presetation/riscv_aes_advancements/risc_aes_custom_ISA/journal_report_can_ids/github_full_validation_20261003/RTL/AES/Reusable/00_aes128_top.sv Line: 86
    Info (17048): Logic cell "mem_stage:u_mem_stage|canfd_secoc_mmio:u_canfd_secoc_mmio|aes128_lowpower:u_secoc_aes|AES128_updated_new:u_reusable_aes|state_after_shiftrows[21]" File: D:/mtech/sem 4/midesm presetation/riscv_aes_advancements/risc_aes_custom_ISA/journal_report_can_ids/github_full_validation_20261003/RTL/AES/Reusable/00_aes128_top.sv Line: 86
    Info (17048): Logic cell "mem_stage:u_mem_stage|canfd_secoc_mmio:u_canfd_secoc_mmio|aes128_lowpower:u_secoc_aes|AES128_updated_new:u_reusable_aes|state_after_shiftrows[46]" File: D:/mtech/sem 4/midesm presetation/riscv_aes_advancements/risc_aes_custom_ISA/journal_report_can_ids/github_full_validation_20261003/RTL/AES/Reusable/00_aes128_top.sv Line: 86
    Info (17048): Logic cell "mem_stage:u_mem_stage|canfd_secoc_mmio:u_canfd_secoc_mmio|aes128_lowpower:u_secoc_aes|AES128_updated_new:u_reusable_aes|state_after_shiftrows[14]" File: D:/mtech/sem 4/midesm presetation/riscv_aes_advancements/risc_aes_custom_ISA/journal_report_can_ids/github_full_validation_20261003/RTL/AES/Reusable/00_aes128_top.sv Line: 86
    Info (17048): Logic cell "mem_stage:u_mem_stage|canfd_secoc_mmio:u_canfd_secoc_mmio|aes128_lowpower:u_secoc_aes|AES128_updated_new:u_reusable_aes|state_after_shiftrows[54]" File: D:/mtech/sem 4/midesm presetation/riscv_aes_advancements/risc_aes_custom_ISA/journal_report_can_ids/github_full_validation_20261003/RTL/AES/Reusable/00_aes128_top.sv Line: 86
    Info (17048): Logic cell "mem_stage:u_mem_stage|canfd_secoc_mmio:u_canfd_secoc_mmio|aes128_lowpower:u_secoc_aes|AES128_updated_new:u_reusable_aes|state_after_shiftrows[22]" File: D:/mtech/sem 4/midesm presetation/riscv_aes_advancements/risc_aes_custom_ISA/journal_report_can_ids/github_full_validation_20261003/RTL/AES/Reusable/00_aes128_top.sv Line: 86
    Info (17048): Logic cell "mem_stage:u_mem_stage|canfd_secoc_mmio:u_canfd_secoc_mmio|aes128_lowpower:u_secoc_aes|AES128_updated_new:u_reusable_aes|state_after_shiftrows[61]" File: D:/mtech/sem 4/midesm presetation/riscv_aes_advancements/risc_aes_custom_ISA/journal_report_can_ids/github_full_validation_20261003/RTL/AES/Reusable/00_aes128_top.sv Line: 86
    Info (17048): Logic cell "mem_stage:u_mem_stage|canfd_secoc_mmio:u_canfd_secoc_mmio|aes128_lowpower:u_secoc_aes|AES128_updated_new:u_reusable_aes|state_after_shiftrows[29]" File: D:/mtech/sem 4/midesm presetation/riscv_aes_advancements/risc_aes_custom_ISA/journal_report_can_ids/github_full_validation_20261003/RTL/AES/Reusable/00_aes128_top.sv Line: 86
    Info (17048): Logic cell "mem_stage:u_mem_stage|canfd_secoc_mmio:u_canfd_secoc_mmio|aes128_lowpower:u_secoc_aes|AES128_updated_new:u_reusable_aes|state_after_shiftrows[55]" File: D:/mtech/sem 4/midesm presetation/riscv_aes_advancements/risc_aes_custom_ISA/journal_report_can_ids/github_full_validation_20261003/RTL/AES/Reusable/00_aes128_top.sv Line: 86
    Info (17048): Logic cell "mem_stage:u_mem_stage|canfd_secoc_mmio:u_canfd_secoc_mmio|aes128_lowpower:u_secoc_aes|AES128_updated_new:u_reusable_aes|state_after_shiftrows[23]" File: D:/mtech/sem 4/midesm presetation/riscv_aes_advancements/risc_aes_custom_ISA/journal_report_can_ids/github_full_validation_20261003/RTL/AES/Reusable/00_aes128_top.sv Line: 86
    Info (17048): Logic cell "mem_stage:u_mem_stage|canfd_secoc_mmio:u_canfd_secoc_mmio|aes128_lowpower:u_secoc_aes|AES128_updated_new:u_reusable_aes|state_after_shiftrows[39]" File: D:/mtech/sem 4/midesm presetation/riscv_aes_advancements/risc_aes_custom_ISA/journal_report_can_ids/github_full_validation_20261003/RTL/AES/Reusable/00_aes128_top.sv Line: 86
    Info (17048): Logic cell "mem_stage:u_mem_stage|canfd_secoc_mmio:u_canfd_secoc_mmio|aes128_lowpower:u_secoc_aes|AES128_updated_new:u_reusable_aes|state_after_shiftrows[7]" File: D:/mtech/sem 4/midesm presetation/riscv_aes_advancements/risc_aes_custom_ISA/journal_report_can_ids/github_full_validation_20261003/RTL/AES/Reusable/00_aes128_top.sv Line: 86
    Info (17048): Logic cell "mem_stage:u_mem_stage|canfd_secoc_mmio:u_canfd_secoc_mmio|aes128_lowpower:u_secoc_aes|AES128_updated_new:u_reusable_aes|state_after_shiftrows[47]" File: D:/mtech/sem 4/midesm presetation/riscv_aes_advancements/risc_aes_custom_ISA/journal_report_can_ids/github_full_validation_20261003/RTL/AES/Reusable/00_aes128_top.sv Line: 86
    Info (17048): Logic cell "mem_stage:u_mem_stage|canfd_secoc_mmio:u_canfd_secoc_mmio|aes128_lowpower:u_secoc_aes|AES128_updated_new:u_reusable_aes|state_after_shiftrows[15]" File: D:/mtech/sem 4/midesm presetation/riscv_aes_advancements/risc_aes_custom_ISA/journal_report_can_ids/github_full_validation_20261003/RTL/AES/Reusable/00_aes128_top.sv Line: 86
    Info (17048): Logic cell "mem_stage:u_mem_stage|canfd_secoc_mmio:u_canfd_secoc_mmio|aes128_lowpower:u_secoc_aes|AES128_updated_new:u_reusable_aes|state_after_shiftrows[62]" File: D:/mtech/sem 4/midesm presetation/riscv_aes_advancements/risc_aes_custom_ISA/journal_report_can_ids/github_full_validation_20261003/RTL/AES/Reusable/00_aes128_top.sv Line: 86
    Info (17048): Logic cell "mem_stage:u_mem_stage|canfd_secoc_mmio:u_canfd_secoc_mmio|aes128_lowpower:u_secoc_aes|AES128_updated_new:u_reusable_aes|state_after_shiftrows[30]" File: D:/mtech/sem 4/midesm presetation/riscv_aes_advancements/risc_aes_custom_ISA/journal_report_can_ids/github_full_validation_20261003/RTL/AES/Reusable/00_aes128_top.sv Line: 86
    Info (17048): Logic cell "mem_stage:u_mem_stage|canfd_secoc_mmio:u_canfd_secoc_mmio|aes128_lowpower:u_secoc_aes|AES128_updated_new:u_reusable_aes|state_after_shiftrows[63]" File: D:/mtech/sem 4/midesm presetation/riscv_aes_advancements/risc_aes_custom_ISA/journal_report_can_ids/github_full_validation_20261003/RTL/AES/Reusable/00_aes128_top.sv Line: 86
    Info (17048): Logic cell "mem_stage:u_mem_stage|canfd_secoc_mmio:u_canfd_secoc_mmio|aes128_lowpower:u_secoc_aes|AES128_updated_new:u_reusable_aes|state_after_shiftrows[31]" File: D:/mtech/sem 4/midesm presetation/riscv_aes_advancements/risc_aes_custom_ISA/journal_report_can_ids/github_full_validation_20261003/RTL/AES/Reusable/00_aes128_top.sv Line: 86
    Info (17048): Logic cell "mem_stage:u_mem_stage|canfd_secoc_mmio:u_canfd_secoc_mmio|aes128_lowpower:u_secoc_aes|AES128_updated_new:u_reusable_aes|state_after_shiftrows[59]" File: D:/mtech/sem 4/midesm presetation/riscv_aes_advancements/risc_aes_custom_ISA/journal_report_can_ids/github_full_validation_20261003/RTL/AES/Reusable/00_aes128_top.sv Line: 86
    Info (17048): Logic cell "mem_stage:u_mem_stage|canfd_secoc_mmio:u_canfd_secoc_mmio|aes128_lowpower:u_secoc_aes|AES128_updated_new:u_reusable_aes|state_after_shiftrows[27]" File: D:/mtech/sem 4/midesm presetation/riscv_aes_advancements/risc_aes_custom_ISA/journal_report_can_ids/github_full_validation_20261003/RTL/AES/Reusable/00_aes128_top.sv Line: 86
    Info (17048): Logic cell "mem_stage:u_mem_stage|canfd_secoc_mmio:u_canfd_secoc_mmio|aes128_lowpower:u_secoc_aes|AES128_updated_new:u_reusable_aes|state_after_shiftrows[52]" File: D:/mtech/sem 4/midesm presetation/riscv_aes_advancements/risc_aes_custom_ISA/journal_report_can_ids/github_full_validation_20261003/RTL/AES/Reusable/00_aes128_top.sv Line: 86
    Info (17048): Logic cell "mem_stage:u_mem_stage|canfd_secoc_mmio:u_canfd_secoc_mmio|aes128_lowpower:u_secoc_aes|AES128_updated_new:u_reusable_aes|state_after_shiftrows[20]" File: D:/mtech/sem 4/midesm presetation/riscv_aes_advancements/risc_aes_custom_ISA/journal_report_can_ids/github_full_validation_20261003/RTL/AES/Reusable/00_aes128_top.sv Line: 86
    Info (17048): Logic cell "mem_stage:u_mem_stage|canfd_secoc_mmio:u_canfd_secoc_mmio|aes128_lowpower:u_secoc_aes|AES128_updated_new:u_reusable_aes|state_after_shiftrows[51]" File: D:/mtech/sem 4/midesm presetation/riscv_aes_advancements/risc_aes_custom_ISA/journal_report_can_ids/github_full_validation_20261003/RTL/AES/Reusable/00_aes128_top.sv Line: 86
    Info (17048): Logic cell "mem_stage:u_mem_stage|canfd_secoc_mmio:u_canfd_secoc_mmio|aes128_lowpower:u_secoc_aes|AES128_updated_new:u_reusable_aes|state_after_shiftrows[19]" File: D:/mtech/sem 4/midesm presetation/riscv_aes_advancements/risc_aes_custom_ISA/journal_report_can_ids/github_full_validation_20261003/RTL/AES/Reusable/00_aes128_top.sv Line: 86
    Info (17048): Logic cell "mem_stage:u_mem_stage|canfd_secoc_mmio:u_canfd_secoc_mmio|aes128_lowpower:u_secoc_aes|AES128_updated_new:u_reusable_aes|state_after_shiftrows[36]" File: D:/mtech/sem 4/midesm presetation/riscv_aes_advancements/risc_aes_custom_ISA/journal_report_can_ids/github_full_validation_20261003/RTL/AES/Reusable/00_aes128_top.sv Line: 86
    Info (17048): Logic cell "mem_stage:u_mem_stage|canfd_secoc_mmio:u_canfd_secoc_mmio|aes128_lowpower:u_secoc_aes|AES128_updated_new:u_reusable_aes|state_after_shiftrows[4]" File: D:/mtech/sem 4/midesm presetation/riscv_aes_advancements/risc_aes_custom_ISA/journal_report_can_ids/github_full_validation_20261003/RTL/AES/Reusable/00_aes128_top.sv Line: 86
    Info (17048): Logic cell "mem_stage:u_mem_stage|canfd_secoc_mmio:u_canfd_secoc_mmio|aes128_lowpower:u_secoc_aes|AES128_updated_new:u_reusable_aes|state_after_shiftrows[44]" File: D:/mtech/sem 4/midesm presetation/riscv_aes_advancements/risc_aes_custom_ISA/journal_report_can_ids/github_full_validation_20261003/RTL/AES/Reusable/00_aes128_top.sv Line: 86
    Info (17048): Logic cell "mem_stage:u_mem_stage|canfd_secoc_mmio:u_canfd_secoc_mmio|aes128_lowpower:u_secoc_aes|AES128_updated_new:u_reusable_aes|state_after_shiftrows[12]" File: D:/mtech/sem 4/midesm presetation/riscv_aes_advancements/risc_aes_custom_ISA/journal_report_can_ids/github_full_validation_20261003/RTL/AES/Reusable/00_aes128_top.sv Line: 86
    Info (17048): Logic cell "mem_stage:u_mem_stage|canfd_secoc_mmio:u_canfd_secoc_mmio|aes128_lowpower:u_secoc_aes|AES128_updated_new:u_reusable_aes|state_after_shiftrows[37]" File: D:/mtech/sem 4/midesm presetation/riscv_aes_advancements/risc_aes_custom_ISA/journal_report_can_ids/github_full_validation_20261003/RTL/AES/Reusable/00_aes128_top.sv Line: 86
    Info (17048): Logic cell "mem_stage:u_mem_stage|canfd_secoc_mmio:u_canfd_secoc_mmio|aes128_lowpower:u_secoc_aes|AES128_updated_new:u_reusable_aes|state_after_shiftrows[5]" File: D:/mtech/sem 4/midesm presetation/riscv_aes_advancements/risc_aes_custom_ISA/journal_report_can_ids/github_full_validation_20261003/RTL/AES/Reusable/00_aes128_top.sv Line: 86
    Info (17048): Logic cell "mem_stage:u_mem_stage|canfd_secoc_mmio:u_canfd_secoc_mmio|aes128_lowpower:u_secoc_aes|AES128_updated_new:u_reusable_aes|state_after_shiftrows[45]" File: D:/mtech/sem 4/midesm presetation/riscv_aes_advancements/risc_aes_custom_ISA/journal_report_can_ids/github_full_validation_20261003/RTL/AES/Reusable/00_aes128_top.sv Line: 86
    Info (17048): Logic cell "mem_stage:u_mem_stage|canfd_secoc_mmio:u_canfd_secoc_mmio|aes128_lowpower:u_secoc_aes|AES128_updated_new:u_reusable_aes|state_after_shiftrows[13]" File: D:/mtech/sem 4/midesm presetation/riscv_aes_advancements/risc_aes_custom_ISA/journal_report_can_ids/github_full_validation_20261003/RTL/AES/Reusable/00_aes128_top.sv Line: 86
    Info (17048): Logic cell "mem_stage:u_mem_stage|canfd_secoc_mmio:u_canfd_secoc_mmio|aes128_lowpower:u_secoc_aes|AES128_updated_new:u_reusable_aes|state_after_shiftrows[60]" File: D:/mtech/sem 4/midesm presetation/riscv_aes_advancements/risc_aes_custom_ISA/journal_report_can_ids/github_full_validation_20261003/RTL/AES/Reusable/00_aes128_top.sv Line: 86
    Info (17048): Logic cell "mem_stage:u_mem_stage|canfd_secoc_mmio:u_canfd_secoc_mmio|aes128_lowpower:u_secoc_aes|AES128_updated_new:u_reusable_aes|state_after_shiftrows[28]" File: D:/mtech/sem 4/midesm presetation/riscv_aes_advancements/risc_aes_custom_ISA/journal_report_can_ids/github_full_validation_20261003/RTL/AES/Reusable/00_aes128_top.sv Line: 86
    Info (17048): Logic cell "mem_stage:u_mem_stage|canfd_secoc_mmio:u_canfd_secoc_mmio|aes128_lowpower:u_secoc_aes|AES128_updated_new:u_reusable_aes|state_after_shiftrows[32]" File: D:/mtech/sem 4/midesm presetation/riscv_aes_advancements/risc_aes_custom_ISA/journal_report_can_ids/github_full_validation_20261003/RTL/AES/Reusable/00_aes128_top.sv Line: 86
    Info (17048): Logic cell "mem_stage:u_mem_stage|canfd_secoc_mmio:u_canfd_secoc_mmio|aes128_lowpower:u_secoc_aes|AES128_updated_new:u_reusable_aes|state_after_shiftrows[0]" File: D:/mtech/sem 4/midesm presetation/riscv_aes_advancements/risc_aes_custom_ISA/journal_report_can_ids/github_full_validation_20261003/RTL/AES/Reusable/00_aes128_top.sv Line: 86
    Info (17048): Logic cell "mem_stage:u_mem_stage|canfd_secoc_mmio:u_canfd_secoc_mmio|aes128_lowpower:u_secoc_aes|AES128_updated_new:u_reusable_aes|state_after_shiftrows[40]" File: D:/mtech/sem 4/midesm presetation/riscv_aes_advancements/risc_aes_custom_ISA/journal_report_can_ids/github_full_validation_20261003/RTL/AES/Reusable/00_aes128_top.sv Line: 86
    Info (17048): Logic cell "mem_stage:u_mem_stage|canfd_secoc_mmio:u_canfd_secoc_mmio|aes128_lowpower:u_secoc_aes|AES128_updated_new:u_reusable_aes|state_after_shiftrows[8]" File: D:/mtech/sem 4/midesm presetation/riscv_aes_advancements/risc_aes_custom_ISA/journal_report_can_ids/github_full_validation_20261003/RTL/AES/Reusable/00_aes128_top.sv Line: 86
    Info (17048): Logic cell "mem_stage:u_mem_stage|canfd_secoc_mmio:u_canfd_secoc_mmio|aes128_lowpower:u_secoc_aes|AES128_updated_new:u_reusable_aes|state_after_shiftrows[48]" File: D:/mtech/sem 4/midesm presetation/riscv_aes_advancements/risc_aes_custom_ISA/journal_report_can_ids/github_full_validation_20261003/RTL/AES/Reusable/00_aes128_top.sv Line: 86
    Info (17048): Logic cell "mem_stage:u_mem_stage|canfd_secoc_mmio:u_canfd_secoc_mmio|aes128_lowpower:u_secoc_aes|AES128_updated_new:u_reusable_aes|state_after_shiftrows[16]" File: D:/mtech/sem 4/midesm presetation/riscv_aes_advancements/risc_aes_custom_ISA/journal_report_can_ids/github_full_validation_20261003/RTL/AES/Reusable/00_aes128_top.sv Line: 86
    Info (17048): Logic cell "mem_stage:u_mem_stage|canfd_secoc_mmio:u_canfd_secoc_mmio|aes128_lowpower:u_secoc_aes|AES128_updated_new:u_reusable_aes|state_after_shiftrows[50]" File: D:/mtech/sem 4/midesm presetation/riscv_aes_advancements/risc_aes_custom_ISA/journal_report_can_ids/github_full_validation_20261003/RTL/AES/Reusable/00_aes128_top.sv Line: 86
    Info (17048): Logic cell "mem_stage:u_mem_stage|canfd_secoc_mmio:u_canfd_secoc_mmio|aes128_lowpower:u_secoc_aes|AES128_updated_new:u_reusable_aes|state_after_shiftrows[18]" File: D:/mtech/sem 4/midesm presetation/riscv_aes_advancements/risc_aes_custom_ISA/journal_report_can_ids/github_full_validation_20261003/RTL/AES/Reusable/00_aes128_top.sv Line: 86
    Info (17048): Logic cell "mem_stage:u_mem_stage|canfd_secoc_mmio:u_canfd_secoc_mmio|aes128_lowpower:u_secoc_aes|AES128_updated_new:u_reusable_aes|state_after_shiftrows[58]" File: D:/mtech/sem 4/midesm presetation/riscv_aes_advancements/risc_aes_custom_ISA/journal_report_can_ids/github_full_validation_20261003/RTL/AES/Reusable/00_aes128_top.sv Line: 86
    Info (17048): Logic cell "mem_stage:u_mem_stage|canfd_secoc_mmio:u_canfd_secoc_mmio|aes128_lowpower:u_secoc_aes|AES128_updated_new:u_reusable_aes|state_after_shiftrows[26]" File: D:/mtech/sem 4/midesm presetation/riscv_aes_advancements/risc_aes_custom_ISA/journal_report_can_ids/github_full_validation_20261003/RTL/AES/Reusable/00_aes128_top.sv Line: 86
    Info (17048): Logic cell "mem_stage:u_mem_stage|canfd_secoc_mmio:u_canfd_secoc_mmio|aes128_lowpower:u_secoc_aes|AES128_updated_new:u_reusable_aes|state_after_shiftrows[43]" File: D:/mtech/sem 4/midesm presetation/riscv_aes_advancements/risc_aes_custom_ISA/journal_report_can_ids/github_full_validation_20261003/RTL/AES/Reusable/00_aes128_top.sv Line: 86
    Info (17048): Logic cell "mem_stage:u_mem_stage|canfd_secoc_mmio:u_canfd_secoc_mmio|aes128_lowpower:u_secoc_aes|AES128_updated_new:u_reusable_aes|state_after_shiftrows[11]" File: D:/mtech/sem 4/midesm presetation/riscv_aes_advancements/risc_aes_custom_ISA/journal_report_can_ids/github_full_validation_20261003/RTL/AES/Reusable/00_aes128_top.sv Line: 86
    Info (17048): Logic cell "mem_stage:u_mem_stage|canfd_secoc_mmio:u_canfd_secoc_mmio|aes128_lowpower:u_secoc_aes|AES128_updated_new:u_reusable_aes|state_after_shiftrows[35]" File: D:/mtech/sem 4/midesm presetation/riscv_aes_advancements/risc_aes_custom_ISA/journal_report_can_ids/github_full_validation_20261003/RTL/AES/Reusable/00_aes128_top.sv Line: 86
    Info (17048): Logic cell "mem_stage:u_mem_stage|canfd_secoc_mmio:u_canfd_secoc_mmio|aes128_lowpower:u_secoc_aes|AES128_updated_new:u_reusable_aes|state_after_shiftrows[3]" File: D:/mtech/sem 4/midesm presetation/riscv_aes_advancements/risc_aes_custom_ISA/journal_report_can_ids/github_full_validation_20261003/RTL/AES/Reusable/00_aes128_top.sv Line: 86
    Info (17048): Logic cell "mem_stage:u_mem_stage|canfd_secoc_mmio:u_canfd_secoc_mmio|aes128_lowpower:u_secoc_aes|AES128_updated_new:u_reusable_aes|state_after_shiftrows[56]" File: D:/mtech/sem 4/midesm presetation/riscv_aes_advancements/risc_aes_custom_ISA/journal_report_can_ids/github_full_validation_20261003/RTL/AES/Reusable/00_aes128_top.sv Line: 86
    Info (17048): Logic cell "mem_stage:u_mem_stage|canfd_secoc_mmio:u_canfd_secoc_mmio|aes128_lowpower:u_secoc_aes|AES128_updated_new:u_reusable_aes|state_after_shiftrows[24]" File: D:/mtech/sem 4/midesm presetation/riscv_aes_advancements/risc_aes_custom_ISA/journal_report_can_ids/github_full_validation_20261003/RTL/AES/Reusable/00_aes128_top.sv Line: 86
    Info (17048): Logic cell "mem_stage:u_mem_stage|canfd_secoc_mmio:u_canfd_secoc_mmio|aes128_lowpower:u_secoc_aes|AES128_updated_new:u_reusable_aes|state_after_shiftrows[33]" File: D:/mtech/sem 4/midesm presetation/riscv_aes_advancements/risc_aes_custom_ISA/journal_report_can_ids/github_full_validation_20261003/RTL/AES/Reusable/00_aes128_top.sv Line: 86
    Info (17048): Logic cell "mem_stage:u_mem_stage|canfd_secoc_mmio:u_canfd_secoc_mmio|aes128_lowpower:u_secoc_aes|AES128_updated_new:u_reusable_aes|state_after_shiftrows[1]" File: D:/mtech/sem 4/midesm presetation/riscv_aes_advancements/risc_aes_custom_ISA/journal_report_can_ids/github_full_validation_20261003/RTL/AES/Reusable/00_aes128_top.sv Line: 86
    Info (17048): Logic cell "mem_stage:u_mem_stage|canfd_secoc_mmio:u_canfd_secoc_mmio|aes128_lowpower:u_secoc_aes|AES128_updated_new:u_reusable_aes|state_after_shiftrows[41]" File: D:/mtech/sem 4/midesm presetation/riscv_aes_advancements/risc_aes_custom_ISA/journal_report_can_ids/github_full_validation_20261003/RTL/AES/Reusable/00_aes128_top.sv Line: 86
    Info (17048): Logic cell "mem_stage:u_mem_stage|canfd_secoc_mmio:u_canfd_secoc_mmio|aes128_lowpower:u_secoc_aes|AES128_updated_new:u_reusable_aes|state_after_shiftrows[9]" File: D:/mtech/sem 4/midesm presetation/riscv_aes_advancements/risc_aes_custom_ISA/journal_report_can_ids/github_full_validation_20261003/RTL/AES/Reusable/00_aes128_top.sv Line: 86
    Info (17048): Logic cell "mem_stage:u_mem_stage|canfd_secoc_mmio:u_canfd_secoc_mmio|aes128_lowpower:u_secoc_aes|AES128_updated_new:u_reusable_aes|state_after_shiftrows[49]" File: D:/mtech/sem 4/midesm presetation/riscv_aes_advancements/risc_aes_custom_ISA/journal_report_can_ids/github_full_validation_20261003/RTL/AES/Reusable/00_aes128_top.sv Line: 86
    Info (17048): Logic cell "mem_stage:u_mem_stage|canfd_secoc_mmio:u_canfd_secoc_mmio|aes128_lowpower:u_secoc_aes|AES128_updated_new:u_reusable_aes|state_after_shiftrows[17]" File: D:/mtech/sem 4/midesm presetation/riscv_aes_advancements/risc_aes_custom_ISA/journal_report_can_ids/github_full_validation_20261003/RTL/AES/Reusable/00_aes128_top.sv Line: 86
    Info (17048): Logic cell "mem_stage:u_mem_stage|canfd_secoc_mmio:u_canfd_secoc_mmio|aes128_lowpower:u_secoc_aes|AES128_updated_new:u_reusable_aes|state_after_shiftrows[57]" File: D:/mtech/sem 4/midesm presetation/riscv_aes_advancements/risc_aes_custom_ISA/journal_report_can_ids/github_full_validation_20261003/RTL/AES/Reusable/00_aes128_top.sv Line: 86
    Info (17048): Logic cell "mem_stage:u_mem_stage|canfd_secoc_mmio:u_canfd_secoc_mmio|aes128_lowpower:u_secoc_aes|AES128_updated_new:u_reusable_aes|state_after_shiftrows[25]" File: D:/mtech/sem 4/midesm presetation/riscv_aes_advancements/risc_aes_custom_ISA/journal_report_can_ids/github_full_validation_20261003/RTL/AES/Reusable/00_aes128_top.sv Line: 86
    Info (17048): Logic cell "mem_stage:u_mem_stage|canfd_secoc_mmio:u_canfd_secoc_mmio|aes128_lowpower:u_secoc_aes|AES128_updated_new:u_reusable_aes|state_after_shiftrows[34]" File: D:/mtech/sem 4/midesm presetation/riscv_aes_advancements/risc_aes_custom_ISA/journal_report_can_ids/github_full_validation_20261003/RTL/AES/Reusable/00_aes128_top.sv Line: 86
    Info (17048): Logic cell "mem_stage:u_mem_stage|canfd_secoc_mmio:u_canfd_secoc_mmio|aes128_lowpower:u_secoc_aes|AES128_updated_new:u_reusable_aes|state_after_shiftrows[2]" File: D:/mtech/sem 4/midesm presetation/riscv_aes_advancements/risc_aes_custom_ISA/journal_report_can_ids/github_full_validation_20261003/RTL/AES/Reusable/00_aes128_top.sv Line: 86
    Info (17048): Logic cell "mem_stage:u_mem_stage|canfd_secoc_mmio:u_canfd_secoc_mmio|aes128_lowpower:u_secoc_aes|AES128_updated_new:u_reusable_aes|state_after_shiftrows[42]" File: D:/mtech/sem 4/midesm presetation/riscv_aes_advancements/risc_aes_custom_ISA/journal_report_can_ids/github_full_validation_20261003/RTL/AES/Reusable/00_aes128_top.sv Line: 86
    Info (17048): Logic cell "mem_stage:u_mem_stage|canfd_secoc_mmio:u_canfd_secoc_mmio|aes128_lowpower:u_secoc_aes|AES128_updated_new:u_reusable_aes|state_after_shiftrows[10]" File: D:/mtech/sem 4/midesm presetation/riscv_aes_advancements/risc_aes_custom_ISA/journal_report_can_ids/github_full_validation_20261003/RTL/AES/Reusable/00_aes128_top.sv Line: 86
Info (144001): Generated suppressed messages file D:/mtech/sem 4/midesm presetation/riscv_aes_advancements/risc_aes_custom_ISA/journal_report_can_ids/github_full_validation_20261003/Build/Quartus/riscv_aes_advancements.map.smsg
Info (16010): Generating hard_block partition "hard_block:auto_generated_inst"
    Info (16011): Adding 0 node(s), including 0 DDIO, 0 PLL, 0 transceiver and 0 LCELL
Info (21057): Implemented 35447 device resources after synthesis - the final resource count might be different
    Info (21058): Implemented 3 input pins
    Info (21059): Implemented 104 output pins
    Info (21061): Implemented 35340 logic cells
Info: Quartus Prime Analysis & Synthesis was successful. 0 errors, 0 warnings
    Info: Peak virtual memory: 5123 megabytes
    Info: Processing ended: Sat Oct  3 19:25:22 2026
    Info: Elapsed time: 00:03:26
    Info: Total CPU time (on all processors): 00:00:54
